,method_name,short_method_class,err_var,err_var100,best_alter_scale
0,lag10y,42/1_Run_Means,0.0037050636520828744,0.005034724179685758,1.9961138376808867
1,lag5y,42/1_Run_Means,0.0031684919504246407,0.003318249047703534,1.4759295438332467
2,raw1y,42/1_Run_Means,0.009600412383369497,0.009145753675810574,0.8880922268770457
3,eROF_tot,43/3_Human_Induced,0.005460125703786237,0.004939893291497228,0.6172457524413155
4,eROF_anthro,43/3_Human_Induced,0.006244812709924075,0.006214134634122279,0.9910625765562497
5,KCC_human,43/3_Human_Induced,0.0067300855106317385,0.007295587787959702,1.0501964175619776
6,GWI_anthro,43/3_Human_Induced,0.0017536125839230903,0.0017536125839230903,0.4213947262715384
