level,method,year_cross,year_cross_sd,rate,rate_sd,rate_uncert_1sd,rate_window
0.5°C,FaIR_anthro_unB,1989.3341666666402,3.8690057181253246,0.1945210124759784,0.008458409425603927,0.009435852237319159,5.0
1.0°C,FaIR_anthro_unB,2012.5033333332858,2.933391681388257,0.26331504915650844,0.026547387243230452,0.027164488456842967,5.0
2024,FaIR_nonat_unB,1.3465886661825601,0.08531199661337632,0.3436187743419773,0.01315677171625496,0.018416987327746267,-15.0
2024,GWI_anthro_CGWL,1.3239455723644329,0.07213410452351449,0.32066206885286375,0.019708318998641772,0.03363105303584369,-15.0
2024,equal_weight_comb,1.3352671192734966,0.07632793119993421,0.3321404215974205,0.012858176558255014,0.02942303335210063,-15.0
2024,PIVW_comb,1.3403452079906646,0.07984177656792904,0.33728884292464634,0.011843394539912611,0.025726496708701634,-15.0
