level,method,year_cross,year_cross_sd,rate,rate_sd,rate_uncert_1sd,rate_window
-0.2°C,FaIR_anthro_unB,1989.784999999973,1.2289861049814266,0.18951139530020028,0.012512190778519623,0.013102262125840558,5.0
0.3°C,FaIR_anthro_unB,2013.391666666618,0.548119425491385,0.28171838730317483,0.005443741319414859,0.007244639084871407,5.0
2024,FaIR_nonat_unB,0.6354021981825602,0.0163575779068253,0.3436187743419492,0.013156771716257148,0.01841698732774785,-15.0
2024,GWI_anthro_CGWL,0.6127643745839098,0.05203558875775702,0.32066922984417184,0.019707833866721473,0.033630896290176064,-15.0
2024,equal_weight_comb,0.624083286383235,0.03275439312672885,0.33214400209306055,0.012857587098050712,0.029421546196463682,-15.0
2024,PIVW_comb,0.6291601931664202,0.0246790948500393,0.3372908174494062,0.011842983168857398,0.025725163389424165,-15.0
