method_name,method_class,c/r,smooth_r,avg_unc.(1se),#q<0.5,#q<0.1,q_min,q_small5,log-likeli,RMS,bias,tlog-l,100log-l,l05,l10,bias50,Edyrs2,Edyrs6,cross_err0.5,cross_err1.0,#yrs
EBMKF_ta2,43/2_Kalman,c,1.876,0.03888916026377481,0,0,0.8560053952395551,0.9882635340522162,2.145987432870534,0.027687437334943388,4.8622633595904376e-05,332.62805209493274,183.80933486463465,12.43249482375595,12.714985818498066,-0.005326711978962106,0.33333333334439885,0.6388888888877394,1985.1249999999864,2010.2083333333194,174
EBMKF_ta,43/2_Kalman,c,1.902,0.03921380067182637,0,0,0.8361876348348131,0.8361876348348131,2.091597002913034,0.02942037721998173,0.006941451714367243,324.19753545152025,175.75076278043719,10.114883307057514,10.226901687592592,0.013262659812632433,1.2499999999874944,1.222222222212963,1982.9583333333217,2009.2083333333203,174
EBMKF_ta4,43/2_Kalman,c,1.899,0.03016417503964916,42,3,0.012804573886418768,0.11717050311952916,1.944034127251796,0.03051572875404329,-0.007687494623519256,301.3252897240284,149.5822989106236,19.366024937146936,18.227877112605192,-0.0163861043071859,1.291666666676747,0.9999999999997348,1986.374999999985,2010.8749999999854,174
etrend15y,42/1_Run_Means,c,5.859,0.04900271911386541,34,2,0.028276530317240724,0.20175824431420575,1.3094687105554752,0.05883983859639042,-0.006128407307947178,197.72977529387674,121.20235429144633,4.75477040160673,8.504858390007726,-0.010534399521042407,2.7083333333423525,1.8333333333360744,1982.3749999999886,2012.9583333333171,161
lag5y,42/1_Run_Means,c,6.407,0.04398236916831011,54,11,0.0020162145421988367,0.030914294939285904,1.151378445758503,0.056289359122525466,-0.018023557195161292,178.46365909256798,91.43967192416586,7.946809538421196,2.489500558501718,-0.04483531313125001,3.791666666674587,2.5532407407496422,1982.5416666666551,2014.8749999999818,171
raw1y,42/1_Run_Means,c,32.863,0.11157882177550715,0,0,0.7528214198307532,0.9484708997735222,0.8856346763125925,0.09798169412379792,-0.00537672376290323,137.27337482845184,82.74721508794477,2.9719118893005674,3.950631491320962,-0.00889105423125001,3.052083333330529,3.256944444438284,1979.4583333333248,2009.5416666666533,175
lag10y,42/1_Run_Means,c,2.831,0.0353011549960663,97,34,2.526235052128819e-10,0.0008461047634791805,0.4559588076353926,0.06086923403561831,-0.03263084911129033,70.67361518348585,-41.48241864193769,3.355277650659977,0.02555483594773253,-0.08824497092625,4.375000000007503,4.541666666673753,1987.624999999984,2015.7916666666479,166
