method_name,method_class,c/r,smooth_r,avg_unc.(1se),#q<0.5,#q<0.1,q_min,q_small5,log-likeli,RMS,bias,tlog-l,100log-l,l05,l10,bias50,Edyrs2,Edyrs6
EBMKF_ta2,43/2_Kalman,c,1.877,0.03888916026377481,0,0,0.8560053952395551,0.9882635340522162,2.145984013546986,0.027687554254657406,4.948273037009807e-05,332.6275220997828,183.8088048694848,12.43249482375595,12.714985818498066,-0.005323379103962106,0.33333333334439885,0.6388888888877394
EBMKF_ta,43/2_Kalman,c,1.903,0.03921380067182637,0,0,0.8361876348348131,0.8361876348348131,2.09156684611638,0.029421364344346976,0.006942311811141435,324.1928611480389,175.74608847695586,10.114883307057514,10.226901687592592,0.013265992687632433,1.2499999999874944,1.222222222212963
EBMKF_ta3,43/2_Kalman,c,1.909,0.06552018361622308,0,0,0.997198381906071,0.997198381906071,1.7830287146998425,0.028632748296489104,0.004702478212130065,276.3694507784756,169.5219197016355,11.010538081685254,11.36807030883001,0.003008937886309132,0.3750000000111413,0.680555555554406
lag5y,42/1_Run_Means,c,6.409,0.04398062618722634,54,11,0.0020162145421988367,0.030914294939285904,1.1515244489827572,0.056287660491621136,-0.018022697098387098,178.48628959232735,91.46230242392525,7.946809538421196,2.489500558501718,-0.04483198025625,3.791666666674587,2.5532407407496422
raw1y,42/1_Run_Means,c,32.877,0.1116141019803759,0,0,0.7527761674575971,0.9499772368243653,0.8856410312288682,0.09798119623676635,-0.005375863666129036,137.27435984047457,82.7481011898104,2.9719229730492724,3.9506666749813424,-0.008887721356250008,3.052083333330529,3.256944444438284
lag10y,42/1_Run_Means,c,2.831,0.035299989664840464,97,34,2.6542327479518513e-10,0.0008461047634791805,0.4562716349801567,0.06086729783177992,-0.03262998901451612,70.72210342192429,-41.43393040349926,3.355277650659977,0.02555483594773253,-0.08824163805125,4.375000000007503,4.541666666673753
OLS_refit_CO2forc,43/4_Linear,c,2.556,0.023143616366172053,123,84,0.0,1.2300677793567031e-89,-53.51239047453207,0.08641862088715208,-0.018110525115075146,-7973.346180705278,-218.22849344914783,12.012984105679045,6.137133238859424,-0.0264811944758069,1.5416666666765195,1.55555555556532
cons_hArrh_CO2forc,43/4_Linear,c,1.845,0.09219496047677234,76,66,0.0,1.2300677793567031e-89,-53.90276853826506,0.10426075049501964,0.07524356420294089,-8031.512512201493,87.71582299720713,2.086299114533326,1.4996915120427126,0.06072667988280289,3.5833333333187056,3.222222222208037
