method_name,method_class,#q<0.5,log-likeli,RMS,bias,cross_year0.5,cross_year1.0,#yrs
EBMKF_ta2,44/2_Kalman,0,2.145987432870534,0.027687437334943388,4.8622633595904376e-05,1985.1249999999864,2010.2083333333194,174
EBMKF_ta,44/2_Kalman,0,2.091597002913034,0.02942037721998173,0.006941451714367243,1982.9583333333217,2009.2083333333203,174
EBMKF_ta4,44/2_Kalman,42,1.944034127251796,0.03051572875404329,-0.007687494623519256,1986.374999999985,2010.8749999999854,174
lag5y,43/1_Run_Means,54,1.151378445758503,0.056289359122525466,-0.018023557195161292,1982.5416666666551,2014.8749999999818,171
etrend15y,43/1_Run_Means,34,1.3094687105554752,0.05883983859639042,-0.006128407307947178,1982.3749999999886,2012.9583333333171,161
lag10y,43/1_Run_Means,97,0.4559588076353926,0.06086923403561831,-0.03263084911129033,1987.624999999984,2015.7916666666479,166
raw1y,43/1_Run_Means,0,0.8856346763125925,0.09798169412379792,-0.00537672376290323,1979.4583333333248,2009.5416666666533,175
