method_name,method_class,c/r,smooth_r,avg_unc.(1se),#q<0.5,#q<0.1,q_min,q_small5,log-likeli,RMS,bias,tlog-l,100log-l,l05,l10,bias50,Edyrs2,Edyrs6
removeGreensfx,42/6_Remove_IV,c,17.063,0.06,0,0,0.9841769195992005,0.9841769195992005,1.5564518655466488,0.0493330141960001,-0.0017034582418157427,241.25003915973056,139.78040811353253,5.5036992387807215,4.28199679370254,-0.0037763835779425145,1.4722222222095904,1.546296296288094
etrend15y,42/1_Run_Means,c,5.859,0.04900271911386541,34,2,0.028276530317240724,0.20175824431420575,1.3094687105554752,0.05883983859639042,-0.006128407307947178,197.72977529387674,121.20235429144633,4.75477040160673,8.504858390007726,-0.010534399521042407,2.7083333333423525,1.8333333333360744
lfca_hadcrut,42/6_Remove_IV,c,16.792,0.06705123209775664,0,0,0.7077319723364436,0.7704780802031586,1.2656014566540394,0.06830983429518346,-0.046478583916122,50.624058266161576,50.62405826616158,4.767074217945348,4.634553639312884,-0.046478583916122,2.8750000000088676,2.500000000003752
lag5y,42/1_Run_Means,c,6.407,0.04398236916831011,54,11,0.0020162145421988367,0.030914294939285904,1.151378445758503,0.056289359122525466,-0.018023557195161292,178.46365909256798,91.43967192416586,7.946809538421196,2.489500558501718,-0.04483531313125001,3.791666666674587,2.5532407407496422
lfca_SST,42/6_Remove_IV,c,18.726,0.0910491185819125,0,0,0.5467413375390475,0.5467413375390475,0.9235261416898872,0.0979976517955305,-0.05227889473670816,69.26446062674154,69.26446062674154,1.4351366508670589,1.2258124361842582,-0.09997470275224349,5.708333333339397,5.196759259265718
raw1y,42/1_Run_Means,c,32.863,0.11157882177550715,0,0,0.7528214198307532,0.9484708997735222,0.8856346763125925,0.09798169412379792,-0.00537672376290323,137.27337482845184,82.74721508794477,2.9719118893005674,3.950631491320962,-0.00889105423125001,3.052083333330529,3.256944444438284
lag10y,42/1_Run_Means,c,2.831,0.0353011549960663,97,34,2.526235052128819e-10,0.0008461047634791805,0.4559588076353926,0.06086923403561831,-0.03263084911129033,70.67361518348585,-41.48241864193769,3.355277650659977,0.02555483594773253,-0.08824497092625,4.375000000007503,4.541666666673753
removeMEI_cons,42/6_Remove_IV,c,23.629,0.08350979669544562,35,12,2.9531067146274145e-15,0.003827543107548865,0.18113563922223974,0.08188258505932003,0.005241000984265729,25.902396408780284,-25.748401267864416,6.416818001209317,4.928032882547533,-0.0049056375612500135,3.2638888888745896,3.2569444444322166
