method_name,method_class,c/r,smooth_r,avg_unc.(1se),#q<0.5,#q<0.1,q_min,q_small5,log-likeli,RMS,bias,tlog-l,100log-l,l05,l10,bias50,Edyrs2,Edyrs6
raw1y,42/1_Run_Means,c,33.924,0.11426555284542117,0,0,0.9654620171306835,0.9654620171306835,0.8302800753894328,0.10380966252553712,-0.00034014172652974177,191.794697414959,81.84672077925231,3.746118633166197,3.5128812294650205,0.007213982939720154,0,0
lag5y,42/1_Run_Means,c,6.123,0.041905628977013415,92,32,2.5342948971082786e-43,0.00021765557940266184,0.5170906908221751,0.062335009051846184,-0.02169216754989904,119.44794957992245,-45.84429448705736,5.511909653448135,6.383598401588224,-0.023545461893081664,0,0
EBMKF_ta2,43/2_Kalman,c,1.842,0.036384875248507316,154,87,0.005335721233904758,0.005335721233904758,0.42839671334902624,0.06424862730740696,0.003200132997204329,98.95964078362506,-67.55528779933249,12.954350652082725,10.048828642208765,0.05454399916592221,0,0
lag10y,42/1_Run_Means,c,3.168,0.03475016425744991,150,79,7.375792293300038e-11,1.7289398072025555e-05,0.0695908246618022,0.07064485443611669,-0.048212618691150254,16.07548049687631,-161.16793218221196,4.449469592553565,9.974729483375427,-0.06721885204315185,0,0
EBMKF_ta,43/2_Kalman,c,1.868,0.036690127861804575,161,103,2.899422435853831e-06,2.899422435853831e-06,-1.402629127865216,0.08771953570781703,0.027418307810576106,-324.0073285368649,-518.3122077659556,11.895784717911209,12.412362517776327,0.12334435397597474,0,0
EBMKF_uf,43/2_Kalman,c,3.242,0.036690148584112826,174,128,8.34252261706696e-10,9.708896503036249e-09,-2.9541146656395547,0.10447346691775844,0.028079489500651117,-682.4004877627372,-564.2971885674124,8.692248172732382,4.338437381202283,0.1233582014113395,0,0
