method_name,method_class,c/r,smooth_r,avg_unc.(1se),#q<0.5,#q<0.1,q_min,q_small5,log-likeli,RMS,bias,tlog-l,100log-l,l05,l10,bias50,Edyrs2,Edyrs6
raw1y,42/1_Run_Means,c,31.485,0.12460322862356919,0,0,0.9417296125723479,0.9417296125723479,0.723324770937814,0.11510766703558596,-0.0021178180033601095,167.08802208663502,58.998251622128514,3.396606841119395,3.2832785465784267,0.0021885156631469725,0,0
lag5y,42/1_Run_Means,c,5.869,0.048641042760556114,106,29,8.309257340785072e-41,0.00033797656303622076,0.4138868189801874,0.06936380976879554,-0.03126332091403927,95.6078551844233,-69.68438888255646,5.511909653448135,6.557959473028964,-0.06481390595436096,0,0
lag10y,42/1_Run_Means,c,3.12,0.04083036421215555,156,99,1.0040563321608855e-06,0.00010699362718254139,-0.14836945569094828,0.09482535556180136,-0.06610245018044902,-34.27334426460905,-211.51675694369732,4.449469592553565,9.676613542045908,-0.14439335763454436,0,0
EBMKF_ta,43/2_Kalman,c,0.349,0.03669691622783921,205,175,1.1142557232210173e-27,8.751152650241603e-27,-7.388531456312557,0.13949754961877606,0.02153446918864863,-1706.7507664082007,-1567.118325275947,4.371693069506128,0.9079364335764163,0.23237410921661308,0,0
EBMKF_ta2,43/2_Kalman,c,0.313,0.03669820563564302,193,159,6.670844465367238e-58,1.9675103661236567e-55,-15.211375503012073,0.18561536654332783,0.06190250372198761,-3513.827741195789,-3499.8957529367617,9.634361176053018,9.470022091558825,0.3566004808734462,0,0
