method_name,method_class,c/r,smooth_r,avg_unc.(1se),#q<0.5,#q<0.1,q_min,q_small5,log-likeli,RMS,bias,tlog-l,100log-l,100RMS,75RMS,100bias,bias50,xyear0.5,xyear1.0,xyear1.5
cent20y,42/1_Run_Means,r,1.0,0.03092403399623242,0,0,1.0,1.0,2.57082943877283,0.0,0.0,398.4785630097886,235.3169231930921,0.0,0.0,0.0,0.0,1985.2916666666545,2009.6249999999657,
GWI_anthro_CGWL,43/3_Human_Induced,c,2.4560183719195097,0.08410638572814602,0,0,0.9996366604968852,0.9996366604968852,1.4558465427170428,0.04558491905507549,0.010483587270468378,103.36510453291004,103.36510453291004,0.04558491905507549,0.04558491905507549,0.010483587270468378,0.031197250373658492,1982.6249999999902,2009.8749999999654,
GWI_anthro_SR15,43/3_Human_Induced,c,2.2309420538301272,0.07573101909832948,0,0,0.9959326184616994,0.9959326184616994,1.512667555688739,0.04474064216527601,0.008580088030140624,107.39939645390047,107.39939645390047,0.04474064216527601,0.04474064216527601,0.008580088030140624,0.020022864188642697,1984.7083333333217,2009.8749999999654,
GWI_anthro,43/3_Human_Induced,c,2.4228553864578544,0.07913109326231775,0,0,0.9953670823863165,0.9953670823863165,1.5016871098593825,0.04392196202895835,0.009306318120308398,106.61978480001615,106.61978480001616,0.04392196202895835,0.04392196202895836,0.0093063181203084,0.025058874074146135,1983.2916666666563,2010.2083333332985,
FaIR_nonat_unB,43/1_ERF_FaIR,c,4.754684629310845,0.027212714980755923,49,35,2.82191041482442e-22,2.3232538373170877e-21,-1053.8271888747186,0.3801655262509892,0.2327937972771245,-95898.2741875994,-95898.2741875994,0.3801655262509892,0.27621794840821395,0.2327937972771245,0.002241692890079527,1985.9583333333205,2010.5416666666315,
FaIR_anthro_unB,43/1_ERF_FaIR,c,4.482212953845155,0.024934159634033764,46,35,1.1804965604857707e-26,1.7964570356801763e-25,-1531.323933575002,0.3596125576173321,0.21659021795166714,-139350.4779553252,-139350.4779553252,0.35961255761733213,0.26237549553164236,0.21659021795166714,-0.006905749734538142,1985.8749999999873,2011.1249999999643,
