method_name,method_class,c/r,smooth_r,avg_unc.(1se),#q<0.5,#q<0.1,q_min,q_small5,log-likeli,RMS,bias,tlog-l,100log-l,100RMS,75RMS,100bias,bias50,xyear0.5,xyear1.0,xyear1.5
cent20y,42/1_Run_Means,r,1.0,0.02684086262375793,0,0,1.0,1.0,2.7108634764068054,0.0,0.0,420.18383884305484,244.64883540436676,0.0,0.0,0.0,0.0,1988.8749999999845,2015.1249999999607,
GWI_anthro_CGWL,43/3_Human_Induced,c,3.0024567181382102,0.08096304787078286,0,0,0.9712438451465317,0.9712438451465317,1.3750624506444848,0.04319079037670536,-0.008002635787466388,97.62943399575842,97.62943399575842,0.04319079037670536,0.04319079037670536,-0.008002635787466388,-0.03029112616773202,1989.7916666666504,2018.3749999999577,
GWI_anthro_SR15,43/3_Human_Induced,c,2.750562077141375,0.072562238569944,0,0,0.9959412451950151,0.9959412451950151,1.4027692041975637,0.048817731931709386,-0.0008523432648501813,99.59661349802703,99.59661349802703,0.048817731931709386,0.04881773193170939,-0.0008523432648501813,-0.02862036726619206,1989.7083333333171,2018.3749999999577,
GWI_anthro,43/3_Human_Induced,c,2.863413681330355,0.0757531663675108,0,0,0.9834111336814244,0.9834111336814244,1.3969744542941278,0.04613301622746641,-0.0028614628402158365,99.18518625488308,99.18518625488308,0.04613301622746641,0.04613301622746641,-0.0028614628402158365,-0.02807899512642709,1989.7083333333171,2018.2083333332912,
FaIR_nonat_unB,43/1_ERF_FaIR,c,2.4762607786323336,0.02830378000515867,17,0,0.46734397677793904,0.46734397677793904,1.9652655068092268,0.033285259215950685,0.02467759554450182,178.83916111963964,178.8391611196396,0.033285259215950685,0.03571446724713744,0.024677595544501822,0.02839179821850166,1988.8749999999845,2014.5416666666279,
FaIR_anthro_unB,43/1_ERF_FaIR,c,2.757714748306793,0.024068666217992554,38,11,0.029813150676404877,0.05979324726942773,0.17450267790538815,0.04542665950453041,0.0312611097554217,15.87974368939032,15.879743689390324,0.04542665950453041,0.05059892541701358,0.0312611097554217,0.04469127972567855,1987.374999999986,2014.3749999999613,
