method_name,method_class,c/r,smooth_r,avg_unc.(1se),#q<0.5,#q<0.1,q_min,q_small5,log-likeli,RMS,bias,tlog-l,100log-l,100RMS,75RMS,100bias,bias50,xyear0.5,xyear1.0,xyear1.5
cent20y,42/1_Run_Means,r,1.0,0.026081818000908828,0,0,1.0,1.0,2.7418421513632762,0.0,0.0,424.9855334613078,241.44541731397928,0.0,0.0,0.0,0.0,1988.9583333333114,,
lowess1dg20wnc,42/3_ST_Fits,c,3.356024570906188,0.037744507747514165,56,0,0.12920267825900125,0.12920267825900125,1.4868576643494231,0.045647627120662025,-0.013129104437973145,230.46293797416058,132.55298004040372,0.04806670970529121,0.04235452578384116,-0.015528160057925653,-0.0331973491924118,1989.6249999999775,2016.29166666662,
Kal_flexLin,42/5_Kalman,c,4.625200001710777,0.05317657451406971,0,0,0.99128662008326,0.99128662008326,1.692433943947038,0.0437956016232104,-0.008576322996211009,262.3272613117909,149.11152420204272,0.045970826675745494,0.03837118839203754,-0.010713817226857238,-0.023150041954942635,1989.2083333333112,2015.8749999999536,
GAM_AR1,42/4_GAM_AR1,c,7.976747268398829,0.03898761980119438,55,12,0.002350938793347254,0.053561074300283174,1.2181852170836915,0.05026794825253263,-0.01141458824268531,165.67318952338204,140.23027515585835,0.04832319134707898,0.04108392353910335,-0.010307948026892702,-0.02320258202273483,1987.9583333333123,2015.708333333287,
CGWL10y_sfUKCP,44/44_EarthModel_CGWL,c,6.555909525561341,0.050498211215580666,0,0,0.9177142857142858,0.9177142857142858,1.6234600465802813,0.04660659066031309,0.010061167675578303,237.02516680072108,142.13330611767577,0.046454437161900924,0.040735818104295926,0.003700143626991579,0.012588834177244162,1989.3749999999777,2015.7916666666204,
