method_name,method_class,c/r,smooth_r,avg_unc.(1se),#q<0.5,#q<0.1,q_min,q_small5,log-likeli,RMS,bias,tlog-l,100log-l,100RMS,75RMS,100bias,bias50,xyear0.5,xyear1.0,xyear1.5
cent20y,42/1_Run_Means,r,1.0,0.029219305738226974,0,0,1.0,1.0,2.6330503571087234,0.0,0.0,408.1228053518521,237.95147269358077,0.0,0.0,0.0,0.0,1975.5416666666633,2002.7083333333053,
GWI_anthro_CGWL,43/3_Human_Induced,c,2.698269520396013,0.07092613629272189,0,0,0.8324084650243787,0.8324084650243787,1.4053657996091162,0.05650924001997162,-0.04845412250267594,99.78097177224726,99.78097177224728,0.05650924001997162,0.05650924001997162,-0.048454122502675945,-0.04832882493521216,1980.1249999999925,2002.624999999972,
GWI_anthro_SR15,43/3_Human_Induced,c,2.4648269406591314,0.06597144480849038,0,0,0.93912915814621,0.93912915814621,1.5352761714780552,0.04861314378075107,-0.0367161592010866,109.00460817494192,109.00460817494195,0.04861314378075107,0.04861314378075107,-0.0367161592010866,-0.0384304301851704,1979.8749999999927,2001.5416666666397,
GWI_anthro,43/3_Human_Induced,c,2.520225768342347,0.06776844371480277,0,0,0.9179364413337293,0.9179364413337293,1.4960447120417257,0.050512643049203755,-0.040593332885804814,106.21917455496252,106.21917455496254,0.050512643049203755,0.050512643049203755,-0.040593332885804814,-0.04207454494120267,1979.8749999999927,2001.7916666666395,
FaIR_nonat_unB,43/1_ERF_FaIR,c,1.926709382453439,0.029255707407692556,56,0,0.16230677764565993,0.16230677764565993,1.41860132646636,0.045319219494825355,-0.028618040167933297,129.09272070843875,129.09272070843875,0.045319219494825355,0.04715914859428774,-0.028618040167933297,-0.01405721568042616,1978.4583333333273,2000.2916666666408,2022.4583333332873
