method_name,method_class,c/r,smooth_r,avg_unc.(1se),#q<0.5,#q<0.1,q_min,q_small5,log-likeli,RMS,bias,tlog-l,100log-l,100RMS,75RMS,100bias,bias50,xyear0.5,xyear1.0,xyear1.5
cent20y,42/1_Run_Means,r,1.0,0.03238589717495197,0,0,1.0,1.0,2.5236008164071793,0.0,0.0,391.15812654311276,231.98492259216158,0.0,0.0,0.0,0.0,1985.6249999999875,2010.9583333332978,
GWI_anthro_CGWL,43/3_Human_Induced,c,2.4246298134008675,0.08506022750898885,0,0,0.9890397154584053,0.9890397154584053,1.4535153467447224,0.043536474461099546,0.01323775350473847,103.1995896188753,103.19958961887528,0.04353647446109954,0.04353647446109954,0.01323775350473847,0.03294412617629051,1983.6249999999893,2012.0416666666301,
GWI_anthro_SR15,43/3_Human_Induced,c,2.212876932615571,0.07671927981982704,0,0,0.9926834634083255,0.9926834634083255,1.5164733019304568,0.04161547654895839,0.012254026303741027,107.66960443706243,107.66960443706242,0.04161547654895839,0.04161547654895839,0.012254026303741027,0.022236096184569332,1985.6249999999875,2012.29166666663,
GWI_anthro,43/3_Human_Induced,c,2.355971001253188,0.08005544771705789,0,0,0.9983965799096747,0.9983965799096747,1.4979772620634548,0.04145351222156157,0.012861788740672482,106.3563856065053,106.35638560650528,0.04145351222156157,0.04145351222156157,0.012861788740672482,0.02723551427706963,1984.2916666666554,2012.29166666663,
FaIR_nonat_unB,43/1_ERF_FaIR,c,1.7835791115566455,0.025098350736075112,4,0,0.47221589262018715,0.7165354330708661,2.217831253333736,0.026776089987018057,-0.0007344921863787689,201.82264405337,201.82264405337003,0.026776089987018057,0.02268637153858107,-0.0007344921863787682,-0.003528002881099033,1986.8749999999864,2011.7916666666304,
