method_name,method_class,c/r,smooth_r,avg_unc.(1se),#q<0.5,#q<0.1,q_min,q_small5,log-likeli,RMS,bias,tlog-l,100log-l,100RMS,75RMS,100bias,bias50,xyear0.5,xyear1.0,xyear1.5
cent20y,42/1_Run_Means,r,1.0,0.02896107765878639,0,0,1.0,1.0,2.638373789903914,0.0,0.0,408.94793743510667,239.41719930989376,0.0,0.0,0.0,0.0,1983.9583333333223,2011.1249999999643,
GWI_anthro_CGWL,43/3_Human_Induced,c,2.662793410519402,0.07193719050497975,0,0,0.6757777140872343,0.6757777140872343,1.1638201118134677,0.07741955339326884,-0.06056130904834055,82.6312279387562,82.63122793875621,0.07741955339326884,0.07741955339326884,-0.06056130904834056,-0.08993083119537147,1987.8749999999854,2016.4583333332928,
GWI_anthro_SR15,43/3_Human_Induced,c,2.415279976922421,0.0661667018149606,0,0,0.8753433571660939,0.8753433571660939,1.3321411076235437,0.06313316102882628,-0.042073757217712025,94.5820186412716,94.58201864127159,0.06313316102882628,0.06313316102882628,-0.04207375721771202,-0.07004581696830088,1987.2916666666526,2016.1249999999598,
GWI_anthro,43/3_Human_Induced,c,2.542329268830618,0.06823975342798531,0,0,0.7545916306167094,0.7545916306167094,1.2756648175009564,0.0680592983654872,-0.04813112827878516,90.57220204256791,90.57220204256791,0.0680592983654872,0.0680592983654872,-0.048131128278785164,-0.07733650793372537,1987.5416666666524,2016.208333333293,
FaIR_nonat_unB,43/1_ERF_FaIR,c,4.742299635501514,0.027899130211073053,61,43,1.7840538130483832e-22,5.478576935111517e-21,-1032.9737799094548,0.3827333208705528,0.23570300869420305,-94000.6139717604,-94000.6139717604,0.3827333208705528,0.28789599729765314,0.23570300869420302,0.00811294237135345,1984.2916666666554,2011.708333333297,
FaIR_anthro_unB,43/1_ERF_FaIR,c,4.749735662602042,0.024960907395453483,65,43,7.857880888373613e-30,9.633393007269695e-28,-1667.2952298626305,0.3595871954091244,0.2137623621661943,-151723.86591749938,-151723.86591749938,0.35958719540912437,0.2741359572147465,0.2137623621661943,-0.0069978917368259145,1984.9583333333214,2012.8749999999627,
