method_name,method_class,c/r,smooth_r,avg_unc.(1se),#q<0.5,#q<0.1,q_min,q_small5,log-likeli,RMS,bias,tlog-l,100log-l,100RMS,75RMS,100bias,bias50,xyear0.5,xyear1.0,xyear1.5
cent20y,42/1_Run_Means,r,1.0,0.027191023878349485,0,0,1.0,1.0,2.6979467149911573,0.0,0.0,418.18174082362935,244.06062297065824,0.0,0.0,0.0,0.0,1984.4583333333155,2010.7083333332916,
lowess1dg20wnc,42/3_ST_Fits,c,3.6244287910945885,0.16844411256096567,0,0,0.998104274495043,0.998104274495043,0.8271408284581111,0.04819600758943816,-0.012613656372280032,128.20682841100722,58.89606525376671,0.04738573288188094,0.04629367305160969,-0.014611678337693649,-0.04048894976354443,1987.0416666666465,2014.041666666622,
Kal_flexLin,42/5_Kalman,c,5.005830687636927,0.05317657451406971,0,0,0.8351721280871863,0.8351721280871863,1.6419423560292368,0.0466110578788916,-0.010884938345557964,254.50106518453168,153.78357582116547,0.0431691884175193,0.04318810154032204,-0.009815309424319405,-0.029214633458746402,1986.4583333333137,2014.2083333332885,
GAM_AR1,42/4_GAM_AR1,c,7.546865613666937,0.043874621695467325,34,4,0.0074884279388342,0.12339185183764009,1.2855723466390432,0.05359209478996369,-0.0065335156747725835,174.83783914290987,125.20778174694577,0.050273123406592665,0.04574183034308501,-0.014450295494038872,-0.03153902029250663,1986.541666666647,2014.041666666622,
CGWL10y_sfUKCP,44/44_EarthModel_CGWL,c,6.210071475263897,0.0503677346052662,0,0,0.861025641025641,0.861025641025641,1.5660588894056209,0.04606443926180982,-0.0002434583452523838,228.64459785322066,148.68027313921107,0.04131978664217644,0.04013412590109826,0.0023928695118771368,0.004907851035642595,1985.5416666666479,2013.2916666666226,
