method_name,method_class,c/r,smooth_r,avg_unc.(1se),#q<0.5,#q<0.1,q_min,q_small5,log-likeli,RMS,bias,tlog-l,100log-l,100RMS,75RMS,100bias,bias50,xyear0.5,xyear1.0,xyear1.5
cent20y,42/1_Run_Means,r,1.0,0.031692757581488984,0,0,1.0,1.0,2.546282626379493,0.0,0.0,394.6738070888214,233.70635131954043,0.0,0.0,0.0,0.0,1984.8749999999818,2010.4583333332919,
lowess1dg20wnc,42/3_ST_Fits,c,3.6885002988003066,0.18987851812514486,0,0,0.9987266945495621,0.9987266945495621,0.7037198149199022,0.05763206041719887,-0.013310756423878826,109.07657131258485,48.735836510757224,0.05680880206335952,0.0539601410861562,-0.013384117511828938,-0.03651661646517944,1987.2916666666463,2013.0416666666229,
Kal_flexLin,42/5_Kalman,c,5.265758230414099,0.05317657451406971,7,0,0.2909002708220604,0.2909002708220604,1.4703240202627779,0.05488333342800321,-0.009328738555273266,227.90022314073056,135.77677425509984,0.05316114715485872,0.046100114229843565,-0.00872515053328988,-0.023773253998145612,1986.7916666666467,2013.6249999999557,
GAM_AR1,42/4_GAM_AR1,c,4.896260011943257,0.05623564068492853,16,4,0.002292090715452532,0.11123303477743064,1.1313643204471542,0.0642331652904024,-0.008664124966793781,153.86554758081297,87.15276025950146,0.06879049631417286,0.054099965603134445,-0.019210105365238154,-0.03164038283395694,1987.0416666666465,2013.2083333332894,
CGWL10y_sfUKCP,44/44_EarthModel_CGWL,c,5.953809336036113,0.04992598056072189,0,0,0.9526241134751774,0.9526241134751774,1.7056941697698527,0.04242920135499412,0.0029756577811628237,249.0313487863985,151.1812133056805,0.04202081532333769,0.031306568107816166,-0.001508182424556338,0.0058349719611643465,1985.7916666666476,2009.7916666666258,
