method_name,method_class,c/r,smooth_r,avg_unc.(1se),#q<0.5,#q<0.1,q_min,q_small5,log-likeli,RMS,bias,tlog-l,100log-l,100RMS,75RMS,100bias,bias50,xyear0.5,xyear1.0,xyear1.5
cent20y,42/1_Run_Means,r,1.0,0.02923066795693619,0,0,1.0,1.0,2.626956500589366,0.0,0.0,407.1782575913517,238.2868414644597,0.0,0.0,0.0,0.0,1985.0416666666547,2010.2916666666317,
GWI_anthro_CGWL,43/3_Human_Induced,c,2.37936070048435,0.08375515944053179,0,0,0.8625875852546704,0.8625875852546704,1.2879335177357147,0.061550826929174136,-0.009509389775437208,91.44327975923575,91.44327975923575,0.061550826929174136,0.061550826929174136,-0.009509389775437206,0.02628832022080686,1985.2916666666545,2008.8749999999663,
GWI_anthro_SR15,43/3_Human_Induced,c,2.197470326301009,0.07573130537341531,0,0,0.9056566625503506,0.9056566625503506,1.3648054750656766,0.05794379564044501,-0.010110478293306016,96.90118872966305,96.90118872966303,0.05794379564044501,0.05794379564044501,-0.010110478293306016,0.014008631030371595,1986.124999999987,2009.2083333332994,
GWI_anthro,43/3_Human_Induced,c,2.383022409383448,0.07904467596502004,0,0,0.8389903175396383,0.8389903175396383,1.3499210102155115,0.05795320898831485,-0.009434745806326863,95.84439172530132,95.84439172530134,0.05795320898831486,0.05795320898831486,-0.00943474580632686,0.019531298412487772,1985.2083333333212,2009.6249999999657,
FaIR_nonat_unB,43/1_ERF_FaIR,c,5.138925561167903,0.027132097317844845,46,39,4.3927923759502505e-23,1.019721090440113e-19,-981.0897381124421,0.3735397219352571,0.23909475568469454,-89279.16616823223,-89279.16616823224,0.3735397219352571,0.27967652608708166,0.23909475568469454,0.01503994314571798,1985.2916666666545,2010.1249999999652,
FaIR_anthro_unB,43/1_ERF_FaIR,c,4.719936629033087,0.02410263681654667,65,45,6.567741956344066e-26,1.4475251181626236e-24,-1471.7163307512835,0.3607933937237526,0.24113578231630317,-133926.1860983668,-133926.1860983668,0.3607933937237525,0.2721190731164589,0.24113578231630317,0.02700621019663436,1984.0416666666556,2010.1249999999652,
