method_name,method_class,c/r,smooth_r,avg_unc.(1se),#q<0.5,#q<0.1,q_min,q_small5,log-likeli,RMS,bias,tlog-l,100log-l,100RMS,75RMS,100bias,bias50,xyear0.5,xyear1.0,xyear1.5
cent20y,42/1_Run_Means,r,1.0,0.03223074844056488,0,0,1.0,1.0,2.535632278082165,0.0,0.0,393.0230031027356,237.29329784348067,0.0,0.0,0.0,0.0,1990.6249999999766,,
lowess1dg20wnc,42/3_ST_Fits,c,4.000718681830876,0.0681405222207685,3,0,0.32560532543581344,0.5888846848773056,1.384611390858767,0.05867976610257203,-0.011196895162212023,214.6147655831089,143.6990536564789,0.0435026548042461,0.04333808948286304,-0.011695011207387565,-0.039814235988653295,1990.6249999999766,2016.29166666662,
Kal_flexLin,42/5_Kalman,c,5.640833575436165,0.05317657451406971,15,6,0.02604427784162157,0.07084192830997879,1.3886413922889904,0.058182246248110386,-0.008062121998876905,215.2394158047935,154.00191233301007,0.04303380010231896,0.04087731718246051,-0.008945085653726127,-0.02912369160689802,1989.791666666644,2015.7916666666204,
GAM_AR1,42/4_GAM_AR1,c,7.413430494222893,0.0665576674906456,13,0,0.18086718146799735,0.3415177520978167,1.190522681408842,0.0701968768809891,-0.0028667743207536384,161.91108467160254,140.36041242290588,0.04470791134858029,0.04276541025518221,-0.008655852759495,-0.034286667732167445,1989.8749999999773,2015.7916666666204,
CGWL10y_sfUKCP,44/44_EarthModel_CGWL,c,6.124952094647493,0.05067276428303411,0,0,0.9313793103448277,0.9313793103448277,1.6377774935887328,0.04521620757724345,0.008930429650265559,239.115514063955,146.02116779661225,0.04425491988458611,0.041070708936511956,0.004489477502836134,0.00822238196901324,1990.5416666666433,2015.7916666666204,
