method_name,method_class,c/r,smooth_r,avg_unc.(1se),#q<0.5,#q<0.1,q_min,q_small5,log-likeli,RMS,bias,tlog-l,100log-l,100RMS,75RMS,100bias,bias50,xyear0.5,xyear1.0,xyear1.5
cent20y,42/1_Run_Means,r,1.0,0.031165859884406302,0,0,1.0,1.0,2.56095758287824,0.0,0.0,396.94842534612724,231.92479667501283,0.0,0.0,0.0,0.0,1984.7083333333217,2010.374999999965,
GWI_anthro_CGWL,43/3_Human_Induced,c,2.4473786040815626,0.07945447893059576,0,0,0.9737345424780733,0.9737345424780733,1.469618739041583,0.04033723147602633,-0.016757738190007226,104.34293047195239,104.34293047195237,0.04033723147602633,0.04033723147602633,-0.016757738190007233,-0.0068555119847728795,1985.791666666654,2013.1249999999625,
GWI_anthro_SR15,43/3_Human_Induced,c,2.2642725550869827,0.07255663367186427,0,0,0.9867979490199952,0.9867979490199952,1.509451186649821,0.04510933107343236,-0.012879914642434286,107.17103425213729,107.17103425213728,0.04510933107343235,0.04510933107343235,-0.012879914642434286,-0.010764881664890478,1986.2083333333203,2013.2083333332957,
GWI_anthro,43/3_Human_Induced,c,2.3599086749873925,0.07530596693640049,0,0,0.9895714114232634,0.9895714114232634,1.516155552764123,0.04152270946423743,-0.013907044348966531,107.64704424625273,107.64704424625273,0.04152270946423743,0.04152270946423743,-0.013907044348966528,-0.008443683340426274,1985.6249999999875,2013.2083333332957,
FaIR_nonat_unB,43/1_ERF_FaIR,c,4.447853188213639,0.027104211175983356,44,35,3.675710463099422e-20,4.540155744818855e-20,-960.7106606582951,0.3648223476532681,0.22319520258691514,-87424.67011990485,-87424.67011990485,0.36482234765326815,0.27201701090380875,0.22319520258691514,-0.0008968386722999609,1985.7083333333208,2011.2083333332976,
