method_name,method_class,c/r,smooth_r,avg_unc.(1se),#q<0.5,#q<0.1,q_min,q_small5,log-likeli,RMS,bias,tlog-l,100log-l,100RMS,75RMS,100bias,bias50,xyear0.5,xyear1.0,xyear1.5
cent20y,42/1_Run_Means,r,1.0,0.03241209439376533,0,0,1.0,1.0,2.5255314198173333,0.0,0.0,391.4573700716867,233.60437116151542,0.0,0.0,0.0,0.0,1980.7083333333253,2006.7083333333017,
GWI_anthro_CGWL,43/3_Human_Induced,c,2.4526235388932562,0.09188587098925512,0,0,0.9165393968744949,0.9165393968744949,1.1280126240134396,0.08377383228836534,0.018456361980671455,80.08889630495422,80.08889630495422,0.08377383228836534,0.08377383228836534,0.018456361980671455,0.06544799909666081,1978.5416666666606,2002.958333333305,
GWI_anthro_SR15,43/3_Human_Induced,c,2.2337369286496798,0.08238814026243395,0,0,0.9908323463683251,0.9908323463683251,1.2557183374128653,0.07011294942663843,0.011868637482795283,89.15600195631343,89.15600195631343,0.07011294942663843,0.07011294942663843,0.01186863748279528,0.04796623221445756,1980.7083333333253,2001.7083333333062,
GWI_anthro,43/3_Human_Induced,c,2.4454074532674372,0.08628660015823458,0,0,0.9400067358762876,0.9400067358762876,1.2026526288103137,0.07556678751143985,0.014141757566821503,85.38833664553226,85.38833664553226,0.07556678751143985,0.07556678751143985,0.014141757566821503,0.055379771000327295,1979.958333333326,2000.8749999999736,
FaIR_nonat_unB,43/1_ERF_FaIR,c,1.7876522144173521,0.024337205612648592,59,1,0.0587910859254416,0.13942827644596983,0.8776050732168218,0.04630720308085791,-0.02721088979691125,79.86206166273078,79.8620616627308,0.0463072030808579,0.04285334943125182,-0.02721088979691125,-0.007996035470223184,1983.3749999999895,2008.2083333333003,
