method_name,method_class,c/r,smooth_r,avg_unc.(1se),#q<0.5,#q<0.1,q_min,q_small5,log-likeli,RMS,bias,tlog-l,100log-l,100RMS,75RMS,100bias,bias50,xyear0.5,xyear1.0,xyear1.5
cent20y,42/1_Run_Means,r,1.0,0.029292264577403276,0,0,1.0,1.0,2.6346493724977886,0.0,0.0,408.37065273715723,242.63390489521032,0.0,0.0,0.0,0.0,1977.041666666662,2005.1249999999698,
GWI_anthro_CGWL,43/3_Human_Induced,c,2.6081792317193346,0.07671784778314751,37,0,0.3367927850369414,0.3367927850369414,0.8192971727365703,0.10128099445082295,-0.07916102098649795,58.17009926429649,58.17009926429649,0.10128099445082295,0.10128099445082293,-0.07916102098649795,-0.12145037090981221,1985.0416666666547,2011.6249999999638,
GWI_anthro_SR15,43/3_Human_Induced,c,2.359866074562292,0.06956808878380727,11,0,0.3460347794697209,0.3460347794697209,1.0565620145114183,0.08117708817710559,-0.0564838340869458,75.0159030303107,75.01590303031071,0.08117708817710559,0.08117708817710559,-0.0564838340869458,-0.09469176132798873,1982.541666666657,2010.1249999999652,
GWI_anthro,43/3_Human_Induced,c,2.498625885581828,0.07221626988150164,26,0,0.3767074469710215,0.3767074469710215,0.9683931560426241,0.08859467220973354,-0.06398899269612819,68.75591407902631,68.7559140790263,0.08859467220973354,0.08859467220973354,-0.06398899269612819,-0.10474822341870876,1983.7916666666558,2010.8749999999645,
FaIR_nonat_unB,43/1_ERF_FaIR,c,1.7068679742576576,0.02792398921893017,64,0,0.11389949308467363,0.11389949308467363,1.2501579347540124,0.04884913096513529,-0.0296036827998194,113.76437206261512,113.76437206261512,0.04884913096513529,0.03945536516677168,-0.029603682799819404,0.0002645188555503417,1978.374999999994,2002.5416666666388,
