method_name,method_class,c/r,smooth_r,avg_unc.(1se),#q<0.5,#q<0.1,q_min,q_small5,log-likeli,RMS,bias,tlog-l,100log-l,100RMS,75RMS,100bias,bias50,xyear0.5,xyear1.0,xyear1.5
cent20y,42/1_Run_Means,r,1.0,0.031195781715020042,0,0,1.0,1.0,2.563304084080391,0.0,0.0,397.3121330324606,234.9284316417045,0.0,0.0,0.0,0.0,1988.708333333318,2013.8749999999618,
GWI_anthro_CGWL,43/3_Human_Induced,c,2.3351924842372624,0.0842961621404382,0,0,0.8485906795492437,0.8485906795492437,1.1708862765446197,0.07046747680145542,-0.026974886532126124,83.132925634668,83.13292563466797,0.07046747680145542,0.07046747680145542,-0.026974886532126124,0.01020195819722427,1988.708333333318,2014.5416666666279,
GWI_anthro_SR15,43/3_Human_Induced,c,2.1800237007627765,0.07692672392895614,0,0,0.8191352470257918,0.8191352470257918,1.2799045265252247,0.06459358929515227,-0.025875381056286104,90.87322138329095,90.87322138329097,0.06459358929515227,0.06459358929515227,-0.025875381056286104,-2.4313969068126914e-05,1989.2083333333176,2015.0416666666274,
GWI_anthro,43/3_Human_Induced,c,2.3656936071428993,0.07996875214298765,0,0,0.7982570016156989,0.7982570016156989,1.2529715445413718,0.06580622706738547,-0.025637892007745845,88.9609796624374,88.96097966243738,0.06580622706738547,0.06580622706738547,-0.025637892007745848,0.004858251920050361,1988.8749999999845,2014.7916666666276,
FaIR_nonat_unB,43/1_ERF_FaIR,c,2.0995393438884933,0.02602643422380557,51,20,0.016862409715343394,0.050027239501165534,-0.6661961368972007,0.0556488504633591,0.04014440966857596,-60.623848457645266,-60.623848457645266,0.0556488504633591,0.04705416343233618,0.04014440966857596,0.016531796678466347,1989.2916666666508,2013.7083333332953,
FaIR_anthro_unB,43/1_ERF_FaIR,c,2.067234470828641,0.023659215119991733,70,46,0.006323979970859941,0.006592356702629129,-4.399325977338177,0.06265633288499903,0.05293965994417237,-400.3386639377741,-400.3386639377742,0.06265633288499903,0.05838771365522295,0.052939659944172386,0.03351457592279389,1987.7916666666522,2013.4583333332955,
