method_name,method_class,c/r,smooth_r,avg_unc.(1se),#q<0.5,#q<0.1,q_min,q_small5,log-likeli,RMS,bias,tlog-l,100log-l,100RMS,75RMS,100bias,bias50,xyear0.5,xyear1.0,xyear1.5
cent20y,42/1_Run_Means,r,1.0,0.02740694285944874,0,0,1.0,1.0,2.6900114160367536,0.0,0.0,416.9517694856968,241.88267999909058,0.0,0.0,0.0,0.0,1984.4583333333155,2010.1249999999588,
lowess1dg20wnc,42/3_ST_Fits,c,3.639831870703827,0.17239053662493609,0,0,0.9957933254189293,0.9957933254189293,0.7848203408425659,0.04998349587297597,-0.015049234124433349,121.64715283059772,56.391188123413926,0.05028892858720975,0.051151162745911784,-0.015230848026877936,-0.045410210679966534,1987.0416666666465,2013.374999999956,
Kal_flexLin,42/5_Kalman,c,4.909976985913911,0.05317657451406971,0,0,0.9302382338639438,0.9302382338639438,1.657405965701322,0.04585497827227218,-0.011493768717695902,256.8979246837049,151.69896824074527,0.044441069413652515,0.04574908398227687,-0.010275173003636761,-0.032735997844047834,1986.4583333333137,2013.708333333289,
GAM_AR1,42/4_GAM_AR1,c,6.21964508597615,0.043537842232471646,24,4,0.0006488027902826703,0.10470657984645085,1.3144403128048143,0.05273014175612021,-0.006339325806666421,178.76388254145473,111.52973581656104,0.05321885349030041,0.04847238871532514,-0.015422059000117604,-0.03275716982595868,1986.3749999999804,2013.6249999999557,
CGWL10y_sfUKCP,44/44_EarthModel_CGWL,c,6.223498203059008,0.050325255083941645,0,0,0.8848484848484848,0.8848484848484848,1.6359958430197146,0.04371059791495136,-0.001101614019028055,238.85539308087832,154.7141873052173,0.03947074279177444,0.039196264151750614,0.001018013685642349,0.003834835524797434,1985.7083333333144,2009.9583333332923,
