method_name,method_class,c/r,smooth_r,avg_unc.(1se),#q<0.5,#q<0.1,q_min,q_small5,log-likeli,RMS,bias,tlog-l,100log-l,100RMS,75RMS,100bias,bias50,xyear0.5,xyear1.0,xyear1.5
cent20y,42/1_Run_Means,r,1.0,0.026861246074700234,0,0,1.0,1.0,2.710545636891389,0.0,0.0,420.1345737181653,243.59146423704183,0.0,0.0,0.0,0.0,1988.208333333312,,
lowess1dg20wnc,42/3_ST_Fits,c,3.5226708054119333,0.043103573278302186,51,0,0.3733903564225635,0.3733903564225635,1.4989416117201892,0.04840331509262697,-0.01204495324937988,232.33594981662932,135.9948145658773,0.04990104501972746,0.04950366592730485,-0.014997321294059833,-0.04060088613921516,1990.0416666666438,2015.7916666666204,
Kal_flexLin,42/5_Kalman,c,4.744874093404271,0.05317657451406971,0,0,0.8767362856749769,0.8767362856749769,1.6538467318167183,0.04601897024572892,-0.011074495653289065,256.34624343159135,152.30301318933357,0.04407630044734221,0.04452526125611144,-0.010006514510663724,-0.028580272954771592,1989.458333333311,2015.5416666666206,
GAM_AR1,42/4_GAM_AR1,c,7.550993492200389,0.04226595963599535,54,1,0.0309955901555253,0.1810828986002237,1.4167412081694646,0.04986103906391666,-0.0035110423299104915,192.6768043110472,137.39441709308198,0.04804060946118573,0.04617937914201559,-0.011547258606049339,-0.02633444030215388,1989.2916666666445,2015.4583333332873,
CGWL10y_sfUKCP,44/44_EarthModel_CGWL,c,6.2755828961223425,0.0504260225642112,0,0,0.8729896907216494,0.8729896907216494,1.5660748600481524,0.04637284806279616,0.0004199274707727837,228.64692956703027,150.171959417862,0.04144512153010236,0.04029812181134118,0.004259554668382278,0.005855653315200813,1989.7083333333107,2015.374999999954,
