method_name,method_class,c/r,smooth_r,avg_unc.(1se),#q<0.5,#q<0.1,q_min,q_small5,log-likeli,RMS,bias,tlog-l,100log-l,100RMS,75RMS,100bias,bias50,xyear0.5,xyear1.0,xyear1.5
cent20y,42/1_Run_Means,r,1.0,0.030415649241816875,0,0,1.0,1.0,2.584004043835646,0.0,0.0,400.5206267945251,233.8739813094101,0.0,0.0,0.0,0.0,1984.7083333333217,2009.7916666666322,
GWI_anthro_CGWL,43/3_Human_Induced,c,2.7449315986328497,0.08527089455222027,0,0,0.9555996420153258,0.9555996420153258,1.424154456375801,0.04507860084088239,-0.004032848466330721,101.11496640268187,101.11496640268186,0.04507860084088239,0.04507860084088239,-0.004032848466330721,0.01236707391328613,1983.2916666666563,2011.6249999999638,
GWI_anthro_SR15,43/3_Human_Induced,c,2.5086655883446976,0.07677658409645993,0,0,0.9357595427243018,0.9357595427243018,1.4558673112619513,0.04807786695455034,-0.004846254827935256,103.36657909959854,103.36657909959854,0.04807786695455034,0.04807786695455034,-0.004846254827935257,0.0009743981813651989,1985.2083333333212,2011.9583333332969,
GWI_anthro,43/3_Human_Induced,c,2.661097854718218,0.0802493616111999,0,0,0.9589803436750676,0.9589803436750676,1.4540686769332316,0.04595610485155402,-0.004177932199244496,103.23887606225945,103.23887606225944,0.04595610485155402,0.04595610485155402,-0.004177932199244496,0.006369383246938763,1983.874999999989,2012.0416666666301,
FaIR_nonat_unB,43/1_ERF_FaIR,c,4.598103118869301,0.02713830643853413,45,35,5.3212700859885345e-18,7.47169711819612e-18,-804.191385438436,0.33977485068647983,0.21397059908763535,-73181.41607489767,-73181.41607489766,0.33977485068647983,0.2586647120301678,0.21397059908763535,0.007776090094187893,1984.9583333333214,2010.708333333298,
