method_name,method_class,c/r,smooth_r,avg_unc.(1se),#q<0.5,#q<0.1,q_min,q_small5,log-likeli,RMS,bias,tlog-l,100log-l,100RMS,75RMS,100bias,bias50,xyear0.5,xyear1.0,xyear1.5
cent20y,42/1_Run_Means,r,1.0,0.02980179454426839,0,0,1.0,1.0,2.614802366400994,0.0,0.0,405.29436679215405,240.25588679409077,0.0,0.0,0.0,0.0,1984.8749999999882,2010.708333333298,
GWI_anthro_CGWL,43/3_Human_Induced,c,2.4765872392688024,0.08647026852750585,46,0,0.2725886042917537,0.2725886042917537,0.5229163338982471,0.12137200677779313,-0.0873459785761499,37.12705970677554,37.12705970677554,0.12137200677779313,0.12137200677779313,-0.08734597857614988,-0.14560339470993397,1993.0416666666474,2018.2916666666245,
GWI_anthro_SR15,43/3_Human_Induced,c,2.268967322329225,0.07686098473208518,37,0,0.25816514306250493,0.25816514306250493,0.752972615400788,0.09926033749784746,-0.062076276834065684,53.46105569345595,53.46105569345595,0.09926033749784746,0.09926033749784746,-0.062076276834065684,-0.1155759853542192,1990.7083333333162,2017.7083333332916,
GWI_anthro,43/3_Human_Induced,c,2.4793405678414615,0.08052140118619791,43,0,0.29924321491530653,0.29924321491530653,0.6554145909393859,0.10789569397194129,-0.07038133270258654,46.5344359566964,46.5344359566964,0.10789569397194128,0.10789569397194128,-0.07038133270258654,-0.12676653571615737,1990.8749999999827,2017.791666666625,
FaIR_nonat_unB,43/1_ERF_FaIR,c,4.495766030557904,0.025788484686693917,43,37,1.1439832836970227e-22,3.513862928069354e-21,-1006.5016053348572,0.36744697608890425,0.2244837497814368,-91591.646085472,-91591.64608547202,0.36744697608890425,0.28033479500702657,0.22448374978143681,-0.0029116375196519494,1986.0416666666538,2011.708333333297,
FaIR_anthro_unB,43/1_ERF_FaIR,c,4.538449251504223,0.024227232860051302,39,36,1.807460018469947e-27,3.7296354712515537e-25,-1361.5707053724077,0.34619871694644183,0.2095966380838027,-123902.9341888891,-123902.93418888909,0.3461987169464418,0.268527646806895,0.2095966380838027,-0.007478309270772303,1986.0416666666538,2011.7916666666304,
