method_name,method_class,c/r,smooth_r,avg_unc.(1se),#q<0.5,#q<0.1,q_min,q_small5,log-likeli,RMS,bias,tlog-l,100log-l,100RMS,75RMS,100bias,bias50,xyear0.5,xyear1.0,xyear1.5
cent20y,42/1_Run_Means,r,1.0,0.031049695581148045,0,0,1.0,1.0,2.5622963479875613,0.0,0.0,397.155933938072,234.21670903245786,0.0,0.0,0.0,0.0,1984.6249999999884,2010.5416666666315,
GWI_anthro_CGWL,43/3_Human_Induced,c,2.439833589653051,0.07839668904168896,0,0,0.9919399617288198,0.9919399617288198,1.527518983753747,0.038193651151945195,-0.0001172081167004272,108.45384784651604,108.45384784651604,0.038193651151945195,0.038193651151945195,-0.0001172081167004272,0.01288153256961631,1982.7916666666567,2013.624999999962,
GWI_anthro_SR15,43/3_Human_Induced,c,2.2229004059680886,0.0711993454330902,0,0,0.9926878623990543,0.9926878623990543,1.5862076445869777,0.039235508867353074,0.0023028030382599234,112.62074276567542,112.62074276567543,0.039235508867353074,0.039235508867353074,0.002302803038259923,0.008726312966746414,1984.458333333322,2013.3749999999623,
GWI_anthro,43/3_Human_Induced,c,2.2877342207153895,0.0740344208138431,0,0,0.9935473279919089,0.9935473279919089,1.5823894917102914,0.03728687572511236,0.001458117243290756,112.34965391143069,112.34965391143069,0.03728687572511237,0.03728687572511236,0.001458117243290756,0.010986435146244186,1983.3749999999895,2013.4583333332955,
FaIR_nonat_unB,43/1_ERF_FaIR,c,4.5195184997347315,0.027165813623481062,50,39,1.9076280973723703e-24,8.375109811823508e-21,-1088.1710292762866,0.3833865624936483,0.23538096370102166,-99023.56366414209,-99023.56366414213,0.3833865624936483,0.27247792132698134,0.23538096370102166,0.004515358870247126,1985.458333333321,2011.4583333332973,
FaIR_anthro_unB,43/1_ERF_FaIR,c,4.143230384705072,0.0247876342573436,46,36,1.6858131441575924e-30,1.612888514871348e-25,-1580.319505234432,0.3626668177150765,0.21856867710420388,-143809.0749763333,-143809.0749763333,0.3626668177150765,0.25829741057650063,0.21856867710420388,-0.0045008422652889485,1985.5416666666542,2012.0416666666301,
