method_name,method_class,c/r,smooth_r,avg_unc.(1se),#q<0.5,#q<0.1,q_min,q_small5,log-likeli,RMS,bias,tlog-l,100log-l,100RMS,75RMS,100bias,bias50,xyear0.5,xyear1.0,xyear1.5
cent20y,42/1_Run_Means,r,1.0,0.02998826221127695,0,0,1.0,1.0,2.599170391339223,0.0,0.0,402.87141065757953,237.0064668249709,0.0,0.0,0.0,0.0,1984.8749999999882,2010.5416666666315,
GWI_anthro_CGWL,43/3_Human_Induced,c,2.520118336743377,0.07887063088807794,0,0,0.9997469034351802,0.9997469034351802,1.3624072804803213,0.05614824547121016,-0.024956605689445063,96.73091691410282,96.7309169141028,0.05614824547121016,0.05614824547121017,-0.024956605689445063,-0.0015549913077510886,1982.9583333333233,2014.1249999999616,
GWI_anthro_SR15,43/3_Human_Induced,c,2.309896004015372,0.07269827626121245,0,0,0.9946593676042115,0.9946593676042115,1.5078625137396109,0.0471971872335728,-0.019653728460707766,107.05823847551237,107.05823847551238,0.0471971872335728,0.0471971872335728,-0.019653728460707766,-0.0023842420277120926,1984.5416666666551,2014.1249999999616,
GWI_anthro,43/3_Human_Induced,c,2.4482257197599964,0.07504693805485442,0,0,0.9675371100750766,0.9675371100750766,1.4629856535184422,0.0505659687731456,-0.02115786699201916,103.8719813998094,103.8719813998094,0.050565968773145606,0.050565968773145606,-0.02115786699201916,-0.0012481081929056398,1983.4583333333228,2014.1249999999616,
FaIR_nonat_unB,43/1_ERF_FaIR,c,4.297707008229221,0.027392679357445007,44,35,3.322390723974381e-17,4.266206087318959e-17,-750.6957964103093,0.3352826791808248,0.2113434402357001,-68313.31747333815,-68313.31747333815,0.3352826791808248,0.23897871172637106,0.2113434402357001,0.011990634723766632,1984.2083333333221,2011.2916666666308,
