method_name,method_class,c/r,smooth_r,avg_unc.(1se),#q<0.5,#q<0.1,q_min,q_small5,log-likeli,RMS,bias,tlog-l,100log-l,100RMS,75RMS,100bias,bias50,xyear0.5,xyear1.0,xyear1.5
cent20y,42/1_Run_Means,r,1.0,0.03261256842012127,0,0,1.0,1.0,2.5188383536597083,0.0,0.0,390.41994481725476,232.45632259777608,0.0,0.0,0.0,0.0,1984.7083333333153,2010.2916666666254,
lowess1dg20wnc,42/3_ST_Fits,c,4.306960924720137,0.18223579114634939,0,0,0.9996271133748398,0.9996271133748398,0.7492543674994561,0.05675136925394316,-0.013537205228387063,116.13442696241569,50.56180870534444,0.04615423717580574,0.043200661963929264,-0.011088352723072709,-0.03899044040615786,1987.208333333313,2013.6249999999557,
Kal_flexLin,42/5_Kalman,c,5.685221218614107,0.05317657451406971,19,4,0.027281592318509934,0.15506914144159967,1.3665009334503295,0.059211336031844315,-0.007044892394974758,211.8076446848011,146.87968162333573,0.0472505763916487,0.04100700042235803,-0.008233648618292465,-0.028360749219977367,1986.87499999998,2014.041666666622,
GAM_AR1,42/4_GAM_AR1,c,5.391295941946818,0.057152393693216265,12,1,0.040877334691128274,0.1180989690112891,1.3319931250744403,0.055118954330187,-0.0008005717600310331,181.1510650101239,139.22517525214232,0.048294548239376914,0.0452451323375731,-0.0072494507527343065,-0.03675928843633691,1987.0416666666465,2013.708333333289,
CGWL10y_sfUKCP,44/44_EarthModel_CGWL,c,6.20125043626837,0.05034722133028892,0,0,0.98,0.98,1.6703886524115041,0.045252084805278425,0.006066849986863045,243.8767432520796,149.29976737518967,0.04391527536128373,0.03805355533801614,-0.001592739120485461,0.005708827164697571,1985.9583333333142,2009.874999999959,
