method_name,method_class,c/r,smooth_r,avg_unc.(1se),#q<0.5,#q<0.1,q_min,q_small5,log-likeli,RMS,bias,tlog-l,100log-l,100RMS,75RMS,100bias,bias50,xyear0.5,xyear1.0,xyear1.5
cent20y,42/1_Run_Means,r,1.0,0.03015188434031753,0,0,1.0,1.0,2.593583172927422,0.0,0.0,402.0053918037504,236.9278522553392,0.0,0.0,0.0,0.0,1978.458333333321,2005.7916666666295,
lowess1dg20wnc,42/3_ST_Fits,c,3.82366698598599,0.05781203548561773,0,0,0.5921843468552989,0.6957432319470941,1.4596975272478532,0.05093816484629692,-0.015199244691383505,226.25311672341724,138.9115863568897,0.046008968249601184,0.04548446596271669,-0.011726150452693849,-0.03839302114040003,1980.8749999999854,2005.7083333332962,
Kal_flexLin,42/5_Kalman,c,4.987737605265424,0.05317657451406971,0,0,0.7842287243684417,0.7842287243684417,1.6265651906776857,0.04728352491475701,-0.010277407358220912,252.11760455504128,155.1503306021981,0.04231454642031449,0.04058201558172854,-0.007613331238753361,-0.02715197935148752,1980.0416666666529,2005.1249999999634,
GAM_AR1,42/4_GAM_AR1,c,6.428597290024411,0.05060466946428716,17,7,4.887418164552204e-05,0.009564342332784536,1.2160177608480094,0.059331024991692564,-0.010808193663419929,165.37841547532926,128.07897273539936,0.05041549680447752,0.04563982017785719,-0.009347004062491025,-0.03217294790042319,1980.374999999986,2005.3749999999632,
CGWL10y_sfUKCP,44/44_EarthModel_CGWL,c,6.371935877835844,0.050166276662099746,0,0,0.9650847457627119,0.9650847457627119,1.6853671834391644,0.04009845633325813,-0.0053165956619051985,246.063608782118,154.22827879421556,0.03848265417584241,0.03490447364100377,-0.005452805375066869,0.0010464180400562282,1979.3749999999868,2004.4583333332973,
