method_name,method_class,c/r,smooth_r,avg_unc.(1se),#q<0.5,#q<0.1,q_min,q_small5,log-likeli,RMS,bias,tlog-l,100log-l,100RMS,75RMS,100bias,bias50,xyear0.5,xyear1.0,xyear1.5
cent20y,42/1_Run_Means,r,1.0,0.02678425702160698,0,0,1.0,1.0,2.7119766881170326,0.0,0.0,420.3563866581401,244.58244437561646,0.0,0.0,0.0,0.0,1987.2916666666526,2013.4583333332955,
GWI_anthro_CGWL,43/3_Human_Induced,c,2.8115533253445513,0.07986427224589605,0,0,0.9886656993921199,0.9886656993921199,1.4699314176772489,0.03602235927246475,0.00222197008605868,104.36513065508467,104.36513065508464,0.03602235927246475,0.03602235927246475,0.0022219700860586803,-0.008738380856437989,1986.791666666653,2016.2916666666263,
GWI_anthro_SR15,43/3_Human_Induced,c,2.56003408976956,0.07189429733230665,0,0,0.9492923576467341,0.9492923576467341,1.4982832191512137,0.04195194499182002,0.0064563964408792095,106.37810855973616,106.37810855973616,0.04195194499182002,0.04195194499182003,0.0064563964408792095,-0.011129596103302252,1987.0416666666529,2016.4583333332928,
GWI_anthro,43/3_Human_Induced,c,2.661278430993019,0.07496370007279572,0,0,0.9854796097723161,0.9854796097723161,1.4919857775134644,0.039134889182768924,0.005330287800285166,105.93099020345598,105.93099020345596,0.039134889182768924,0.039134889182768924,0.005330287800285166,-0.009156652927282185,1986.7083333333198,2016.2916666666263,
FaIR_nonat_unB,43/1_ERF_FaIR,c,2.372776917497513,0.028146573534528655,8,0,0.45986920332936976,0.45986920332936976,2.0139714636371777,0.031002173266409905,0.018728635427084153,183.27140319098316,183.2714031909832,0.031002173266409905,0.03158588860596439,0.018728635427084153,0.026614243968098517,1987.1249999999861,2013.624999999962,
FaIR_anthro_unB,43/1_ERF_FaIR,c,2.3147844428739397,0.024062804716230384,31,0,0.14337753164536973,0.14337753164536973,1.498327367793867,0.0383879995015742,0.021611349585502107,136.34779046924191,136.34779046924191,0.0383879995015742,0.04025426751518545,0.02161134958550211,0.03571645380663611,1985.124999999988,2013.4583333332955,
