method_name,method_class,c/r,smooth_r,avg_unc.(1se),#q<0.5,#q<0.1,q_min,q_small5,log-likeli,RMS,bias,tlog-l,100log-l,100RMS,75RMS,100bias,bias50,xyear0.5,xyear1.0,xyear1.5
cent20y,42/1_Run_Means,r,1.0,0.029123404732913458,0,0,1.0,1.0,2.634434923865412,0.0,0.0,408.33741319913884,240.35018110939086,0.0,0.0,0.0,0.0,1971.8749999999936,2000.2083333333012,
lowess1dg20wnc,42/3_ST_Fits,c,3.758069349096384,0.06912307113381005,0,0,0.989231735327548,0.989231735327548,1.570583647244423,0.044625842379620875,-0.0035095321084948543,243.44046532288556,141.0294705732093,0.04058787841143457,0.04169873902572994,-0.015864177220589505,-0.029652438576464168,1977.791666666655,2001.0416666666338,2022.8749999999472
Kal_flexLin,42/5_Kalman,c,5.147464525426852,0.05317657451406971,0,0,0.8219698860126621,0.8219698860126621,1.6551910385586737,0.04618263544681454,-0.010596002155697658,256.5546109765944,158.6989809587236,0.04001040653616415,0.039901146780497866,-0.011962105699499917,-0.020694967453911074,1977.0416666666556,2001.0416666666338,2022.6249999999475
GAM_AR1,42/4_GAM_AR1,c,4.759201713802363,0.0411883212187361,29,20,3.2479326130723703e-09,6.3547341138548145e-06,0.6545150689232108,0.06648299424641804,-0.017552789351517217,89.01404937355666,38.34098606939628,0.05783259593397964,0.06502644974805205,-0.03268858982973176,-0.059037684679975146,1976.874999999989,2001.124999999967,2022.791666666614
CGWL10y_sfUKCP,44/44_EarthModel_CGWL,c,6.561702671767084,0.05053246667788875,0,0,0.929090909090909,0.929090909090909,1.5861797914818345,0.04586695964535488,-0.015561875083447543,231.58224955634785,151.18524733972828,0.04036488722936047,0.0401625655685328,-0.01099908307985518,-0.002012969808359151,1972.1249999999934,1997.208333333304,2022.0416666666147
