method_name,method_class,c/r,smooth_r,avg_unc.(1se),#q<0.5,#q<0.1,q_min,q_small5,log-likeli,RMS,bias,tlog-l,100log-l,100RMS,75RMS,100bias,bias50,xyear0.5,xyear1.0,xyear1.5
cent20y,42/1_Run_Means,r,1.0,0.03224894241452354,0,0,1.0,1.0,2.530616671113163,0.0,0.0,392.24558402254024,233.04785374889622,0.0,0.0,0.0,0.0,1985.0416666666483,2010.4583333332919,
lowess1dg20wnc,42/3_ST_Fits,c,3.842068733918623,0.19630179433082492,0,0,0.9985922798508717,0.9985922798508717,0.6614463514950425,0.06173930481808654,-0.014853135846453166,102.52418448173158,44.35266592782887,0.04737533701923941,0.04295373952074654,-0.009088381702276018,-0.038217199116575375,1987.541666666646,2013.1249999999561,
Kal_flexLin,42/5_Kalman,c,5.2748855437192725,0.05317657451406971,20,1,0.06519566010545158,0.21594993545138014,1.3893579489898515,0.0584616064397274,-0.006763534343203974,215.350482093427,144.9979007879133,0.048303260438098176,0.04033015665899379,-0.006831518522465123,-0.027506210976347395,1987.1249999999798,2013.6249999999557,
GAM_AR1,42/4_GAM_AR1,c,7.1300713434298295,0.06355054433581367,5,3,0.0033627492106417635,0.21467354068620229,1.170904676288454,0.06642698107781239,-0.006014972483573225,159.24303597522976,131.20533555381354,0.0548530327262602,0.0402472416046806,-0.006772254165511946,-0.029419778956502073,1987.0416666666465,2013.4583333332891,
CGWL10y_sfUKCP,44/44_EarthModel_CGWL,c,6.60116022454695,0.05088708088282616,0,0,0.9062068965517242,0.9062068965517242,1.6379979152437154,0.0449730770724441,0.003289927173634852,239.14769562558246,142.98497107518705,0.04683812218430163,0.039047430977512454,-0.00374342379636551,0.005059155366067891,1986.4583333333137,2009.6249999999593,
