method_name,method_class,c/r,smooth_r,avg_unc.(1se),#q<0.5,#q<0.1,q_min,q_small5,log-likeli,RMS,bias,tlog-l,100log-l,100RMS,75RMS,100bias,bias50,xyear0.5,xyear1.0,xyear1.5
cent20y,42/1_Run_Means,r,1.0,0.028539211291600294,0,0,1.0,1.0,2.650731056948727,0.0,0.0,410.8633138270527,240.28669394317896,0.0,0.0,0.0,0.0,1992.0416666666483,2016.7916666666258,
GWI_anthro_CGWL,43/3_Human_Induced,c,2.5092023992779535,0.08518483008503144,0,0,0.8001292603028526,0.8001292603028526,1.3078509850619318,0.06313112831687162,0.01646702698319664,92.85741993939716,92.85741993939715,0.06313112831687162,0.06313112831687162,0.016467026983196638,0.05410243383993562,1987.2916666666526,2015.541666666627,
GWI_anthro_SR15,43/3_Human_Induced,c,2.3345704680549493,0.07593128779847187,0,0,0.9780038507864273,0.9780038507864273,1.3777121711146487,0.058547979281908046,0.013950852233288664,97.81756414914005,97.81756414914007,0.05854797928190805,0.058547979281908046,0.013950852233288664,0.038327609709814546,1987.8749999999854,2015.9583333332932,
GWI_anthro,43/3_Human_Induced,c,2.486649531760863,0.07982073874271432,0,0,0.9002122807069141,0.9002122807069141,1.3534560906143003,0.05999181471810091,0.015370199775232435,96.09538243361533,96.09538243361533,0.05999181471810091,0.05999181471810091,0.015370199775232435,0.04553463836428443,1987.2916666666526,2015.7083333332935,
FaIR_nonat_unB,43/1_ERF_FaIR,c,2.7237961703173323,0.027798579652130014,50,41,0.000513862779311519,0.00234509759808487,-5.545515041407054,0.08066743273793943,0.05758756674412921,-504.6418687680419,-504.64186876804195,0.08066743273793943,0.06097898731450525,0.05758756674412921,0.023670886788091147,1991.3749999999823,2016.3749999999595,
