method_name,method_class,c/r,smooth_r,avg_unc.(1se),#q<0.5,#q<0.1,q_min,q_small5,log-likeli,RMS,bias,tlog-l,100log-l,100RMS,75RMS,100bias,bias50,xyear0.5,xyear1.0,xyear1.5
cent20y,42/1_Run_Means,r,1.0,0.03161666432955249,0,0,1.0,1.0,2.549567015877462,0.0,0.0,395.18288746100666,234.65446150157737,0.0,0.0,0.0,0.0,1984.5416666666551,2010.5416666666315,
GWI_anthro_CGWL,43/3_Human_Induced,c,2.692711938046158,0.08843919307996413,0,0,0.9857659093859125,0.9857659093859125,1.3158371620625857,0.06361600315750607,0.01707998868031357,93.42443850644358,93.42443850644361,0.06361600315750607,0.06361600315750607,0.01707998868031357,0.05232641431279071,1980.8749999999918,2009.4583333332992,
GWI_anthro_SR15,43/3_Human_Induced,c,2.4391803566223955,0.07913117745796391,0,0,0.986819057066135,0.986819057066135,1.3983484127387749,0.05644009919211807,0.013762120561560287,99.28273730445301,99.28273730445301,0.056440099192118065,0.05644009919211807,0.013762120561560289,0.037073707933635174,1983.7916666666558,2009.6249999999657,
GWI_anthro,43/3_Human_Induced,c,2.552797543894905,0.08296981537575386,0,0,0.995447667225289,0.995447667225289,1.3668873811934301,0.05891219785288292,0.015230477746261848,97.04900406473354,97.04900406473354,0.05891219785288292,0.05891219785288292,0.015230477746261848,0.04393161399004688,1982.541666666657,2009.9583333332987,
FaIR_nonat_unB,43/1_ERF_FaIR,c,4.619742606059685,0.025646302662024337,52,36,6.403158518767881e-20,3.1482088459896034e-19,-926.3571321700929,0.3418946304961152,0.20927982143402335,-84298.49902747845,-84298.49902747845,0.3418946304961152,0.25045990729963985,0.20927982143402335,0.0007259682918733242,1985.791666666654,2011.6249999999638,
