method_name,method_class,c/r,smooth_r,avg_unc.(1se),#q<0.5,#q<0.1,q_min,q_small5,log-likeli,RMS,bias,tlog-l,100log-l,100RMS,75RMS,100bias,bias50,xyear0.5,xyear1.0,xyear1.5
cent20y,42/1_Run_Means,r,1.0,0.03223109474555336,0,0,1.0,1.0,2.535624334359011,0.0,0.0,393.0217718256467,237.2985524386503,0.0,0.0,0.0,0.0,1984.6249999999884,2010.4583333332982,
GWI_anthro_CGWL,43/3_Human_Induced,c,2.2918331306378166,0.09091778216494177,0,0,0.591823384699719,0.591823384699719,0.9309186753041346,0.09734196909144902,-0.014046213437365052,66.09522594659356,66.09522594659356,0.09734196909144902,0.09734196909144902,-0.014046213437365049,0.046420566946339246,1983.0416666666565,2009.2083333332994,
GWI_anthro_SR15,43/3_Human_Induced,c,2.1275168299764147,0.08202246284987151,0,0,0.6556159513199726,0.6556159513199726,1.074849129619468,0.085488732996002,-0.016617220568285105,76.31428820298223,76.31428820298223,0.085488732996002,0.085488732996002,-0.0166172205682851,0.030604225779238742,1985.2083333333212,2009.4583333332992,
GWI_anthro,43/3_Human_Induced,c,2.328173966707865,0.0857345091864051,0,0,0.5869217662835319,0.5869217662835319,1.0178923534691073,0.09019089608277339,-0.015188058987320638,72.27035709630663,72.27035709630664,0.0901908960827734,0.09019089608277339,-0.015188058987320634,0.037716777354535526,1983.7916666666558,2009.7916666666322,
FaIR_nonat_unB,43/1_ERF_FaIR,c,4.172194939567661,0.025318649164889524,46,38,6.5121775018111265e-21,4.6304333540755095e-20,-982.4753120444338,0.34453455589856125,0.21751029075374056,-89405.25339604348,-89405.2533960435,0.3445345558985612,0.250863200508953,0.21751029075374048,0.010001330346626503,1985.8749999999873,2010.9583333332978,
FaIR_anthro_unB,43/1_ERF_FaIR,c,3.96333662849246,0.023523087129431765,64,53,1.9700256772638718e-24,5.545229455757869e-23,-1340.770600762738,0.3334559022798271,0.22798167577229897,-122010.12466940915,-122010.12466940915,0.3334559022798271,0.24579864415893687,0.22798167577229891,0.03542778110740331,1979.0416666666601,2010.2083333332985,
