method_name,method_class,c/r,smooth_r,avg_unc.(1se),#q<0.5,#q<0.1,q_min,q_small5,log-likeli,RMS,bias,tlog-l,100log-l,100RMS,75RMS,100bias,bias50,xyear0.5,xyear1.0,xyear1.5
cent20y,42/1_Run_Means,r,1.0,0.028734282858707265,0,0,1.0,1.0,2.6452369506965003,0.0,0.0,410.01172735795757,234.1856172151679,0.0,0.0,0.0,0.0,1985.791666666654,2012.7916666666295,
GWI_anthro_CGWL,43/3_Human_Induced,c,2.7374484680185436,0.08324383708736557,0,0,0.9948872589490112,0.9948872589490112,1.466271986853932,0.04306775803818381,0.013349558903412908,104.10531106662917,104.10531106662918,0.04306775803818381,0.043067758038183815,0.013349558903412908,0.029125341581706456,1983.2916666666563,2014.3749999999613,
GWI_anthro_SR15,43/3_Human_Induced,c,2.545764273402496,0.07470318967906144,0,0,0.9777739144211602,0.9777739144211602,1.4816836685467456,0.04835479035751409,0.012741830703550417,105.19954046681893,105.19954046681893,0.04835479035751409,0.04835479035751409,0.012741830703550417,0.018075360240098225,1985.458333333321,2014.5416666666279,
GWI_anthro,43/3_Human_Induced,c,2.6834605682416037,0.07822238950268959,0,0,0.9934889178033693,0.9934889178033693,1.483827246243802,0.045466570593360234,0.013389242168663091,105.35173448330994,105.35173448330994,0.045466570593360234,0.045466570593360234,0.013389242168663091,0.023429225160115533,1983.874999999989,2014.3749999999613,
FaIR_nonat_unB,43/1_ERF_FaIR,c,2.2787517821429057,0.027736975868174998,27,0,0.20288347205707488,0.20288347205707488,1.6581151794691453,0.03944920679732893,0.022138342972906573,150.88848133169222,150.88848133169222,0.03944920679732894,0.035798752121864744,0.022138342972906573,0.021480695311574694,1985.5416666666542,2012.4583333332964,
FaIR_anthro_unB,43/1_ERF_FaIR,c,2.3313771358615134,0.024162730107551385,54,11,0.09836774402767269,0.09836774402767269,1.1767589048312395,0.041753811639081526,0.026231506741036144,107.0850603396428,107.08506033964278,0.04175381163908153,0.03778379342083871,0.02623150674103614,0.02767251498378028,1984.458333333322,2012.624999999963,
