method_name,method_class,c/r,smooth_r,avg_unc.(1se),#q<0.5,#q<0.1,q_min,q_small5,log-likeli,RMS,bias,tlog-l,100log-l,100RMS,75RMS,100bias,bias50,xyear0.5,xyear1.0,xyear1.5
cent20y,42/1_Run_Means,r,1.0,0.030639072646178586,0,0,1.0,1.0,2.5762899619425554,0.0,0.0,399.3249441010961,230.71946616196874,0.0,0.0,0.0,0.0,1984.7083333333217,2009.8749999999654,
GWI_anthro_CGWL,43/3_Human_Induced,c,2.6078702064039665,0.0831429355530549,0,0,0.9983563760769614,0.9983563760769614,1.4219844134636603,0.04749531775265086,-0.005000505242396319,100.96089335591988,100.96089335591986,0.04749531775265086,0.04749531775265086,-0.005000505242396319,0.009738066450842454,1982.6249999999902,2013.291666666629,
GWI_anthro_SR15,43/3_Human_Induced,c,2.389502281147601,0.07529385706406773,0,0,0.9949798271788047,0.9949798271788047,1.4795470561879802,0.0464447832783986,-0.0047813076155744545,105.0478409893466,105.0478409893466,0.046444783278398606,0.046444783278398606,-0.0047813076155744545,0.0015023600789132935,1984.458333333322,2013.291666666629,
GWI_anthro,43/3_Human_Induced,c,2.5376656497179617,0.0784257976014971,0,0,0.9812412073560071,0.9812412073560071,1.4705442433742946,0.045772256133006284,-0.00465882508753795,104.40864127957491,104.40864127957491,0.04577225613300628,0.04577225613300628,-0.00465882508753795,0.005547489955456465,1983.208333333323,2013.291666666629,
FaIR_nonat_unB,43/1_ERF_FaIR,c,4.582342956830171,0.027163880101140094,48,37,1.2699681316347878e-18,2.94377323011799e-18,-805.0586451230637,0.34414403476390354,0.21827296903796775,-73260.3367061988,-73260.3367061988,0.3441440347639036,0.2553675256518911,0.21827296903796772,0.013053674012482933,1984.1249999999889,2010.6249999999648,
FaIR_anthro_unB,43/1_ERF_FaIR,c,4.337551529221998,0.024224648241794294,59,39,1.1158451005644018e-24,6.696289111058643e-23,-1217.2139049733478,0.3247671881527161,0.20689163830749396,-110766.46535257464,-110766.46535257465,0.32476718815271605,0.24262315649859703,0.20689163830749394,0.011453367693558689,1983.541666666656,2010.9583333332978,
