method_name,method_class,c/r,smooth_r,avg_unc.(1se),#q<0.5,#q<0.1,q_min,q_small5,log-likeli,RMS,bias,tlog-l,100log-l,100RMS,75RMS,100bias,bias50,xyear0.5,xyear1.0,xyear1.5
cent20y,42/1_Run_Means,r,1.0,0.02912059589136713,0,0,1.0,1.0,2.6353620337155528,0.0,0.0,408.4811152259107,237.69467098427634,0.0,0.0,0.0,0.0,1970.2916666666645,1996.4583333333073,
GWI_anthro_CGWL,43/3_Human_Induced,c,2.638945534221565,0.07184056311139157,0,0,0.8347179297153046,0.8347179297153046,1.359197821307702,0.06185899657525335,-0.053638577264992,96.50304531284685,96.50304531284687,0.061858996575253344,0.06185899657525335,-0.05363857726499199,-0.0634795093816106,1976.3749999999923,1997.2083333333067,2023.4583333332828
GWI_anthro_SR15,43/3_Human_Induced,c,2.411485971576939,0.06663746499872722,0,0,0.9760574065313867,0.9760574065313867,1.5038296454571516,0.05087321080605678,-0.03940872817954457,106.77190482745776,106.77190482745775,0.05087321080605678,0.05087321080605678,-0.03940872817954457,-0.04837725320691091,1972.8749999999955,1996.6249999999739,2023.1249999999498
GWI_anthro,43/3_Human_Induced,c,2.4858511380380897,0.06848846443567984,0,0,0.9498806801944429,0.9498806801944429,1.459078431412132,0.05418347118801435,-0.04429374732814052,103.59456863026136,103.59456863026136,0.05418347118801435,0.05418347118801435,-0.044293747328140516,-0.05422272939703629,1972.9583333333287,1996.8749999999736,2023.208333333283
FaIR_nonat_unB,43/1_ERF_FaIR,c,1.9085802115778552,0.030076719749325385,67,29,0.07728894173602854,0.07728894173602854,-0.20147850570214496,0.0677386394863287,-0.045148368012179474,-18.33454401889519,-18.334544018895198,0.0677386394863287,0.06419646800312948,-0.04514836801217948,-0.006852500360140834,1975.3749999999932,1995.2916666666417,2020.2083333332857
FaIR_anthro_unB,43/1_ERF_FaIR,c,1.8482326541882295,0.027466149469352545,76,58,0.014414888330061031,0.021849360195394085,-4.283726078773888,0.08141710611334899,-0.0676922695050897,-389.81907316842376,-389.81907316842376,0.08141710611334899,0.0745883539712846,-0.06769226950508969,-0.033837086536025865,1975.624999999993,1996.4583333333073,2020.5416666666188
