method_name,method_class,c/r,smooth_r,avg_unc.(1se),#q<0.5,#q<0.1,q_min,q_small5,log-likeli,RMS,bias,tlog-l,100log-l,100RMS,75RMS,100bias,bias50,xyear0.5,xyear1.0,xyear1.5
cent20y,42/1_Run_Means,r,1.0,0.028889482719928188,0,0,1.0,1.0,2.635509733186475,0.0,0.0,408.5040086439036,238.13760970043927,0.0,0.0,0.0,0.0,1984.8749999999882,2009.9583333332987,
GWI_anthro_CGWL,43/3_Human_Induced,c,2.6988579816741955,0.0831498638883863,0,0,0.989700082728918,0.989700082728918,1.3644916198399204,0.05407557472369646,-0.012021425888629478,96.87890500863435,96.87890500863435,0.05407557472369646,0.05407557472369646,-0.012021425888629478,0.015754418535701448,1985.124999999988,2009.8749999999654,
GWI_anthro_SR15,43/3_Human_Induced,c,2.4976789727111055,0.07534763700774101,0,0,0.8935955467385424,0.8935955467385424,1.4571999335772712,0.05044742913550517,-0.011775147407293803,103.46119528398626,103.46119528398626,0.05044742913550517,0.05044742913550517,-0.011775147407293803,0.00524426476623177,1986.0416666666538,2010.374999999965,
GWI_anthro,43/3_Human_Induced,c,2.6290626447251735,0.07855542767200561,0,0,0.9639432471535727,0.9639432471535727,1.4336675025887753,0.05083450821554462,-0.01144509033842403,101.79039268380305,101.79039268380305,0.050834508215544624,0.050834508215544624,-0.011445090338424032,0.010208848899476555,1985.124999999988,2010.6249999999648,
FaIR_nonat_unB,43/1_ERF_FaIR,c,4.729348140311761,0.027794656885642595,46,39,1.7261507249846832e-18,1.0382359659236444e-17,-852.2683800757744,0.36235585394159797,0.23417346063655214,-77556.42258689547,-77556.42258689547,0.36235585394159797,0.26636924594532674,0.23417346063655214,0.016082091059507198,1985.124999999988,2010.4583333332982,
FaIR_anthro_unB,43/1_ERF_FaIR,c,4.512637137376352,0.024168356181776127,70,52,6.230864233516593e-24,1.492121512261259e-22,-1374.8746125733046,0.34900695843455914,0.2353404671799233,-125113.58974417072,-125113.5897441707,0.34900695843455914,0.2587632241796539,0.23534046717992332,0.02859641973776132,1983.541666666656,2010.4583333332982,
