method_name,method_class,c/r,smooth_r,avg_unc.(1se),#q<0.5,#q<0.1,q_min,q_small5,log-likeli,RMS,bias,tlog-l,100log-l,100RMS,75RMS,100bias,bias50,xyear0.5,xyear1.0,xyear1.5
cent20y,42/1_Run_Means,r,1.0,0.030837955863302183,0,0,1.0,1.0,2.5719149212446766,0.0,0.0,398.6468127929249,235.84804780700665,0.0,0.0,0.0,0.0,1979.7083333333262,2005.9583333333023,
GWI_anthro_CGWL,43/3_Human_Induced,c,2.370608384079269,0.08040238678485406,0,0,0.9713376127340468,0.9713376127340468,1.4408286766931961,0.050165873885333244,-0.004214234087327474,102.29883604521693,102.29883604521694,0.050165873885333244,0.050165873885333244,-0.004214234087327474,0.021327292112076738,1980.0416666666592,2004.2916666666372,
GWI_anthro_SR15,43/3_Human_Induced,c,2.182595060160333,0.07297163426688022,0,0,0.9587729370734975,0.9587729370734975,1.501250165724834,0.04975516444657552,-0.003761993495782879,106.58876176646322,106.58876176646322,0.04975516444657552,0.04975516444657552,-0.003761993495782879,0.012985954428051515,1981.7083333333244,2002.4583333333055,
GWI_anthro,43/3_Human_Induced,c,2.277824888939171,0.07597032668541924,0,0,0.9666182373287211,0.9666182373287211,1.4924154854334764,0.04886636673296244,-0.003790890344149721,105.96149946577682,105.96149946577682,0.04886636673296244,0.048866366732962435,-0.003790890344149721,0.01679894216331273,1980.7916666666586,2002.2083333333057,
FaIR_nonat_unB,43/1_ERF_FaIR,c,1.8121487279322632,0.027533485859541493,2,0,0.43281807372175973,0.6492271105826397,2.1365506358788173,0.029169343891756887,-0.001303850246265234,194.42610786497238,194.42610786497238,0.029169343891756887,0.027360909302041613,-0.0013038502462652337,0.0037697793381618193,1980.624999999992,2004.2916666666372,
FaIR_anthro_unB,43/1_ERF_FaIR,c,1.5655095793058706,0.02491868987941841,0,0,0.5410225921521997,0.6991676575505351,2.201285841596462,0.02614037089167745,-0.009263329965854054,200.31701158527804,200.31701158527804,0.026140370891677454,0.02294209019201369,-0.009263329965854052,-0.007909123477241806,1979.4583333333264,2005.2916666666363,
