method_name,method_class,c/r,smooth_r,avg_unc.(1se),#q<0.5,#q<0.1,q_min,q_small5,log-likeli,RMS,bias,tlog-l,100log-l,100RMS,75RMS,100bias,bias50,xyear0.5,xyear1.0,xyear1.5
cent20y,42/1_Run_Means,r,1.0,0.029549623862396512,0,0,1.0,1.0,2.614745127680968,0.0,0.0,405.28549479055005,235.79146570266664,0.0,0.0,0.0,0.0,1983.4583333333228,2010.374999999965,
GWI_anthro_CGWL,43/3_Human_Induced,c,2.4764937601177746,0.08421595604762104,0,0,0.9222189708299858,0.9222189708299858,1.3463934796080037,0.061659122061199695,0.01387628336710897,95.59393705216826,95.59393705216824,0.061659122061199695,0.061659122061199695,0.01387628336710897,0.04742314867535292,1980.958333333325,2009.5416666666324,
GWI_anthro_SR15,43/3_Human_Induced,c,2.294342937555233,0.07502910788337093,0,0,0.9772235448934441,0.9772235448934441,1.3971136800937842,0.05862442809962591,0.011452809926560703,99.19507128665867,99.19507128665866,0.05862442809962591,0.05862442809962591,0.011452809926560703,0.03263269308424845,1982.9583333333233,2009.7916666666322,
GWI_anthro,43/3_Human_Induced,c,2.4026690434961386,0.07884663298993906,0,0,0.9743907463007256,0.9743907463007256,1.386195888740682,0.059050299795480016,0.012729830393029258,98.41990810058842,98.41990810058843,0.05905029979548002,0.059050299795480016,0.012729830393029258,0.0393808918837642,1982.2916666666572,2009.9583333332987,
FaIR_nonat_unB,43/1_ERF_FaIR,c,4.764108425725401,0.027251352976742946,64,40,2.1382356997527237e-18,1.0926749841282755e-17,-826.6199471755489,0.354692187788136,0.22045854279104765,-75222.41519297495,-75222.41519297494,0.354692187788136,0.26107328034300514,0.22045854279104765,0.0075611420198314514,1983.541666666656,2011.6249999999638,
