method_name,method_class,c/r,smooth_r,avg_unc.(1se),#q<0.5,#q<0.1,q_min,q_small5,log-likeli,RMS,bias,tlog-l,100log-l,100RMS,75RMS,100bias,bias50,xyear0.5,xyear1.0,xyear1.5
cent20y,42/1_Run_Means,r,1.0,0.031048178708831305,0,0,1.0,1.0,2.5623480566911647,0.0,0.0,397.16394878713055,234.2222232540824,0.0,0.0,0.0,0.0,1979.2083333333267,2006.3749999999686,
GWI_anthro_CGWL,43/3_Human_Induced,c,2.4402366880888517,0.078396689263352,0,0,0.9940066043020752,0.9940066043020752,1.5338172291626575,0.038473604716192066,0.004797353446241147,108.90102327054868,108.90102327054868,0.038473604716192066,0.038473604716192066,0.004797353446241147,0.017813748034277207,1979.2083333333267,2005.0416666666365,
GWI_anthro_SR15,43/3_Human_Induced,c,2.2233028102919556,0.07119934549119376,0,0,0.9984387319979542,0.9984387319979542,1.5865975161095929,0.03980583275324784,0.007219909863589373,112.6484236437811,112.64842364378111,0.03980583275324784,0.03980583275324784,0.007219909863589373,0.013662497759100879,1980.291666666659,2004.0416666666374,
GWI_anthro,43/3_Human_Induced,c,2.288193577941403,0.0740344208912108,0,0,0.9991569490686028,0.9991569490686028,1.5847191431687253,0.037779018450810845,0.006374205518386656,112.5150591649795,112.51505916497952,0.037779018450810845,0.037779018450810845,0.006374205518386656,0.01592166323610996,1979.8749999999927,2004.7083333333035,
FaIR_nonat_unB,43/1_ERF_FaIR,c,1.73685819534616,0.027139229841673714,35,0,0.25247720967102655,0.25247720967102655,1.901633697310618,0.03491553462608353,-0.006369548479581083,173.04866645526624,173.04866645526624,0.03491553462608353,0.034025499926251535,-0.006369548479581083,0.009440991617543169,1979.624999999993,2004.1249999999707,
FaIR_anthro_unB,43/1_ERF_FaIR,c,1.4754537128810925,0.024830082536275475,34,0,0.19882078767494898,0.19882078767494898,1.7722510403266472,0.03461443049452028,-0.014025105405471599,161.2748446697249,161.2748446697249,0.03461443049452028,0.032383118329317465,-0.014025105405471599,0.0004276298354817279,1978.8749999999936,2005.874999999969,
