method_name,method_class,c/r,smooth_r,avg_unc.(1se),#q<0.5,#q<0.1,q_min,q_small5,log-likeli,RMS,bias,tlog-l,100log-l,100RMS,75RMS,100bias,bias50,xyear0.5,xyear1.0,xyear1.5
cent20y,42/1_Run_Means,r,1.0,0.02663438343920396,0,0,1.0,1.0,2.71843345372178,0.0,0.0,421.3571853268759,244.325868198538,0.0,0.0,0.0,0.0,1984.458333333322,2010.6249999999648,
GWI_anthro_CGWL,43/3_Human_Induced,c,2.9616760957903066,0.08020987219113083,0,0,0.9971005237200226,0.9971005237200226,1.5223704519807093,0.026379326996911794,-0.0018011344804770002,108.08830209063036,108.08830209063036,0.026379326996911794,0.026379326996911794,-0.0018011344804770002,-0.006486749155401794,1984.3749999999886,2013.958333333295,
GWI_anthro_SR15,43/3_Human_Induced,c,2.700323397077752,0.0722869356678454,0,0,0.9646860431237215,0.9646860431237215,1.536679385494079,0.037159030475008334,0.0016000978081779627,109.1042363700796,109.10423637007962,0.037159030475008334,0.037159030475008334,0.001600097808177963,-0.011112690875676186,1985.7083333333208,2014.0416666666283,
GWI_anthro,43/3_Human_Induced,c,2.8183190065227226,0.07541004946128635,0,0,0.9638595959694823,0.9638595959694823,1.5365505267368513,0.032304419526704944,0.0008224703128306964,109.09508739831644,109.09508739831645,0.03230441952670495,0.03230441952670495,0.0008224703128306964,-0.008298508602126326,1984.5416666666551,2013.958333333295,
FaIR_nonat_unB,43/1_ERF_FaIR,c,5.299920153766241,0.028299327415901004,46,39,1.928543478225363e-18,5.220805398629161e-17,-710.9713824903146,0.34163257480651016,0.22220161034034144,-64698.395806618624,-64698.39580661863,0.3416325748065102,0.2557358006399056,0.22220161034034144,0.020013474604013516,1984.6249999999884,2010.6249999999648,
FaIR_anthro_unB,43/1_ERF_FaIR,c,5.340123264776189,0.024104835691042405,68,50,1.0356529508213162e-23,3.0088762731385738e-21,-1188.6048514623712,0.3258465892025565,0.2196947228343566,-108163.04148307578,-108163.0414830758,0.3258465892025565,0.24567049858674198,0.21969472283435665,0.029257615396026383,1980.291666666659,2010.6249999999648,
