method_name,method_class,c/r,smooth_r,avg_unc.(1se),#q<0.5,#q<0.1,q_min,q_small5,log-likeli,RMS,bias,tlog-l,100log-l,100RMS,75RMS,100bias,bias50,xyear0.5,xyear1.0,xyear1.5
cent20y,42/1_Run_Means,r,1.0,0.02926349066131987,0,0,1.0,1.0,2.6265401669867425,0.0,0.0,407.11372588294506,235.7614414944819,0.0,0.0,0.0,0.0,1985.2916666666545,2009.7916666666322,
GWI_anthro_CGWL,43/3_Human_Induced,c,2.6973431346425656,0.08766451333114776,0,0,0.9939030648698362,0.9939030648698362,1.2902115492951558,0.06685113020272157,0.007937898919668595,91.60501999995606,91.60501999995606,0.06685113020272157,0.06685113020272157,0.007937898919668595,0.047658529957128506,1982.541666666657,2008.791666666633,
GWI_anthro_SR15,43/3_Human_Induced,c,2.49886243076118,0.07838488344571042,0,0,0.9750400128985822,0.9750400128985822,1.4022925179817232,0.05628476800766759,0.004366750255993388,99.56276877670234,99.56276877670234,0.056284768007667595,0.056284768007667595,0.004366750255993388,0.031308597946469514,1984.791666666655,2008.9583333332996,
GWI_anthro,43/3_Human_Induced,c,2.6494499743828834,0.08227318295995024,0,0,0.9757146465069378,0.9757146465069378,1.3619955062348563,0.059940767457296665,0.005977935677338296,96.7016809426748,96.70168094267478,0.05994076745729667,0.05994076745729667,0.005977935677338295,0.038577960181046346,1983.2916666666563,2009.4583333332992,
FaIR_nonat_unB,43/1_ERF_FaIR,c,4.843189049691822,0.027394992510592926,44,37,6.5493915253079795e-19,4.650920423680842e-17,-822.3931982490534,0.3520166452006554,0.22738018334970897,-74837.78104066386,-74837.78104066386,0.3520166452006554,0.2563764902416628,0.22738018334970897,0.017428552253690954,1984.9583333333214,2010.2083333332985,
FaIR_anthro_unB,43/1_ERF_FaIR,c,4.721205414437566,0.02422552023674539,75,56,3.088763128292302e-21,1.223051832138626e-20,-1230.1609048887867,0.3415997212581952,0.23363806464041215,-111944.64234487958,-111944.64234487957,0.3415997212581951,0.24993478198534164,0.2336380646404121,0.037152272214046725,1979.5416666666597,2009.7916666666322,
