method_name,method_class,c/r,smooth_r,avg_unc.(1se),#q<0.5,#q<0.1,q_min,q_small5,log-likeli,RMS,bias,tlog-l,100log-l,100RMS,75RMS,100bias,bias50,xyear0.5,xyear1.0,xyear1.5
cent20y,42/1_Run_Means,r,1.0,0.029005350678487023,0,0,1.0,1.0,2.6394072707854366,0.0,0.0,409.10812697174265,241.19297627331906,0.0,0.0,0.0,0.0,1984.5416666666551,2010.2916666666317,
GWI_anthro_CGWL,43/3_Human_Induced,c,2.5178736992077715,0.07073072697649796,0,0,0.6228307568888206,0.6228307568888206,1.266369896285244,0.06714606411363923,-0.06098540408655978,89.91226263625234,89.91226263625234,0.06714606411363923,0.06714606411363923,-0.06098540408655978,-0.05865398688245355,1987.0416666666529,2014.6249999999611,
GWI_anthro_SR15,43/3_Human_Induced,c,2.3011113607050833,0.06588734104232002,0,0,0.7946332822001455,0.7946332822001455,1.4250181928015704,0.056895650938340044,-0.0478955951772221,101.17629168891149,101.17629168891149,0.056895650938340044,0.05689565093834005,-0.04789559517722209,-0.04756323282298333,1986.8749999999864,2014.5416666666279,
GWI_anthro,43/3_Human_Induced,c,2.342296884119033,0.06763593458324157,0,0,0.7337438140536157,0.7337438140536157,1.3763851737308934,0.05969250355150331,-0.052146458766207875,97.72334733489343,97.72334733489343,0.05969250355150331,0.05969250355150331,-0.052146458766207875,-0.05153977952521756,1986.8749999999864,2014.5416666666279,
FaIR_nonat_unB,43/1_ERF_FaIR,c,5.2917481300310225,0.028578499525066362,73,44,1.8468569591336663e-22,2.6243729226280143e-21,-1094.1345478878532,0.40354272489119924,0.24139529303845755,-99566.24385779465,-99566.24385779465,0.4035427248911993,0.29445622547371497,0.24139529303845753,-0.0043144710154259585,1984.9583333333214,2011.4583333332973,
FaIR_anthro_unB,43/1_ERF_FaIR,c,5.365790568956276,0.025216899298453284,81,44,1.999767542677408e-30,6.956965447179667e-30,-1858.983656946993,0.3820268769690847,0.2179385840696808,-169167.51278217637,-169167.51278217637,0.3820268769690847,0.2807148141141134,0.2179385840696808,-0.02394015322630341,1985.791666666654,2012.5416666666297,
