method_name,method_class,c/r,smooth_r,avg_unc.(1se),#q<0.5,#q<0.1,q_min,q_small5,log-likeli,RMS,bias,tlog-l,100log-l,100RMS,75RMS,100bias,bias50,xyear0.5,xyear1.0,xyear1.5
cent20y,42/1_Run_Means,r,1.0,0.029611351022874707,0,0,1.0,1.0,2.6142733536280742,0.0,0.0,405.2123698123515,233.31874386605122,0.0,0.0,0.0,0.0,1984.6249999999884,2010.708333333298,
GWI_anthro_CGWL,43/3_Human_Induced,c,2.65063341851655,0.08002362368402312,0,0,0.9860480332306405,0.9860480332306405,1.5119915688720218,0.04165825475509563,0.010751640037305943,107.35140138991355,107.35140138991355,0.04165825475509563,0.04165825475509563,0.010751640037305945,0.024262056632912404,1982.1249999999907,2012.8749999999627,
GWI_anthro_SR15,43/3_Human_Induced,c,2.451399864091003,0.07220103218725636,0,0,0.9945947036920102,0.9945947036920102,1.5497973682788835,0.04266074880667647,0.0106849614481299,110.03561314780073,110.03561314780075,0.04266074880667647,0.04266074880667647,0.010684961448129901,0.016138538866029208,1983.6249999999893,2012.7083333332962,
GWI_anthro,43/3_Human_Induced,c,2.5563404007636006,0.0753482196916882,0,0,0.998625430112916,0.998625430112916,1.5466172359513688,0.041185216713264736,0.010842434770745334,109.80982375254719,109.80982375254719,0.041185216713264736,0.041185216713264736,0.010842434770745335,0.020063244527652197,1982.7083333333235,2012.958333333296,
FaIR_nonat_unB,43/1_ERF_FaIR,c,4.91513831344061,0.027894363960293128,51,38,3.55673472759334e-20,5.143191000978162e-19,-880.5039277361038,0.3680510811593046,0.23069355496102936,-80125.85742398545,-80125.85742398544,0.3680510811593047,0.26912771781662415,0.23069355496102936,0.012718929078232742,1984.5416666666551,2010.9583333332978,
FaIR_anthro_unB,43/1_ERF_FaIR,c,4.542088768912784,0.02466147140613118,44,35,1.0068008192155547e-24,1.956727435185672e-23,-1355.189696203983,0.3484527278854195,0.2145275269928829,-123322.26235456245,-123322.26235456245,0.3484527278854195,0.25493820696451275,0.21452752699288294,0.0032807084122438313,1984.3749999999886,2011.6249999999638,
