method_name,method_class,c/r,smooth_r,avg_unc.(1se),#q<0.5,#q<0.1,q_min,q_small5,log-likeli,RMS,bias,tlog-l,100log-l,100RMS,75RMS,100bias,bias50,xyear0.5,xyear1.0,xyear1.5
cent20y,42/1_Run_Means,r,1.0,0.026995829166992148,0,0,1.0,1.0,2.704482944737614,0.0,0.0,419.1948564343302,242.07158296697713,0.0,0.0,0.0,0.0,1985.7916666666476,2012.45833333329,
lowess1dg20wnc,42/3_ST_Fits,c,3.5715470847053084,0.04366305907443358,41,0,0.18101901682854035,0.2978668088518083,1.4663807305073284,0.04818038239764372,-0.0130776392520652,227.2890132286359,131.9831483033447,0.04999346119999019,0.047970481773689955,-0.014317528352601062,-0.0402664649797958,1987.874999999979,2014.9583333332878,
Kal_flexLin,42/5_Kalman,c,4.888890636520815,0.05317657451406971,0,0,0.8791507216422867,0.8791507216422867,1.6606297178209513,0.04569665399195415,-0.010535206476851865,257.39760626224745,149.50355925757134,0.04574233497651895,0.04458594661685951,-0.009499907282016587,-0.028823822476833533,1987.1249999999798,2014.8749999999545,
GAM_AR1,42/4_GAM_AR1,c,6.432971086556603,0.040902773168298955,44,7,0.00037214649370021847,0.08741206710943152,1.326125990825724,0.05097830977485652,-0.007098866137773795,180.35313475229844,116.29955781831322,0.05252360913090735,0.0463183533250061,-0.014748899043933108,-0.02904783016258023,1986.87499999998,2014.7916666666213,
CGWL10y_sfUKCP,44/44_EarthModel_CGWL,c,6.505464111034095,0.05055401096901586,0,0,0.8697872340425532,0.8697872340425532,1.6305780459915244,0.04439808021906364,0.0006943588415881754,238.06439471476256,151.13424705161364,0.04143275637416958,0.03911886971470863,0.001511333068614795,0.005039231164131153,1986.6249999999802,2014.374999999955,
