method_name,method_class,c/r,smooth_r,avg_unc.(1se),#q<0.5,#q<0.1,q_min,q_small5,log-likeli,RMS,bias,tlog-l,100log-l,100RMS,75RMS,100bias,bias50,xyear0.5,xyear1.0,xyear1.5
cent20y,42/1_Run_Means,r,1.0,0.02749045808398101,0,0,1.0,1.0,2.685212456125413,0.0,0.0,416.20793069943903,238.9825172145615,0.0,0.0,0.0,0.0,1984.2916666666554,2010.708333333298,
GWI_anthro_CGWL,43/3_Human_Induced,c,2.6223625800669126,0.08530484851768572,0,0,0.7985851426819118,0.7985851426819118,1.2888374068084352,0.06684377614642767,0.022482900852460744,91.50745588339889,91.50745588339888,0.06684377614642767,0.06684377614642767,0.022482900852460748,0.06287099811456053,1980.8749999999918,2008.3749999999668,
GWI_anthro_SR15,43/3_Human_Induced,c,2.4242809420696934,0.07568932474424332,0,0,0.9300617978292958,0.9300617978292958,1.362839000123547,0.060531935702857344,0.019003092934183195,96.76156900877184,96.76156900877186,0.06053193570285735,0.06053193570285735,0.019003092934183195,0.045884576413561404,1982.9583333333233,2008.4583333333,
GWI_anthro,43/3_Human_Induced,c,2.6026242213329107,0.0797386474487919,0,0,0.8474278709966795,0.8474278709966795,1.334162571274278,0.06278256232107114,0.020641771409496343,94.72554256047373,94.72554256047373,0.06278256232107114,0.06278256232107114,0.020641771409496343,0.0534728413558414,1982.208333333324,2009.1249999999661,
FaIR_nonat_unB,43/1_ERF_FaIR,c,4.714848337074339,0.0282204637489907,51,40,8.97316415622553e-18,2.2119791628372105e-16,-814.8652797003994,0.36969890494072055,0.23806992174538472,-74152.74045273634,-74152.74045273634,0.3696989049407205,0.26897605877437286,0.23806992174538474,0.022424427067954354,1983.3749999999895,2010.7916666666313,
FaIR_anthro_unB,43/1_ERF_FaIR,c,4.45905076096717,0.024610874912400108,88,58,9.50259343512652e-25,1.104784296246707e-21,-1308.5831655368354,0.36289257007032955,0.2506675174211466,-119081.06806385201,-119081.068063852,0.3628925700703296,0.26480964313814676,0.25066751742114657,0.04677354061457007,1979.29166666666,2010.1249999999652,
