method_name,method_class,c/r,smooth_r,avg_unc.(1se),#q<0.5,#q<0.1,q_min,q_small5,log-likeli,RMS,bias,tlog-l,100log-l,100RMS,75RMS,100bias,bias50,xyear0.5,xyear1.0,xyear1.5
cent20y,42/1_Run_Means,r,1.0,0.027899601039423908,0,0,1.0,1.0,2.6736698527726297,0.0,0.0,414.4188271797576,236.16268466554322,0.0,0.0,0.0,0.0,1984.2083333333221,2010.7916666666313,
GWI_anthro_CGWL,43/3_Human_Induced,c,2.701647493211288,0.0818892730411589,0,0,0.9963059799175802,0.9963059799175802,1.4891219286224602,0.040994749854803426,0.012883550784049905,105.72765693219468,105.72765693219466,0.040994749854803426,0.040994749854803426,0.012883550784049905,0.025774687308802058,1982.1249999999907,2012.8749999999627,
GWI_anthro_SR15,43/3_Human_Induced,c,2.4889761635493817,0.07361213287510203,0,0,0.9675221890894388,0.9675221890894388,1.5088423656743792,0.045460635683952776,0.01232880052312332,107.12780796288092,107.12780796288092,0.045460635683952776,0.045460635683952776,0.012328800523123322,0.015880832414651797,1983.7083333333226,2012.958333333296,
GWI_anthro,43/3_Human_Induced,c,2.6169623541658638,0.07694675311419807,0,0,0.995114449758741,0.995114449758741,1.5104793887938641,0.042462755856346304,0.012791775962199313,107.24403660436435,107.24403660436438,0.042462755856346304,0.042462755856346304,0.012791775962199315,0.020621720920413533,1982.7083333333235,2013.0416666666292,
FaIR_nonat_unB,43/1_ERF_FaIR,c,5.225797749175053,0.027920599522006442,49,39,7.04538835364405e-18,1.0775455468660701e-17,-804.9817085418885,0.35591064264558536,0.22804257974292635,-73253.33547731185,-73253.33547731185,0.35591064264558536,0.2661139943563432,0.22804257974292635,0.019650908687143767,1983.874999999989,2010.9583333332978,
FaIR_anthro_unB,43/1_ERF_FaIR,c,4.974256245230437,0.024190094938070356,51,37,1.9485886101261413e-24,3.7650950730676186e-23,-1287.6718426625557,0.33783074119661766,0.21849589825710947,-117178.13768229257,-117178.13768229257,0.33783074119661766,0.25314975533229983,0.2184958982571095,0.018316465553342594,1983.3749999999895,2011.374999999964,
