method_name,method_class,c/r,smooth_r,avg_unc.(1se),#q<0.5,#q<0.1,q_min,q_small5,log-likeli,RMS,bias,tlog-l,100log-l,100RMS,75RMS,100bias,bias50,xyear0.5,xyear1.0,xyear1.5
cent20y,42/1_Run_Means,r,1.0,0.026081818000908828,0,0,1.0,1.0,2.7418421513632762,0.0,0.0,424.9855334613078,241.44541731397928,0.0,0.0,0.0,0.0,1988.9583333333178,2015.3749999999604,
GWI_anthro_CGWL,43/3_Human_Induced,c,2.8768333317562242,0.08556009751894934,0,0,0.7852510218757515,0.7852510218757515,1.2721151622604852,0.06832552938583128,0.019215148114608022,90.32017652049444,90.32017652049443,0.06832552938583128,0.06832552938583128,0.019215148114608022,0.060251958783281115,1985.3749999999877,2014.5416666666279,
GWI_anthro_SR15,43/3_Human_Induced,c,2.6517297607472563,0.07600834275452334,0,0,0.9258674709365756,0.9258674709365756,1.3450090785201942,0.06249443193520048,0.015777171065126154,95.49564457493379,95.4956445749338,0.06249443193520049,0.06249443193520048,0.01577717106512615,0.043597968874312006,1986.6249999999866,2015.0416666666274,
GWI_anthro,43/3_Human_Induced,c,2.8788031242148806,0.08001244701323068,0,0,0.8399193672030963,0.8399193672030963,1.3171707496414975,0.06452522796537172,0.017409063786609526,93.51912322454632,93.51912322454632,0.06452522796537172,0.06452522796537172,0.017409063786609526,0.051041371040831465,1985.458333333321,2014.7916666666276,
FaIR_nonat_unB,43/1_ERF_FaIR,c,3.345643466296224,0.028379504246575822,55,22,0.0076688977774671116,0.07597589961981742,-1.4184232463629467,0.06647404544458244,0.04180955390302771,-129.07651541902814,-129.07651541902817,0.06647404544458244,0.04850486105461843,0.04180955390302771,0.013961074150704076,1988.374999999985,2014.9583333332941,
