method_name,method_class,c/r,smooth_r,avg_unc.(1se),#q<0.5,#q<0.1,q_min,q_small5,log-likeli,RMS,bias,tlog-l,100log-l,100RMS,75RMS,100bias,bias50,xyear0.5,xyear1.0,xyear1.5
cent20y,42/1_Run_Means,r,1.0,0.026919873228312612,0,0,1.0,1.0,2.707988826041624,0.0,0.0,419.7382680364517,244.32483181204975,0.0,0.0,0.0,0.0,1986.9583333333196,2012.4583333332964,
GWI_anthro_CGWL,43/3_Human_Induced,c,2.9086227615110167,0.08180767606463958,0,0,0.9984384838477066,0.9984384838477066,1.528212383777602,0.024743257054176376,0.002950583621369056,108.50307924820974,108.50307924820974,0.024743257054176376,0.024743257054176376,0.002950583621369056,0.002972475070474287,1986.6249999999866,2014.5416666666279,
GWI_anthro_SR15,43/3_Human_Induced,c,2.6589858319345794,0.07353985361790348,0,0,0.9624818084259024,0.9624818084259024,1.545732492152539,0.035125520306539475,0.004791555835474829,109.74700694283027,109.74700694283025,0.035125520306539475,0.035125520306539475,0.004791555835474829,-0.0041764474515654975,1987.0416666666529,2014.7916666666276,
GWI_anthro,43/3_Human_Induced,c,2.7133173205947534,0.07684360462272292,0,0,0.9930153700540345,0.9930153700540345,1.542852934479752,0.030545549269034956,0.00454222508541857,109.54255834806239,109.54255834806239,0.030545549269034952,0.030545549269034952,0.00454222508541857,-0.000415308739712058,1986.5416666666533,2014.6249999999611,
FaIR_nonat_unB,43/1_ERF_FaIR,c,2.7874830927292416,0.02822771681919117,23,0,0.34007134363852554,0.34007134363852554,1.8861412652276714,0.035074420739284184,0.02547801452949088,171.6388551357181,171.63885513571807,0.035074420739284184,0.03142778050299587,0.02547801452949088,0.01790121726822324,1987.0416666666529,2012.624999999963,
FaIR_anthro_unB,43/1_ERF_FaIR,c,2.8243655451998584,0.02410533531679146,44,0,0.19673548805534538,0.19673548805534538,1.4470355193648037,0.03919097284896425,0.03016561369789864,131.68023226219714,131.68023226219714,0.03919097284896425,0.03870123691897915,0.03016561369789864,0.02592891646465172,1985.6249999999875,2012.7916666666295,
