method_name,method_class,c/r,smooth_r,avg_unc.(1se),#q<0.5,#q<0.1,q_min,q_small5,log-likeli,RMS,bias,tlog-l,100log-l,100RMS,75RMS,100bias,bias50,xyear0.5,xyear1.0,xyear1.5
cent20y,42/1_Run_Means,r,1.0,0.02917797152149458,0,0,1.0,1.0,2.634693345626577,0.0,0.0,408.3774685721195,241.24223540750128,0.0,0.0,0.0,0.0,1984.2083333333221,2011.1249999999643,
GWI_anthro_CGWL,43/3_Human_Induced,c,2.6314201988300665,0.07085055393178565,0,0,0.9819606814148188,0.9819606814148188,1.3608968784862807,0.061252975994500386,-0.049493875995086034,96.62367837252593,96.62367837252594,0.06125297599450039,0.061252975994500386,-0.049493875995086034,-0.06837417474695762,1987.2083333333194,2015.87499999996,
GWI_anthro_SR15,43/3_Human_Induced,c,2.3925867987986917,0.06543282510736972,0,0,0.9881463774733473,0.9881463774733473,1.5058924285953355,0.049686729473822376,-0.03384915174297582,106.91836243026881,106.91836243026879,0.049686729473822376,0.049686729473822376,-0.03384915174297582,-0.051436600276174145,1986.791666666653,2015.541666666627,
GWI_anthro,43/3_Human_Induced,c,2.5300817326242986,0.06737126801329323,0,0,0.986067672815296,0.986067672815296,1.458773626106151,0.053569844439699345,-0.0392052648622707,103.57292745353672,103.5729274535367,0.05356984443969935,0.05356984443969935,-0.039205264862270696,-0.057824511438657765,1986.9583333333196,2015.6249999999602,
FaIR_nonat_unB,43/1_ERF_FaIR,c,5.463425649078359,0.02853491360206854,69,54,1.5141774322378143e-24,6.320534691867033e-24,-1189.0676816051664,0.41038250935812226,0.23564922826163667,-108205.15902607015,-108205.15902607018,0.4103825093581223,0.29547355534114206,0.23564922826163667,-0.01509154200541564,1986.2916666666536,2012.3749999999632,
