method_name,method_class,c/r,smooth_r,avg_unc.(1se),#q<0.5,#q<0.1,q_min,q_small5,log-likeli,RMS,bias,tlog-l,100log-l,100RMS,75RMS,100bias,bias50,xyear0.5,xyear1.0,xyear1.5
cent20y,42/1_Run_Means,r,1.0,0.0282029858862352,0,0,1.0,1.0,2.6617644149165267,0.0,0.0,412.5734843120616,236.98317607710936,0.0,0.0,0.0,0.0,1985.0416666666483,2010.1249999999588,
lowess1dg20wnc,42/3_ST_Fits,c,3.2524782726281973,0.14336935779581375,0,0,0.9980697073087357,0.9980697073087357,0.9578863317762168,0.0517942161706938,-0.015537678990651204,148.4723814253136,69.02351072340133,0.05559352815587128,0.04464524207529189,-0.016152341185581592,-0.03803646336735887,1986.9583333333132,2012.5416666666233,
Kal_flexLin,42/5_Kalman,c,4.481580029221844,0.05317657451406971,6,0,0.16441967989331774,0.29356115930087257,1.589367440676548,0.04922103631326785,-0.009411477370476101,246.3519533048649,136.71889535903642,0.05268536591245367,0.038375370627160746,-0.010985142028252863,-0.026091966138986546,1986.4583333333137,2013.0416666666229,
GAM_AR1,42/4_GAM_AR1,c,7.019103906984321,0.044544550383235064,34,13,4.664780998118222e-07,0.013451219013367278,1.0670049132897665,0.05802920769307763,-0.011589362045518371,145.11266820740826,61.78526083851199,0.066348305736468,0.04648032533336372,-0.01770864292369828,-0.031080034488029713,1986.541666666647,2012.6249999999566,
CGWL10y_sfUKCP,44/44_EarthModel_CGWL,c,6.018476483167538,0.050559483108020595,0,0,0.9290909090909092,0.9290909090909092,1.6010468550591297,0.04972880699481063,0.011214082879717166,233.75284083863292,139.41667177876667,0.051879601566890976,0.03817352341869291,0.008428463409711418,0.006870532168996341,1985.874999999981,2009.7916666666258,
