method_name,method_class,c/r,smooth_r,avg_unc.(1se),#q<0.5,#q<0.1,q_min,q_small5,log-likeli,RMS,bias,tlog-l,100log-l,100RMS,75RMS,100bias,bias50,xyear0.5,xyear1.0,xyear1.5
cent20y,42/1_Run_Means,r,1.0,0.029123404732913458,0,0,1.0,1.0,2.634434923865412,0.0,0.0,408.33741319913884,240.35018110939086,0.0,0.0,0.0,0.0,1971.8749999999973,2000.2083333333048,
GWI_anthro_CGWL,43/3_Human_Induced,c,2.6728081604824823,0.07273922355235528,0,0,0.9444078252621917,0.9444078252621917,1.346298992608944,0.059294494879259516,-0.04363083986795689,95.58722847523502,95.58722847523504,0.059294494879259516,0.059294494879259516,-0.04363083986795689,-0.0645202326533983,1976.624999999993,2001.9583333333032,
GWI_anthro_SR15,43/3_Human_Induced,c,2.41508836194829,0.06695198675375966,0,0,0.9870419802226428,0.9870419802226428,1.483330734127986,0.04886833309923521,-0.02808574580371448,105.31648212308701,105.31648212308703,0.0488683330992352,0.04886833309923521,-0.028085745803714483,-0.04711630219115019,1972.8749999999964,2000.7916666666376,
GWI_anthro,43/3_Human_Induced,c,2.532621592304118,0.06902190995712788,0,0,0.9768679607616243,0.9768679607616243,1.4384979338415775,0.05241477901956945,-0.033495939555196405,102.133353302752,102.133353302752,0.05241477901956945,0.05241477901956945,-0.033495939555196405,-0.0536987079377384,1972.9583333333296,2001.541666666637,
FaIR_nonat_unB,43/1_ERF_FaIR,c,2.3236181417674473,0.029078701118519946,65,38,0.04513379866003796,0.04513379866003796,-1.5998006246206142,0.07078646163676777,-0.04818139118207356,-145.5818568404759,-145.5818568404759,0.07078646163676776,0.06879889172969268,-0.04818139118207357,-0.00959728775601294,1976.29166666666,1997.5416666666406,2021.624999999952
