method_name,method_class,c/r,smooth_r,avg_unc.(1se),#q<0.5,#q<0.1,q_min,q_small5,log-likeli,RMS,bias,tlog-l,100log-l,100RMS,75RMS,100bias,bias50,xyear0.5,xyear1.0,xyear1.5
cent20y,42/1_Run_Means,r,1.0,0.03246361689467424,0,0,1.0,1.0,2.5254873711040067,0.0,0.0,391.45054252112106,232.4049610499227,0.0,0.0,0.0,0.0,1985.0416666666547,2010.5416666666315,
GWI_anthro_CGWL,43/3_Human_Induced,c,2.4341727754509574,0.09636962462767737,0,0,0.8159497652291376,0.8159497652291376,1.010420235460001,0.09318794535148013,0.03254221367833347,71.73983671766007,71.73983671766008,0.09318794535148013,0.09318794535148013,0.03254221367833347,0.08653392815228338,1980.624999999992,2006.791666666635,
GWI_anthro_SR15,43/3_Human_Induced,c,2.2692294054284035,0.08543414546014906,0,0,0.9019786447915145,0.9019786447915145,1.1363898950573976,0.07912078102964486,0.022960760583208433,80.68368254907523,80.68368254907523,0.07912078102964486,0.07912078102964486,0.02296076058320843,0.0630522889730598,1983.7916666666558,2006.1249999999688,
GWI_anthro,43/3_Human_Induced,c,2.5035749764442508,0.09005059096524387,0,0,0.905477952163477,0.905477952163477,1.0827077293452618,0.08445899698726284,0.026410821422473092,76.87224878351358,76.87224878351358,0.08445899698726282,0.08445899698726282,0.026410821422473096,0.07296594020620546,1982.541666666657,2008.4583333333,
FaIR_nonat_unB,43/1_ERF_FaIR,c,4.935436835577914,0.024330681566542865,58,39,8.618603005906141e-27,6.016217876448499e-22,-1053.1570861966504,0.36157466247708675,0.21704832735400054,-95837.29484389519,-95837.29484389519,0.36157466247708675,0.26037353937795005,0.2170483273540006,-0.006662718953671838,1986.6249999999866,2011.4583333332973,
FaIR_anthro_unB,43/1_ERF_FaIR,c,4.616698661443909,0.023320225446623086,50,36,9.882784767783536e-28,2.4087103062359935e-24,-1317.5221160933743,0.3443796796566475,0.2174023343898733,-119894.51256449707,-119894.51256449707,0.3443796796566475,0.24995854762061862,0.21740233438987325,0.008150219533370027,1985.9583333333205,2010.9583333332978,
