method_name,method_class,c/r,smooth_r,avg_unc.(1se),#q<0.5,#q<0.1,q_min,q_small5,log-likeli,RMS,bias,tlog-l,100log-l,100RMS,75RMS,100bias,bias50,xyear0.5,xyear1.0,xyear1.5
cent20y,42/1_Run_Means,r,1.0,0.028200813123037287,0,0,1.0,1.0,2.661852992992511,0.0,0.0,412.5872139138392,236.99318814594665,0.0,0.0,0.0,0.0,1994.541666666646,2017.9583333332914,
GWI_anthro_CGWL,43/3_Human_Induced,c,2.598299903043239,0.0821399726052239,0,0,0.9536536895507572,0.9536536895507572,1.4128660154292116,0.04418433836784969,-0.008877034891128703,100.31348709547403,100.31348709547404,0.04418433836784969,0.044184338367849685,-0.008877034891128701,0.009527101370562863,1992.874999999981,2016.4583333332928,
GWI_anthro_SR15,43/3_Human_Induced,c,2.4225377596562097,0.07436731988691188,0,0,0.9864927016781562,0.9864927016781562,1.4324724399338553,0.04748606099022209,-0.006842761243309725,101.70554323530372,101.70554323530371,0.04748606099022209,0.04748606099022209,-0.006842761243309727,-0.001041006745369343,1993.3749999999804,2017.2916666666254,
GWI_anthro,43/3_Human_Induced,c,2.5990560107813767,0.07757545960620546,0,0,0.9966184230284519,0.9966184230284519,1.4317504207264145,0.04518031656636713,-0.0067407321824059785,101.65427987157543,101.65427987157543,0.04518031656636713,0.04518031656636713,-0.006740732182405978,0.004116554640810399,1993.3749999999804,2016.7083333332926,
FaIR_nonat_unB,43/1_ERF_FaIR,c,3.483915874722312,0.028375233342568012,57,37,0.0008841837524799697,0.001639824760463016,-13.13558585694538,0.09778923760330825,0.07114513668994114,-1195.3383129820295,-1195.3383129820293,0.09778923760330827,0.08869294035237923,0.07114513668994114,0.021663423769969894,1993.2916666666472,2016.9583333332923,
FaIR_anthro_unB,43/1_ERF_FaIR,c,2.6031375119290243,0.024654456244711534,91,74,6.906315537569558e-07,4.048100935378346e-06,-46.402309594921505,0.11198622117045348,0.09877505502940598,-4222.610173137857,-4222.610173137857,0.11198622117045348,0.10788193772684607,0.09877505502940598,0.05936442474718449,1992.5416666666479,2016.6249999999593,
