method_name,method_class,c/r,smooth_r,avg_unc.(1se),#q<0.5,#q<0.1,q_min,q_small5,log-likeli,RMS,bias,tlog-l,100log-l,100RMS,75RMS,100bias,bias50,xyear0.5,xyear1.0,xyear1.5
cent20y,42/1_Run_Means,r,1.0,0.03125693270651891,0,0,1.0,1.0,2.559025824158943,0.0,0.0,396.64900274463616,230.44439496514858,0.0,0.0,0.0,0.0,1983.5416666666497,2009.0416666666265,
lowess1dg20wnc,42/3_ST_Fits,c,3.693299552213183,0.06287785892042669,11,0,0.14265664704087536,0.14265664704087536,1.1999923105673589,0.0673203710615819,-0.018298478039642775,185.9988081379406,100.29881881980937,0.06692586167134155,0.061216325243485914,-0.013794866467598615,-0.046101733370443786,1986.7083333333135,2009.6249999999593,
Kal_flexLin,42/5_Kalman,c,4.692454397102877,0.05317657451406971,20,0,0.12988655715368216,0.20570374151150386,1.3598274002759863,0.059745489022850394,-0.0116728334036974,210.77324704277785,116.57528099881671,0.062068485540582544,0.05149296914180875,-0.009377811794142196,-0.03143762082726816,1982.958333333317,2009.6249999999593,
GAM_AR1,42/4_GAM_AR1,c,7.52044075371539,0.05833922854964857,36,9,2.345786915190298e-07,0.0049488962386919555,0.8076157937302102,0.07383033595462743,-0.017499023232961604,109.83574794730859,34.77787459979287,0.08352916465428074,0.06437108931741015,-0.021746134880718113,-0.038490546354369645,1982.958333333317,2009.541666666626,
CGWL10y_sfUKCP,44/44_EarthModel_CGWL,c,5.782161382207496,0.05065535137489919,0,0,0.9278504672897196,0.9278504672897196,1.6413496392075464,0.04619993164978951,-0.002879806840965936,239.63704732430176,144.2421748418069,0.048392335607686854,0.03507900404450371,-0.0024368405594152927,0.0012394681758022413,1983.5416666666497,2009.0416666666265,
