method_name,method_class,c/r,smooth_r,avg_unc.(1se),#q<0.5,#q<0.1,q_min,q_small5,log-likeli,RMS,bias,tlog-l,100log-l,100RMS,75RMS,100bias,bias50,xyear0.5,xyear1.0,xyear1.5
cent20y,42/1_Run_Means,r,1.0,0.031194540547683478,0,0,1.0,1.0,2.5633441698385444,0.0,0.0,397.3183463249744,234.92766148685251,0.0,0.0,0.0,0.0,1985.0416666666547,2010.2916666666317,
GWI_anthro_CGWL,43/3_Human_Induced,c,2.3349326150942002,0.08429616209638528,0,0,0.8607388154907827,0.8607388154907827,1.1611160243459846,0.07120220496625572,-0.028868302442735534,82.4392377285649,82.43923772856492,0.07120220496625572,0.0712022049662557,-0.028868302442735534,0.008298071224501467,1986.124999999987,2009.6249999999657,
GWI_anthro_SR15,43/3_Human_Induced,c,2.17966419189908,0.07692672381708193,0,0,0.7974356612896184,0.7974356612896184,1.26956636697516,0.06536790766158783,-0.027768803754087423,90.13921205523636,90.13921205523636,0.06536790766158782,0.06536790766158783,-0.027768803754087426,-0.0019283263081688112,1986.6249999999866,2009.9583333332987,
GWI_anthro,43/3_Human_Induced,c,2.364822542151578,0.07996875063092258,0,0,0.7786149145726511,0.7786149145726511,1.2429666195323499,0.06655914576976245,-0.02752945590257973,88.25062998679684,88.25062998679684,0.06655914576976245,0.06655914576976245,-0.027529455902579734,0.0029571612858049026,1985.9583333333205,2010.2916666666317,
FaIR_nonat_unB,43/1_ERF_FaIR,c,4.426960332323546,0.026031349742145694,49,37,5.741460286768275e-23,2.662746049150059e-20,-1031.5199658936024,0.35778133306219134,0.23042307788234329,-93868.31689631782,-93868.31689631782,0.35778133306219134,0.2693591352325401,0.23042307788234329,0.01461019880421809,1985.7083333333208,2010.2916666666317,
FaIR_anthro_unB,43/1_ERF_FaIR,c,4.288848800478589,0.02363744453071147,69,58,1.1409901609519565e-25,2.8106898351126693e-24,-1466.9798356243978,0.34599056987696936,0.235944432875617,-133495.1650418202,-133495.16504182023,0.34599056987696936,0.26316932601043075,0.235944432875617,0.03160712479387207,1980.7916666666586,2010.2083333332985,
