method_name,method_class,c/r,smooth_r,avg_unc.(1se),#q<0.5,#q<0.1,q_min,q_small5,log-likeli,RMS,bias,tlog-l,100log-l,100RMS,75RMS,100bias,bias50,xyear0.5,xyear1.0,xyear1.5
cent20y,42/1_Run_Means,r,1.0,0.027119864233268946,0,0,1.0,1.0,2.6991530512374595,0.0,0.0,418.36872294180625,243.0349839123142,0.0,0.0,0.0,0.0,1986.6249999999866,2012.8749999999627,
GWI_anthro_CGWL,43/3_Human_Induced,c,2.840500217140791,0.07931361611126161,0,0,0.9993256192913276,0.9993256192913276,1.5280596060713252,0.026941292475467442,0.0016539237584229844,108.49223203106409,108.49223203106409,0.026941292475467442,0.026941292475467442,0.0016539237584229844,-0.00529129532070661,1986.3749999999868,2015.3749999999604,
GWI_anthro_SR15,43/3_Human_Induced,c,2.5884101276091407,0.07154932955336196,0,0,0.9655384167520817,0.9655384167520817,1.5443231177253829,0.037400802413123664,0.0059539211121969115,109.64694135850219,109.6469413585022,0.037400802413123664,0.037400802413123664,0.005953921112196912,-0.008214734491335592,1986.7083333333198,2015.4583333332937,
GWI_anthro,43/3_Human_Induced,c,2.6914096001988663,0.07457915497399432,0,0,0.9916966757768559,0.9916966757768559,1.542746304647498,0.032686240095774394,0.004820808123962087,109.53498762997236,109.53498762997236,0.032686240095774394,0.032686240095774394,0.004820808123962087,-0.006118928758890314,1986.2916666666536,2015.3749999999604,
FaIR_nonat_unB,43/1_ERF_FaIR,c,2.040786361103314,0.02824744108130722,0,0,0.9988109393579072,0.9988109393579072,2.2607370023333333,0.024147294782236303,0.011341365450511957,205.72706721233334,205.72706721233337,0.024147294782236303,0.02206688995030111,0.011341365450511953,0.010204344380414527,1986.7083333333198,2013.3749999999623,
