method_name,method_class,c/r,smooth_r,avg_unc.(1se),#q<0.5,#q<0.1,q_min,q_small5,log-likeli,RMS,bias,tlog-l,100log-l,100RMS,75RMS,100bias,bias50,xyear0.5,xyear1.0,xyear1.5
cent20y,42/1_Run_Means,r,1.0,0.027899601039423908,0,0,1.0,1.0,2.6736698527726297,0.0,0.0,414.4188271797576,236.16268466554322,0.0,0.0,0.0,0.0,1984.2083333333157,2010.791666666625,
lowess1dg20wnc,42/3_ST_Fits,c,3.2274933189193415,0.18047433337049973,0,0,0.9978885343987048,0.9978885343987048,0.7663858518770926,0.05377310612746066,-0.014778987072441732,118.78980704094936,49.740900542033515,0.05978070604140104,0.0510716194491195,-0.014465837544348131,-0.036077044947356064,1986.208333333314,2014.1249999999552,
Kal_flexLin,42/5_Kalman,c,4.508290378872778,0.05317657451406971,4,0,0.28739752203050883,0.6083390548383041,1.5591994424433944,0.05064580239240668,-0.009145735875146811,241.67591357872612,130.85478419073092,0.05558062391676703,0.042849381620694744,-0.009678655840637797,-0.02461986934685505,1982.8749999999836,2014.2083333332885,
GAM_AR1,42/4_GAM_AR1,c,7.555595841342709,0.04330400999414493,34,17,9.490831595018162e-06,0.004285443427157142,1.0334294886914008,0.058543099798425494,-0.013622482170444913,140.5464104620305,61.698195151619785,0.06630334188831256,0.04761192870479564,-0.015975089991567038,-0.02257618226051958,1982.6249999999839,2014.041666666622,
CGWL10y_sfUKCP,44/44_EarthModel_CGWL,c,6.250977093340283,0.050347127513058726,0,0,0.8938775510204081,0.8938775510204081,1.6003204647712819,0.04756845032066619,0.002692551475084379,233.64678785660715,140.9470879536646,0.04906257074858836,0.038058773901840065,-0.0019828226236158117,0.008743113543915727,1985.1249999999816,2011.7083333332907,
