method_name,method_class,c/r,smooth_r,avg_unc.(1se),#q<0.5,#q<0.1,q_min,q_small5,log-likeli,RMS,bias,tlog-l,100log-l,100RMS,75RMS,100bias,bias50,xyear0.5,xyear1.0,xyear1.5
cent20y,42/1_Run_Means,r,1.0,0.026077530017017313,0,0,1.0,1.0,2.7420156929598365,0.0,0.0,425.01243240877466,241.4527022086731,0.0,0.0,0.0,0.0,1984.0416666666492,2010.9583333332914,
lowess1dg20wnc,42/3_ST_Fits,c,3.356548593811018,0.16081849824981348,0,0,0.9999370022701173,0.9999370022701173,0.8967336618396589,0.04562990642246247,-0.013118956148825153,138.99371758514712,59.25311724860579,0.048070175537756596,0.04236098003769282,-0.015535511836322178,-0.033199434418743325,1985.6249999999811,2014.041666666622,
Kal_flexLin,42/5_Kalman,c,4.625963118467051,0.05317657451406971,0,0,0.9941026530598118,0.9941026530598118,1.6926972720806828,0.04378096049232836,-0.008574041723648129,262.3680771725058,149.11689202715328,0.04596770578973448,0.03837797252464673,-0.010721956171153783,-0.02315363218868089,1982.7083333333171,2014.1249999999552,
GAM_AR1,42/4_GAM_AR1,c,7.974284457077829,0.03896422245206385,55,12,0.002355318578141772,0.05417857918884193,1.2190560506303556,0.05024537005912229,-0.011410438760728425,165.79162288572837,140.20804495856996,0.048324315242589816,0.04108867010094757,-0.010321555208096992,-0.02319470293817919,1982.7083333333171,2013.9583333332887,
CGWL10y_sfUKCP,44/44_EarthModel_CGWL,c,6.538220349459355,0.05047760282553011,0,0,0.9221052631578948,0.9221052631578948,1.623569718245924,0.04656564817108315,0.010050499116130969,237.04117886390492,142.0682552912136,0.046445854097397966,0.040773493173129435,0.003715255106520298,0.012641298346757862,1983.29166666665,2009.9583333332923,
