method_name,method_class,c/r,smooth_r,avg_unc.(1se),#q<0.5,#q<0.1,q_min,q_small5,log-likeli,RMS,bias,tlog-l,100log-l,100RMS,75RMS,100bias,bias50,xyear0.5,xyear1.0,xyear1.5
cent20y,42/1_Run_Means,r,1.0,0.026479627148766678,0,0,1.0,1.0,2.724063687574247,0.0,0.0,422.22987157400826,244.5824124364144,0.0,0.0,0.0,0.0,1987.374999999986,2013.2083333332957,
GWI_anthro_CGWL,43/3_Human_Induced,c,2.6803435210185227,0.08021689884104749,0,0,0.9910603083191645,0.9910603083191645,1.5225123054017422,0.02548522276080517,-0.0012387987525490714,108.0983736835237,108.0983736835237,0.025485222760805167,0.02548522276080517,-0.0012387987525490714,-0.006662000718835004,1987.1249999999861,2015.3749999999604,
GWI_anthro_SR15,43/3_Human_Induced,c,2.458323468030701,0.07242621810479007,0,0,0.9397044385375808,0.9397044385375808,1.5303317531382499,0.037869308343627214,0.0025784427824985987,108.65355447281574,108.65355447281574,0.03786930834362722,0.037869308343627214,0.0025784427824985987,-0.010933755613369256,1987.4583333333192,2015.6249999999602,
GWI_anthro,43/3_Human_Induced,c,2.5806106917875393,0.07548201640513226,0,0,0.9618300810776518,0.9618300810776518,1.533639711137882,0.032328861034151384,0.00168609008038532,108.88841949078962,108.8884194907896,0.032328861034151384,0.03232886103415139,0.00168609008038532,-0.008289027466129213,1987.0416666666529,2015.4583333332937,
FaIR_nonat_unB,43/1_ERF_FaIR,c,2.260634459246161,0.028487287736711667,23,0,0.2782401902497027,0.2782401902497027,1.82842761693777,0.03629943412797896,0.027083068705033842,166.38691314133706,166.38691314133706,0.03629943412797896,0.03406959528388118,0.027083068705033842,0.019189561938183452,1987.2083333333194,2013.291666666629,
FaIR_anthro_unB,43/1_ERF_FaIR,c,2.6185551012366424,0.024149552371037747,47,0,0.10820451843043995,0.10820451843043995,1.305363261403409,0.04155715176641351,0.03312115151792989,118.78805678771022,118.78805678771022,0.04155715176641351,0.042337987630162374,0.03312115151792989,0.02965512326052371,1985.791666666654,2013.291666666629,
