method_name,method_class,c/r,smooth_r,avg_unc.(1se),#q<0.5,#q<0.1,q_min,q_small5,log-likeli,RMS,bias,tlog-l,100log-l,100RMS,75RMS,100bias,bias50,xyear0.5,xyear1.0,xyear1.5
cent20y,42/1_Run_Means,r,1.0,0.032249580584353905,0,0,1.0,1.0,2.530592171469427,0.0,0.0,392.24178657776116,233.04387189093563,0.0,0.0,0.0,0.0,1982.208333333324,2009.1249999999661,
GWI_anthro_CGWL,43/3_Human_Induced,c,2.382964935231218,0.09259866066983931,0,0,0.7446920652221946,0.7446920652221946,1.0546402430651962,0.09139945523403134,0.010231364415302051,74.87945725762893,74.87945725762893,0.09139945523403134,0.09139945523403134,0.010231364415302051,0.06481322831108512,1979.7916666666595,2006.1249999999688,
GWI_anthro_SR15,43/3_Human_Induced,c,2.1725135408885765,0.08314540206150138,0,0,0.8405596962530065,0.8405596962530065,1.1842750306862373,0.07763056306077379,0.004235569042996449,84.08352717872285,84.08352717872285,0.07763056306077377,0.07763056306077377,0.004235569042996449,0.04744499471070173,1982.4583333333237,2004.9583333333032,
GWI_anthro,43/3_Human_Induced,c,2.409200310618691,0.08701172353946818,0,0,0.7429201086087422,0.7429201086087422,1.127303136793337,0.08334559081489787,0.006401258181773298,80.03852271232694,80.03852271232694,0.08334559081489787,0.08334559081489787,0.006401258181773298,0.054861869778408526,1981.1249999999916,2006.9583333333014,
FaIR_nonat_unB,43/1_ERF_FaIR,c,1.7469207991808655,0.024575892892008407,37,0,0.23305588585017836,0.23305588585017836,1.8050270969665934,0.034110033246357,-0.006123574711837305,164.25746582396,164.25746582395996,0.034110033246357,0.02945754890710012,-0.006123574711837305,0.006815111148986656,1984.2916666666554,2009.374999999966,
FaIR_anthro_unB,43/1_ERF_FaIR,c,1.5879616655059432,0.0234428389900956,52,0,0.20438631259083104,0.20438631259083104,1.5800175261963203,0.035870354538016895,-0.000944698620963622,143.78159488386515,143.78159488386518,0.035870354538016895,0.03079969429926959,-0.0009446986209636226,0.018076001752803484,1979.624999999993,2008.9583333332996,
