method_name,method_class,c/r,smooth_r,avg_unc.(1se),#q<0.5,#q<0.1,q_min,q_small5,log-likeli,RMS,bias,tlog-l,100log-l,100RMS,75RMS,100bias,bias50,xyear0.5,xyear1.0,xyear1.5
cent20y,42/1_Run_Means,r,1.0,0.028959813651719814,0,0,1.0,1.0,2.638627325116011,0.0,0.0,408.9872353929817,239.24400643709276,0.0,0.0,0.0,0.0,1978.0416666666547,2004.708333333297,
lowess1dg20wnc,42/3_ST_Fits,c,3.9247010026034665,0.0605689209227719,0,0,0.9894735444249666,0.9894735444249666,1.639539836000108,0.04410873751074733,-0.008588012298449903,254.12867458001676,142.39870485923922,0.045491457754290185,0.044696309606418475,-0.016899912586625602,-0.032852901409991433,1980.708333333319,2004.374999999964,
Kal_flexLin,42/5_Kalman,c,5.175984031810892,0.05317657451406971,0,0,0.9767778306220716,0.9767778306220716,1.6975553152310758,0.043598834067464114,-0.008926969212453626,263.12107386081675,154.0320722264503,0.04301506478397598,0.040711706501725134,-0.012352919503334078,-0.02239733410978948,1979.9583333333196,2004.1249999999643,
GAM_AR1,42/4_GAM_AR1,c,3.354554190482247,0.03820840625574206,24,15,1.799420719623761e-08,1.1080558331029187e-05,0.8335957579356629,0.053491823873615604,-0.024410679621688056,113.36902307925016,20.15614766712523,0.06142162176019298,0.06393291427626192,-0.03643816366564801,-0.05469335294406028,1985.6249999999811,2004.374999999964,
CGWL10y_sfUKCP,44/44_EarthModel_CGWL,c,6.353481963782351,0.050089408180886696,0,0,0.876,0.876,1.651584905283311,0.04471668866735414,-0.008106535616426403,241.1313961713634,151.5908304456941,0.04213439487709756,0.037863469093963965,-0.006808504929009541,-0.004768803267292973,1979.6249999999866,2003.374999999965,
