method_name,method_class,c/r,smooth_r,avg_unc.(1se),#q<0.5,#q<0.1,q_min,q_small5,log-likeli,RMS,bias,tlog-l,100log-l,100RMS,75RMS,100bias,bias50,xyear0.5,xyear1.0,xyear1.5
cent20y,42/1_Run_Means,r,1.0,0.032622373927811664,0,0,1.0,1.0,2.5210580980127704,0.0,0.0,390.76400519197944,233.60249852757985,0.0,0.0,0.0,0.0,1987.2083333333194,2012.624999999963,
GWI_anthro_CGWL,43/3_Human_Induced,c,2.496943599102141,0.09339606892654422,0,0,0.8333290296946346,0.8333290296946346,1.0995188178638486,0.08590662944846521,0.02304555119414498,78.06583606833325,78.06583606833324,0.08590662944846521,0.0859066294484652,0.02304555119414498,0.07541543151213809,1983.4583333333228,2009.7916666666322,
GWI_anthro_SR15,43/3_Human_Induced,c,2.2707485171546846,0.08307258577013209,0,0,0.8731029876893643,0.8731029876893643,1.2221978291525335,0.07267535148331546,0.016141808789746533,86.77604586982987,86.77604586982986,0.07267535148331546,0.07267535148331546,0.016141808789746533,0.05435585044318561,1985.9583333333205,2010.6249999999648,
GWI_anthro,43/3_Human_Induced,c,2.5386203952617845,0.08738625411590478,0,0,0.8966634521073403,0.8966634521073403,1.1692066469930573,0.07803301493809472,0.01886477986872899,83.01367193650707,83.01367193650704,0.07803301493809474,0.07803301493809474,0.01886477986872899,0.06343040518383578,1984.2916666666554,2010.7916666666313,
FaIR_nonat_unB,43/1_ERF_FaIR,c,2.419659279565222,0.024408765767079683,64,4,0.0013849029521129312,0.10651023865392716,0.29453804205839657,0.04717914390550198,0.013313037028569405,26.80296182731409,26.802961827314107,0.04717914390550198,0.03276458145082762,0.013313037028569405,-0.013682843136392805,1988.8749999999845,2013.5416666666288,
FaIR_anthro_unB,43/1_ERF_FaIR,c,2.2040613908380244,0.023099625118326153,53,5,0.01774742345984157,0.09740140354286025,0.31266254014784683,0.04468980334825655,0.0287936209532572,28.452291153454063,28.452291153454063,0.04468980334825655,0.03269698817630874,0.0287936209532572,0.008774358631734485,1988.2083333333185,2012.958333333296,
