method_name,method_class,c/r,smooth_r,avg_unc.(1se),#q<0.5,#q<0.1,q_min,q_small5,log-likeli,RMS,bias,tlog-l,100log-l,100RMS,75RMS,100bias,bias50,xyear0.5,xyear1.0,xyear1.5
cent20y,42/1_Run_Means,r,1.0,0.028894750184306952,0,0,1.0,1.0,2.6353216496304297,0.0,0.0,408.4748556927166,238.124120984507,0.0,0.0,0.0,0.0,1987.6249999999793,2012.7083333332898,
lowess1dg20wnc,42/3_ST_Fits,c,3.4615627966432907,0.048596822179043986,13,0,0.43853262169946416,0.43853262169946416,1.5519949419538304,0.049196285246678566,-0.015223169445756201,240.5592160028437,153.2153504964882,0.04356927693387548,0.0468417781448911,-0.011883072606868862,-0.041998276681538715,1989.6249999999775,2015.2083333332876,
Kal_flexLin,42/5_Kalman,c,4.743969018216229,0.05317657451406971,0,0,0.7698860400215553,0.7698860400215553,1.6593489818017977,0.045618923247418446,-0.009420801956389493,257.19909217927864,156.78833104043332,0.04126698176381839,0.043097714184445336,-0.00839132812016068,-0.029960325450917223,1989.124999999978,2015.1249999999543,
GAM_AR1,42/4_GAM_AR1,c,6.756942892823078,0.04779744327196286,11,4,0.0058046524463274424,0.18966101256830675,1.4012709830104646,0.050281777305075916,-0.008846327045197763,190.5728536894232,150.4747235798147,0.04386791205210576,0.046108311048374095,-0.007447528238488149,-0.03345103191276464,1989.2083333333112,2015.041666666621,
CGWL10y_sfUKCP,44/44_EarthModel_CGWL,c,6.067538708119272,0.0503539117954431,0,0,0.98,0.98,1.7504534301208605,0.038066761567099,0.006113049341856046,255.56620079764565,153.71046164104595,0.038696907780149774,0.03765624370708452,0.003338449075694884,0.0026467754355764352,1989.2083333333112,2014.7916666666213,
