method_name,method_class,c/r,smooth_r,avg_unc.(1se),#q<0.5,#q<0.1,q_min,q_small5,log-likeli,RMS,bias,tlog-l,100log-l,100RMS,75RMS,100bias,bias50,xyear0.5,xyear1.0,xyear1.5
cent20y,42/1_Run_Means,r,1.0,0.031692757581488984,0,0,1.0,1.0,2.546282626379493,0.0,0.0,394.6738070888214,233.70635131954043,0.0,0.0,0.0,0.0,1984.8749999999882,2010.4583333332982,
GWI_anthro_CGWL,43/3_Human_Induced,c,2.401168882870325,0.08616291346134063,0,0,0.9779864269198876,0.9779864269198876,1.351077625912682,0.05627654012893468,0.0036072279906570917,95.92651143980042,95.92651143980041,0.05627654012893467,0.05627654012893467,0.0036072279906570917,0.03582553822221158,1982.87499999999,2009.374999999966,
GWI_anthro_SR15,43/3_Human_Induced,c,2.219984409921344,0.07751045555987433,0,0,0.9932647725514148,0.9932647725514148,1.415026997161213,0.054086339918715434,0.0008629556124840574,100.46691679844612,100.4669167984461,0.054086339918715434,0.054086339918715434,0.0008629556124840576,0.02143919514801229,1985.2083333333212,2009.5416666666324,
GWI_anthro,43/3_Human_Induced,c,2.3957231719440317,0.08114488189508488,0,0,0.9675854592405522,0.9675854592405522,1.405422931682159,0.05359631422951047,0.0020866362962367884,99.78502814943329,99.78502814943327,0.05359631422951048,0.05359631422951048,0.002086636296236788,0.027879863169538766,1983.7916666666558,2009.8749999999654,
FaIR_nonat_unB,43/1_ERF_FaIR,c,4.447002350721288,0.026125964471798754,44,37,3.612923837090761e-20,3.612923837090761e-20,-1057.8059157030955,0.36312433406862754,0.22866800571223167,-96260.33832898168,-96260.3383289817,0.36312433406862754,0.2692463839037957,0.22866800571223161,0.009478478385271459,1985.7083333333208,2010.8749999999645,
FaIR_anthro_unB,43/1_ERF_FaIR,c,4.100656159832707,0.023810730379947555,54,40,1.5445495390217974e-25,1.2487438552784932e-24,-1435.6901625475946,0.3471093315381254,0.22512444878805465,-130647.8047918311,-130647.80479183108,0.34710933153812534,0.2587074612271499,0.2251244487880547,0.015536245202900246,1984.7083333333217,2010.7916666666313,
