method_name,method_class,c/r,smooth_r,avg_unc.(1se),#q<0.5,#q<0.1,q_min,q_small5,log-likeli,RMS,bias,tlog-l,100log-l,100RMS,75RMS,100bias,bias50,xyear0.5,xyear1.0,xyear1.5
cent20y,42/1_Run_Means,r,1.0,0.0269941836727845,0,0,1.0,1.0,2.704544427182491,0.0,0.0,419.2043862132861,242.0781029476375,0.0,0.0,0.0,0.0,1984.458333333322,2010.708333333298,
GWI_anthro_CGWL,43/3_Human_Induced,c,2.8735890190213396,0.08044002548496437,0,0,0.9930096561765809,0.9930096561765809,1.5332855240369827,0.02835454894018017,0.00243887342748842,108.86327220662578,108.8632722066258,0.028354548940180174,0.028354548940180174,0.00243887342748842,0.0034553387847094013,1983.2916666666563,2013.958333333295,
GWI_anthro_SR15,43/3_Human_Induced,c,2.6487020831494283,0.07245347685106869,0,0,0.9634832340710479,0.9634832340710479,1.555974075651233,0.036083877583399565,0.004687640473245989,110.47415937123755,110.47415937123755,0.036083877583399565,0.036083877583399565,0.004687640473245989,-0.0023816894691806294,1985.2083333333212,2014.0416666666283,
GWI_anthro,43/3_Human_Induced,c,2.796276529882177,0.07562179183887867,0,0,0.98603954237381,0.98603954237381,1.552362523025664,0.03234065833290771,0.004255448636160026,110.21773913482214,110.21773913482212,0.03234065833290772,0.03234065833290772,0.004255448636160026,0.0008754464777379858,1983.7916666666558,2013.8749999999618,
FaIR_nonat_unB,43/1_ERF_FaIR,c,4.945285860279176,0.028329214645116684,47,37,3.679243162971112e-18,1.0666764564145053e-16,-729.1604622851744,0.3473535705885681,0.22473344630031827,-66353.60206795087,-66353.60206795088,0.3473535705885681,0.25695439021497674,0.22473344630031825,0.019379644202384933,1984.9583333333214,2010.9583333332978,
FaIR_anthro_unB,43/1_ERF_FaIR,c,5.210444212039217,0.024133746960575807,53,42,1.8020176642957905e-23,1.9944490098166956e-22,-1230.6429436257708,0.3299452937756944,0.217561691141317,-111988.50786994514,-111988.50786994514,0.3299452937756945,0.2454903662896123,0.217561691141317,0.022448775127828585,1983.4583333333228,2011.2916666666308,
