method_name,method_class,c/r,smooth_r,avg_unc.(1se),#q<0.5,#q<0.1,q_min,q_small5,log-likeli,RMS,bias,tlog-l,100log-l,100RMS,75RMS,100bias,bias50,xyear0.5,xyear1.0,xyear1.5
cent20y,42/1_Run_Means,r,1.0,0.029126427791077592,0,0,1.0,1.0,2.6343624125572447,0.0,0.0,408.32617394637293,240.36662065391462,0.0,0.0,0.0,0.0,1984.4583333333155,2010.7083333332916,
lowess1dg20wnc,42/3_ST_Fits,c,3.759399137412028,0.23860768458328305,0,0,0.9980831911746144,0.9980831911746144,0.4923963211889407,0.044650920542959265,-0.0035114037723281855,76.32142978428581,32.10681098203566,0.040595181295826954,0.04170907366950627,-0.0158765773197071,-0.02968013965441855,1986.2916666666472,2014.1249999999552,
Kal_flexLin,42/5_Kalman,c,5.1496782920989155,0.05317657451406971,0,0,0.8164569197562782,0.8164569197562782,1.6546958830886282,0.046210818290598935,-0.010605856024633143,256.4778618787374,158.70007430159515,0.04000967618035056,0.03990146831781379,-0.0119719008653173,-0.020717810105614867,1985.5416666666479,2014.2916666666217,
GAM_AR1,42/4_GAM_AR1,c,4.764324567352169,0.041216668365663255,28,20,3.38808242627726e-09,6.54116017906104e-06,0.6559462621304161,0.06653151649923314,-0.01752550225393198,89.20869164973658,38.64781477921031,0.05781516618511465,0.06501596163878863,-0.03265442979477814,-0.05906353089504122,1989.2083333333112,2013.9583333332887,
CGWL10y_sfUKCP,44/44_EarthModel_CGWL,c,6.5285945711971465,0.05055006080337109,0,0,0.9302654867256637,0.9302654867256637,1.5859298650617266,0.045885228024406435,-0.015573390919415835,231.5457602990121,151.18778811376518,0.04038742367953338,0.04018383600308281,-0.011007699073786226,-0.0019495955663204432,1985.6249999999811,2009.9583333332923,
