method_name,method_class,c/r,smooth_r,avg_unc.(1se),#q<0.5,#q<0.1,q_min,q_small5,log-likeli,RMS,bias,tlog-l,100log-l,100RMS,75RMS,100bias,bias50,xyear0.5,xyear1.0,xyear1.5
cent20y,42/1_Run_Means,r,1.0,0.02663465015096765,0,0,1.0,1.0,2.718420892749388,0.0,0.0,421.3552383761551,244.32102849232592,0.0,0.0,0.0,0.0,1987.2916666666526,2013.4583333332955,
GWI_anthro_CGWL,43/3_Human_Induced,c,2.96121284973276,0.08020987223605056,0,0,0.998391036553897,0.998391036553897,1.5247130867008378,0.02640222204106588,0.0016459586335365673,108.25462915575949,108.25462915575949,0.02640222204106588,0.02640222204106588,0.0016459586335365673,-0.0030565782804917634,1986.791666666653,2015.4583333332937,
GWI_anthro_SR15,43/3_Human_Induced,c,2.6998119769664894,0.07228693563958984,0,0,0.9552683552420151,0.9552683552420151,1.537123720795816,0.03749338756889695,0.0050486220148279,109.13578417650294,109.13578417650294,0.03749338756889695,0.03749338756889695,0.0050486220148279,-0.007679950250152375,1987.1249999999861,2015.7083333332935,
GWI_anthro,43/3_Human_Induced,c,2.8179088310973013,0.07541004941664592,0,0,0.9484519350455585,0.9484519350455585,1.5371091184050438,0.032605998811906824,0.004270022312979938,109.13474740675811,109.13474740675812,0.03260599881190682,0.03260599881190682,0.004270022312979938,-0.0048662936567048735,1986.791666666653,2015.541666666627,
FaIR_nonat_unB,43/1_ERF_FaIR,c,2.340324966281263,0.028362034064129977,0,0,0.5770907649623463,0.6311930241775664,2.160962498642389,0.027726305472602634,0.015274591355910794,196.6475873764574,196.64758737645735,0.027726305472602634,0.02611822721315576,0.015274591355910794,0.011138304363075821,1987.7916666666522,2013.624999999962,
