method_name,method_class,c/r,smooth_r,avg_unc.(1se),#q<0.5,#q<0.1,q_min,q_small5,log-likeli,RMS,bias,tlog-l,100log-l,100RMS,75RMS,100bias,bias50,xyear0.5,xyear1.0,xyear1.5
cent20y,42/1_Run_Means,r,1.0,0.03208772669516307,0,0,1.0,1.0,2.533954862741835,0.0,0.0,392.7630037249844,233.60260610856236,0.0,0.0,0.0,0.0,1984.9583333333214,2010.2916666666317,
GWI_anthro_CGWL,43/3_Human_Induced,c,2.2745718551963887,0.09111677003937674,0,0,0.9302411849984102,0.9302411849984102,1.1566541011437985,0.08028804652415193,0.020897184193670874,82.1224411812097,82.1224411812097,0.08028804652415193,0.08028804652415193,0.020897184193670877,0.06828857224887387,1980.624999999992,2008.6249999999666,
GWI_anthro_SR15,43/3_Human_Induced,c,2.0909610638940594,0.08136267567207588,0,0,0.944380103550184,0.944380103550184,1.2808102099197785,0.06717801380089874,0.014892866088609328,90.93752490430427,90.93752490430427,0.06717801380089874,0.06717801380089874,0.01489286608860932,0.04990574952755304,1983.6249999999893,2008.7083333332998,
GWI_anthro,43/3_Human_Induced,c,2.295734249726734,0.08540827025734789,0,0,0.981681858204582,0.981681858204582,1.2267326634137896,0.07238075479226402,0.01716926570513433,87.09801910237907,87.09801910237906,0.07238075479226402,0.07238075479226402,0.017169265705134325,0.05784886712212381,1982.4583333333237,2009.2916666666326,
FaIR_nonat_unB,43/1_ERF_FaIR,c,4.081587848883776,0.024281375847287418,48,38,1.9500072660759052e-25,4.696643098501181e-21,-1103.4274169675646,0.351917622967427,0.21644198152383823,-100411.89494404838,-100411.89494404837,0.351917622967427,0.2528813135002755,0.21644198152383828,0.0026630004040821198,1986.124999999987,2011.1249999999643,
FaIR_anthro_unB,43/1_ERF_FaIR,c,3.949114717824852,0.02282492770851459,53,45,9.900312421011225e-25,3.046578450674792e-23,-1377.665488652272,0.33649918155168407,0.2191286688480138,-125367.55946735675,-125367.55946735677,0.33649918155168407,0.24422930161813028,0.2191286688480138,0.02016755531378118,1985.0416666666547,2010.4583333332982,
