method_name,method_class,c/r,smooth_r,avg_unc.(1se),#q<0.5,#q<0.1,q_min,q_small5,log-likeli,RMS,bias,tlog-l,100log-l,100RMS,75RMS,100bias,bias50,xyear0.5,xyear1.0,xyear1.5
cent20y,42/1_Run_Means,r,1.0,0.032417943475227945,0,0,1.0,1.0,2.523601073601805,0.0,0.0,391.1581664082797,229.6849301907065,0.0,0.0,0.0,0.0,1985.2083333333212,2009.6249999999657,
GWI_anthro_CGWL,43/3_Human_Induced,c,2.381550614854333,0.0866943579500403,0,0,0.9789432782503384,0.9789432782503384,1.3300648295679207,0.061845590929257406,0.020050985595697565,94.43460289932237,94.43460289932236,0.061845590929257406,0.061845590929257406,0.020050985595697565,0.05165502701539936,1981.7083333333244,2008.9583333332996,
GWI_anthro_SR15,43/3_Human_Induced,c,2.173327014727577,0.07791354212014857,0,0,0.9906058043741464,0.9906058043741464,1.4327213337513551,0.052666821140577934,0.01593360431796204,101.72321469634622,101.72321469634622,0.052666821140577934,0.052666821140577934,0.01593360431796204,0.03707682397579218,1984.0416666666556,2009.0416666666329,
GWI_anthro,43/3_Human_Induced,c,2.3595950063903546,0.08149904206943866,0,0,0.9862422752172428,0.9862422752172428,1.397346249484976,0.05549574605426801,0.01744073831435276,99.2115837134333,99.2115837134333,0.05549574605426801,0.05549574605426801,0.01744073831435276,0.04343084831708192,1982.7916666666567,2009.4583333332992,
FaIR_nonat_unB,43/1_ERF_FaIR,c,4.374022811148867,0.025126952540037734,55,36,2.5690028283733076e-22,2.2108403302833804e-20,-1113.3597024432263,0.36375518616280944,0.21832522107332655,-101315.7329223336,-101315.73292233358,0.36375518616280944,0.2587801547351187,0.21832522107332655,-0.0065563950045395124,1986.124999999987,2011.041666666631,
FaIR_anthro_unB,43/1_ERF_FaIR,c,4.179946316430335,0.02341950339429283,56,41,2.7281588459681002e-24,6.0640446228752574e-24,-1468.903735606824,0.3473289372476362,0.21661028118060457,-133670.23994022098,-133670.239940221,0.3473289372476362,0.24848552762074275,0.21661028118060452,0.003914569085712106,1985.458333333321,2010.708333333298,
