method_name,method_class,c/r,smooth_r,avg_unc.(1se),#q<0.5,#q<0.1,q_min,q_small5,log-likeli,RMS,bias,tlog-l,100log-l,100RMS,75RMS,100bias,bias50,xyear0.5,xyear1.0,xyear1.5
cent20y,42/1_Run_Means,r,1.0,0.032607380557764444,0,0,1.0,1.0,2.518997966031041,0.0,0.0,390.4446847348114,232.46249516581037,0.0,0.0,0.0,0.0,1985.8749999999873,2011.4583333332973,
GWI_anthro_CGWL,43/3_Human_Induced,c,2.5593490408994493,0.08927164983280246,0,0,0.9768653726665338,0.9768653726665338,1.1879082101915504,0.07717924178901288,0.016167961286509706,84.34148292360008,84.3414829236001,0.07717924178901288,0.07717924178901288,0.016167961286509706,0.060898736566378155,1982.3749999999905,2010.2083333332985,
GWI_anthro_SR15,43/3_Human_Induced,c,2.3232886285361536,0.07989373435885688,0,0,0.9176530684948248,0.9176530684948248,1.2966823393198028,0.06670608471561439,0.011349847363475612,92.064446091706,92.06444609170602,0.06670608471561439,0.06670608471561439,0.011349847363475612,0.044327165156805126,1984.7083333333217,2010.9583333332978,
GWI_anthro,43/3_Human_Induced,c,2.4674887766458173,0.08377546555891081,0,0,0.9849513158416296,0.9849513158416296,1.2554765637316772,0.07043421922114376,0.013207194285671952,89.13883602494907,89.13883602494906,0.07043421922114376,0.07043421922114376,0.013207194285671953,0.051549932343265305,1983.1249999999898,2011.1249999999643,
FaIR_nonat_unB,43/1_ERF_FaIR,c,1.9518840583573758,0.02485052058787661,10,0,0.1465788480316365,0.24587490026527584,1.6749274787078716,0.03321709272140537,0.004441424195940693,152.4184005624163,152.41840056241628,0.03321709272140537,0.023420447596514123,0.004441424195940693,-0.0014030374497782285,1986.791666666653,2012.4583333332964,
