method_name,method_class,c/r,smooth_r,avg_unc.(1se),#q<0.5,#q<0.1,q_min,q_small5,log-likeli,RMS,bias,tlog-l,100log-l,100RMS,75RMS,100bias,bias50,xyear0.5,xyear1.0,xyear1.5
cent20y,42/1_Run_Means,r,1.0,0.027490233225635537,0,0,1.0,1.0,2.6852428989309867,0.0,0.0,416.2126493343029,238.97854708253536,0.0,0.0,0.0,0.0,1991.1249999999825,2015.9583333332932,
GWI_anthro_CGWL,43/3_Human_Induced,c,2.622733999250735,0.0853048486605522,0,0,0.7866324790014175,0.7866324790014175,1.2846802774007242,0.06737285909959059,0.02404102499962414,91.21229969545142,91.2122996954514,0.06737285909959059,0.06737285909959059,0.02404102499962414,0.06441763673984789,1986.2916666666536,2014.7916666666276,
GWI_anthro_SR15,43/3_Human_Induced,c,2.424582307975851,0.07568932480912144,0,0,0.9316548257377527,0.9316548257377527,1.3579458700663545,0.061034638439340254,0.02056302506215451,96.41415677471117,96.41415677471119,0.061034638439340254,0.061034638439340254,0.02056302506215451,0.047433412214566664,1987.1249999999861,2015.208333333294,
GWI_anthro,43/3_Human_Induced,c,2.603634111494061,0.0797386496128913,0,0,0.8543169398983651,0.8543169398983651,1.3292363546727417,0.06330099740072655,0.022198903983710837,94.37578118176467,94.37578118176467,0.06330099740072655,0.06330099740072655,0.022198903983710837,0.055017487076562656,1986.2916666666536,2015.0416666666274,
FaIR_nonat_unB,43/1_ERF_FaIR,c,2.3296612027587615,0.02819101658438676,49,38,0.0021171598092304725,0.012270625222167372,-4.9199241666475375,0.08246276345541904,0.0577884480020849,-447.7130991649259,-447.7130991649259,0.08246276345541904,0.05863799129514721,0.0577884480020849,0.02395151225411031,1988.8749999999845,2015.7916666666267,
FaIR_anthro_unB,43/1_ERF_FaIR,c,2.1690493849251378,0.024632929178144337,89,60,0.0011542379361795367,0.0014897327997714818,-14.983334101468564,0.09047957930322702,0.07713932372395706,-1363.4834032336394,-1363.4834032336394,0.09047957930322702,0.06906270625764485,0.07713932372395704,0.048297560781191684,1987.4583333333192,2014.7916666666276,
