method_name,method_class,c/r,smooth_r,avg_unc.(1se),#q<0.5,#q<0.1,q_min,q_small5,log-likeli,RMS,bias,tlog-l,100log-l,100RMS,75RMS,100bias,bias50,xyear0.5,xyear1.0,xyear1.5
cent20y,42/1_Run_Means,r,1.0,0.02923066795693619,0,0,1.0,1.0,2.626956500589366,0.0,0.0,407.1782575913517,238.2868414644597,0.0,0.0,0.0,0.0,1985.0416666666547,2010.2916666666317,
GWI_anthro_CGWL,43/3_Human_Induced,c,2.3793607004467674,0.08375515944054138,0,0,0.8625875852546704,0.8625875852546704,1.2879335177356224,0.061550826929215686,-0.009509389775454413,91.44327975922918,91.44327975922917,0.061550826929215686,0.06155082692921569,-0.009509389775454413,0.026288320220825535,1985.2916666666545,2008.8749999999663,
GWI_anthro_SR15,43/3_Human_Induced,c,2.197470326273963,0.07573130537342716,0,0,0.9056566625503506,0.9056566625503506,1.3648054750662009,0.05794379564050414,-0.010110478293304505,96.90118872970027,96.90118872970027,0.05794379564050414,0.05794379564050414,-0.010110478293304507,0.01400863103038596,1986.124999999987,2009.2083333332994,
GWI_anthro,43/3_Human_Induced,c,2.383022409355686,0.07904467596502146,0,0,0.8389903175396383,0.8389903175396383,1.3499210102155679,0.057953208988327294,-0.009434745806331944,95.84439172530531,95.84439172530531,0.057953208988327294,0.057953208988327294,-0.009434745806331945,0.01953129841247083,1985.2083333333212,2009.6249999999657,
FaIR_nonat_unB,43/1_ERF_FaIR,c,5.096255559077013,0.027098330874451473,45,36,7.55308912972216e-21,2.8276696104677605e-19,-954.9489998208088,0.3667167216673838,0.22799036698368363,-86900.3589836936,-86900.35898369359,0.3667167216673838,0.27455301295003265,0.22799036698368358,0.0036247955125057606,1985.5416666666542,2011.041666666631,
