method_name,method_class,c/r,smooth_r,avg_unc.(1se),#q<0.5,#q<0.1,q_min,q_small5,log-likeli,RMS,bias,tlog-l,100log-l,100RMS,75RMS,100bias,bias50,xyear0.5,xyear1.0,xyear1.5
cent20y,42/1_Run_Means,r,1.0,0.027880982825362322,0,0,1.0,1.0,2.673761942013916,0.0,0.0,414.43310101215695,241.88939553820444,0.0,0.0,0.0,0.0,1975.87499999999,2004.9583333332969,
lowess1dg20wnc,42/3_ST_Fits,c,4.173985735788729,0.06731339786874853,0,0,0.9979644069597209,0.9979644069597209,1.6169324281866428,0.041212256565983076,-0.0018076506972429817,250.62452636892965,142.3425093393226,0.03918536634966514,0.039166690536835295,-0.016686327518690876,-0.03053888905453493,1979.5416666666533,2004.9583333332969,
Kal_flexLin,42/5_Kalman,c,5.757984734031228,0.05317657451406971,0,0,0.9979458956687335,0.9979458956687335,1.7540647007615844,0.04101308338553219,-0.010824719052688956,271.88002861804557,161.81936385984199,0.03786867924900088,0.03590091647572512,-0.01292990181061211,-0.02083150229475344,1978.9583333333205,2004.5416666666306,
GAM_AR1,42/4_GAM_AR1,c,5.6531449143722705,0.04130992638066623,28,15,3.635987568951091e-05,0.02032701659268653,1.2754928336564257,0.045908683948878024,0.0014152449462129808,173.4670253772739,103.37032642918797,0.04336134721992921,0.046358565605082634,-0.004325291615663281,-0.028288619926726155,1980.7916666666522,2004.7916666666304,
CGWL10y_sfUKCP,44/44_EarthModel_CGWL,c,6.895557776204836,0.050275739258335485,0,0,0.8435555555555555,0.8435555555555555,1.5229607491816937,0.04927731466328841,-0.013711827013127257,222.35226938052728,152.65567361406886,0.040298964733953314,0.037832997400296435,-0.004610223583967421,0.0016671347894573127,1976.6249999999893,2004.041666666631,
