method_name,method_class,c/r,smooth_r,avg_unc.(1se),#q<0.5,#q<0.1,q_min,q_small5,log-likeli,RMS,bias,tlog-l,100log-l,100RMS,75RMS,100bias,bias50,xyear0.5,xyear1.0,xyear1.5
cent20y,42/1_Run_Means,r,1.0,0.03057134785666149,0,0,1.0,1.0,2.58039351685681,0.0,0.0,399.96099511280556,236.51281458897924,0.0,0.0,0.0,0.0,1984.9583333333214,2010.4583333332982,
GWI_anthro_CGWL,43/3_Human_Induced,c,2.5300146414711726,0.08532588349066313,0,0,0.92900458368977,0.92900458368977,1.2811670144349383,0.06690033814237951,0.006191492754120774,90.96285802488062,90.9628580248806,0.06690033814237951,0.06690033814237951,0.006191492754120774,0.0458694824706106,1982.7916666666567,2009.374999999966,
GWI_anthro_SR15,43/3_Human_Induced,c,2.3347735252506356,0.07658700290690976,0,0,0.9382826028223272,0.9382826028223272,1.367810821661849,0.06159421572558917,0.0028534696630457723,97.11456833799127,97.1145683379913,0.06159421572558918,0.06159421572558917,0.0028534696630457723,0.031253742958837843,1984.8749999999882,2009.4583333332992,
GWI_anthro,43/3_Human_Induced,c,2.47557570781418,0.08026837055148109,0,0,0.926182663342466,0.926182663342466,1.3425087376978968,0.0631027772562561,0.004185358259129961,95.31812037655067,95.31812037655067,0.06310277725625611,0.06310277725625611,0.004185358259129961,0.03768988562276753,1983.6249999999893,2009.7916666666322,
FaIR_nonat_unB,43/1_ERF_FaIR,c,4.4261098357122615,0.027195703322849922,64,36,5.595471092315836e-22,8.093947107724887e-21,-1078.579548302018,0.3830415977224785,0.2303487999184367,-98150.73889548365,-98150.73889548365,0.3830415977224785,0.27386607719657585,0.23034879991843665,-0.00552998450090077,1986.0416666666538,2011.5416666666306,
