method_name,method_class,c/r,smooth_r,avg_unc.(1se),#q<0.5,#q<0.1,q_min,q_small5,log-likeli,RMS,bias,tlog-l,100log-l,100RMS,75RMS,100bias,bias50,xyear0.5,xyear1.0,xyear1.5
cent20y,42/1_Run_Means,r,1.0,0.02887895793572621,0,0,1.0,1.0,2.6371934352656736,0.0,0.0,408.7649824661794,236.5545317987564,0.0,0.0,0.0,0.0,1985.6249999999875,2011.1249999999643,
GWI_anthro_CGWL,43/3_Human_Induced,c,2.7051352770802057,0.07735193446818256,0,0,0.992481837023464,0.992481837023464,1.3834997299485534,0.05417790118602597,-0.0241974833928764,98.2284808263473,98.22848082634728,0.05417790118602597,0.054177901186025966,-0.0241974833928764,0.0037501773277005147,1985.7083333333208,2013.2083333332957,
GWI_anthro_SR15,43/3_Human_Induced,c,2.4931093477772617,0.07106682840637903,0,0,0.9229247426361011,0.9229247426361011,1.4950515445132873,0.04907512400905062,-0.019714598883789358,106.1486596604434,106.1486596604434,0.049075124009050626,0.049075124009050626,-0.01971459888378936,0.00027978303467590914,1986.124999999987,2013.4583333332955,
GWI_anthro,43/3_Human_Induced,c,2.621337004751395,0.07353239099288561,0,0,0.9759984752069418,0.9759984752069418,1.4622391570771904,0.0505963317830146,-0.02080646456152615,103.81898015248052,103.81898015248049,0.0505963317830146,0.0505963317830146,-0.02080646456152615,0.0023538646067180805,1985.458333333321,2013.3749999999623,
FaIR_nonat_unB,43/1_ERF_FaIR,c,1.9795216163147313,0.02775295798415177,0,0,0.6976640002268587,0.7033293697978598,1.9399868532951432,0.032890745343408544,0.015378012652426776,176.53880364985804,176.53880364985804,0.03289074534340855,0.02749132227404862,0.015378012652426777,0.010761823125695017,1985.124999999988,2011.708333333297,
