method_name,method_class,c/r,smooth_r,avg_unc.(1se),#q<0.5,#q<0.1,q_min,q_small5,log-likeli,RMS,bias,tlog-l,100log-l,100RMS,75RMS,100bias,bias50,xyear0.5,xyear1.0,xyear1.5
cent20y,42/1_Run_Means,r,1.0,0.03208772669516307,0,0,1.0,1.0,2.533954862741835,0.0,0.0,392.7630037249844,233.60260610856236,0.0,0.0,0.0,0.0,1984.9583333333214,2010.2916666666317,
GWI_anthro_CGWL,43/3_Human_Induced,c,2.2745718551963887,0.09111677003937674,0,0,0.9302411849984102,0.9302411849984102,1.1566541011437985,0.08028804652415193,0.020897184193670874,82.1224411812097,82.1224411812097,0.08028804652415193,0.08028804652415193,0.020897184193670877,0.06828857224887387,1980.624999999992,2008.6249999999666,
GWI_anthro_SR15,43/3_Human_Induced,c,2.0909610638940594,0.08136267567207588,0,0,0.944380103550184,0.944380103550184,1.2808102099197785,0.06717801380089874,0.014892866088609328,90.93752490430427,90.93752490430427,0.06717801380089874,0.06717801380089874,0.01489286608860932,0.04990574952755304,1983.6249999999893,2008.7083333332998,
GWI_anthro,43/3_Human_Induced,c,2.295734249726734,0.08540827025734789,0,0,0.981681858204582,0.981681858204582,1.2267326634137896,0.07238075479226402,0.01716926570513433,87.09801910237907,87.09801910237906,0.07238075479226402,0.07238075479226402,0.017169265705134325,0.05784886712212381,1982.4583333333237,2009.2916666666326,
FaIR_nonat_unB,43/1_ERF_FaIR,c,4.083590759074962,0.024344392982870937,49,38,1.1771234268078874e-23,4.6289679061739424e-21,-1090.2021642724935,0.35200736455339127,0.2164792802646876,-99208.39694879692,-99208.3969487969,0.35200736455339127,0.25287282046072806,0.21647928026468757,0.002678580987465787,1986.124999999987,2011.1249999999643,
FaIR_anthro_unB,43/1_ERF_FaIR,c,3.948486128281112,0.02282364037296058,53,44,7.130043048284668e-24,1.184096691210303e-23,-1368.654279123565,0.3364718990115774,0.21908743092616254,-124547.53940024441,-124547.53940024441,0.3364718990115775,0.24420505320360794,0.21908743092616254,0.020104932406729777,1985.0416666666547,2010.4583333332982,
