method_name,method_class,c/r,smooth_r,avg_unc.(1se),#q<0.5,#q<0.1,q_min,q_small5,log-likeli,RMS,bias,tlog-l,100log-l,100RMS,75RMS,100bias,bias50,xyear0.5,xyear1.0,xyear1.5
cent20y,42/1_Run_Means,r,1.0,0.030566904144207485,0,0,1.0,1.0,2.5805526452722027,0.0,0.0,399.98566001719144,236.52459079855288,0.0,0.0,0.0,0.0,1981.6249999999911,2008.0416666666338,
GWI_anthro_CGWL,43/3_Human_Induced,c,2.529550397284592,0.08532588361307099,0,0,0.9338700606668396,0.9338700606668396,1.2800964991524406,0.06726622541005617,0.009399055564771901,90.88685143982329,90.88685143982329,0.06726622541005617,0.06726622541005615,0.009399055564771901,0.049072561205677295,1980.5416666666588,2004.7083333333035,
GWI_anthro_SR15,43/3_Human_Induced,c,2.3344205747784588,0.07658700296485703,0,0,0.9437359177857314,0.9437359177857314,1.3667207720274204,0.06181070551210918,0.006062901411399558,97.03717481394685,97.03717481394685,0.061810705512109175,0.061810705512109175,0.006062901411399559,0.0344594164590839,1982.7083333333235,2003.3749999999714,
GWI_anthro,43/3_Human_Induced,c,2.4753191386914484,0.08026837090243816,0,0,0.9057775458606825,0.9057775458606825,1.3410853819888733,0.0633825726391121,0.007393420789665286,95.21706212121,95.21706212121,0.0633825726391121,0.0633825726391121,0.007393420789665286,0.04089350780167743,1982.0416666666574,2004.541666666637,
FaIR_nonat_unB,43/1_ERF_FaIR,c,1.578344423075652,0.027172324997977743,0,0,0.5626634958382878,0.5626634958382878,2.0004434800298623,0.03233507174875537,-0.0007004767231720277,182.04035668271746,182.04035668271746,0.03233507174875537,0.02549503735304898,-0.0007004767231720277,-0.003167358958371588,1983.6249999999893,2009.1249999999661,
