method_name,method_class,c/r,smooth_r,avg_unc.(1se),#q<0.5,#q<0.1,q_min,q_small5,log-likeli,RMS,bias,tlog-l,100log-l,100RMS,75RMS,100bias,bias50,xyear0.5,xyear1.0,xyear1.5
cent20y,42/1_Run_Means,r,1.0,0.027095800081717553,0,0,1.0,1.0,2.6997748202164296,0.0,0.0,418.4650971335466,243.54139085772002,0.0,0.0,0.0,0.0,1988.2916666666517,2014.2083333332948,
GWI_anthro_CGWL,43/3_Human_Induced,c,2.755067728603043,0.08093939287897643,0,0,0.9918192722670718,0.9918192722670718,1.535074013829289,0.023711041950341308,0.00630442138062462,108.99025498187953,108.99025498187952,0.02371104195034131,0.023711041950341308,0.00630442138062462,0.00520696757845364,1987.374999999986,2015.541666666627,
GWI_anthro_SR15,43/3_Human_Induced,c,2.531806416424211,0.07281188893625633,0,0,0.971862160001735,0.971862160001735,1.5394669542587756,0.037307699573757194,0.008989988790306816,109.30215375237306,109.30215375237304,0.037307699573757194,0.037307699573757194,0.008989988790306816,-0.0011879229467862715,1987.7916666666522,2015.7916666666267,
GWI_anthro,43/3_Human_Induced,c,2.668155843829758,0.07605292565911419,0,0,0.9747014842369205,0.9747014842369205,1.5412539408323351,0.03160803883403778,0.008498705262784505,109.42902979909579,109.42902979909579,0.03160803883403778,0.03160803883403778,0.008498705262784505,0.002331851848339529,1987.374999999986,2015.541666666627,
FaIR_nonat_unB,43/1_ERF_FaIR,c,2.7421333834212014,0.02822473651972663,44,11,0.07562064381413658,0.07562064381413658,1.3831567089765655,0.04490515680874147,0.034864852482533674,125.86726051686746,125.86726051686746,0.04490515680874147,0.03988067357513632,0.034864852482533674,0.02159254321969723,1988.4583333333183,2014.0416666666283,
FaIR_anthro_unB,43/1_ERF_FaIR,c,2.4202323969041157,0.024204741773027744,71,0,0.11290906271002431,0.11290906271002431,0.5285167554731169,0.050931790508279534,0.04441801745645394,48.095024748053646,48.095024748053646,0.050931790508279534,0.049606950758013156,0.04441801745645394,0.03604204060566167,1986.2916666666536,2013.8749999999618,
