method_name,method_class,c/r,smooth_r,avg_unc.(1se),#q<0.5,#q<0.1,q_min,q_small5,log-likeli,RMS,bias,tlog-l,100log-l,100RMS,75RMS,100bias,bias50,xyear0.5,xyear1.0,xyear1.5
cent20y,42/1_Run_Means,r,1.0,0.028204047156492038,0,0,1.0,1.0,2.6640354794898924,0.0,0.0,412.92549932093334,242.14280368801343,0.0,0.0,0.0,0.0,1975.45833333333,2004.7083333333035,
GWI_anthro_CGWL,43/3_Human_Induced,c,2.714734137263381,0.07243890591118471,0,0,0.9089573247845931,0.9089573247845931,1.3423696315109257,0.06279529550442575,-0.05403066951446921,95.30824383727573,95.30824383727571,0.06279529550442575,0.06279529550442577,-0.054030669514469214,-0.06967322965841047,1980.5416666666588,2008.2083333333003,
GWI_anthro_SR15,43/3_Human_Induced,c,2.4648469073049166,0.0669615814144885,0,0,0.9986390004775837,0.9986390004775837,1.508706935833197,0.04878506817354154,-0.036632920758450656,107.11819244415699,107.11819244415699,0.04878506817354154,0.04878506817354154,-0.036632920758450656,-0.05103383781842719,1979.7083333333262,2006.1249999999688,
GWI_anthro,43/3_Human_Induced,c,2.5928402564925372,0.0689294776201448,0,0,0.9873498689732496,0.9873498689732496,1.456033680607833,0.05332886134007138,-0.04241063817113955,103.37839132315614,103.37839132315614,0.05332886134007138,0.05332886134007138,-0.042410638171139554,-0.05793269582796135,1979.8749999999927,2006.8749999999682,
FaIR_nonat_unB,43/1_ERF_FaIR,c,2.095383060022795,0.028889814748551273,55,0,0.32753800173538583,0.32753800173538583,1.6679232494887497,0.040624441252727295,-0.0172256202037243,151.7810157034762,151.7810157034762,0.040624441252727295,0.04057666531052104,-0.0172256202037243,0.008509669030677224,1977.708333333328,2000.7916666666404,
FaIR_anthro_unB,43/1_ERF_FaIR,c,1.9548443122597337,0.025775043291305432,71,14,0.07869419522213814,0.07869419522213814,0.9655242708798106,0.04642015767826726,-0.034360718746436675,87.86270865006277,87.86270865006276,0.046420157678267265,0.042261979147622114,-0.034360718746436675,-0.012132277652759864,1977.5416666666615,2002.7916666666385,
