method_name,method_class,c/r,smooth_r,avg_unc.(1se),#q<0.5,#q<0.1,q_min,q_small5,log-likeli,RMS,bias,tlog-l,100log-l,100RMS,75RMS,100bias,bias50,xyear0.5,xyear1.0,xyear1.5
cent20y,42/1_Run_Means,r,1.0,0.03015188434031753,0,0,1.0,1.0,2.593583172927422,0.0,0.0,402.0053918037504,236.9278522553392,0.0,0.0,0.0,0.0,1978.4583333333273,2005.7916666666358,
GWI_anthro_CGWL,43/3_Human_Induced,c,2.536889637162277,0.08064659981026963,0,0,0.9789855966557716,0.9789855966557716,1.478417115765379,0.041814898086732,0.0012990112846865672,104.96761521934191,104.96761521934191,0.04181489808673199,0.04181489808673199,0.0012990112846865672,0.009030567329476715,1978.041666666661,2005.7916666666358,
GWI_anthro_SR15,43/3_Human_Induced,c,2.301060449273942,0.07309553308635632,0,0,0.9985196743650032,0.9985196743650032,1.5452278077700463,0.04032036527389456,0.0029255685238442604,109.7111743516733,109.7111743516733,0.04032036527389456,0.04032036527389456,0.0029255685238442604,0.004483284737444711,1979.624999999993,2004.6249999999702,
GWI_anthro,43/3_Human_Induced,c,2.415894633894815,0.0760350020309172,0,0,0.9902578788147488,0.9902578788147488,1.5310536713418024,0.039979822369793715,0.0023094238681541823,108.70481066526797,108.70481066526796,0.039979822369793715,0.039979822369793715,0.0023094238681541823,0.006916214745820089,1979.0416666666601,2005.6249999999693,
FaIR_nonat_unB,43/1_ERF_FaIR,c,1.8730558974762097,0.028134745503106198,43,0,0.11804129283320722,0.11804129283320722,1.278278773618903,0.04795105780670668,-0.019286430961903474,116.32336839932017,116.3233683993202,0.04795105780670668,0.04341606642472491,-0.019286430961903474,0.014062083015732963,1978.2916666666608,2002.7083333333053,
FaIR_anthro_unB,43/1_ERF_FaIR,c,1.7581493122534197,0.025305134067041782,41,21,0.05517830750302712,0.05517830750302712,-0.6606817728657702,0.053905604886593045,-0.03163431855367998,-60.12204133078509,-60.122041330785095,0.05390560488659305,0.04499423297726521,-0.031634318553679985,0.0010723225248467192,1977.8749999999945,2005.0416666666365,
