method_name,method_class,c/r,smooth_r,avg_unc.(1se),#q<0.5,#q<0.1,q_min,q_small5,log-likeli,RMS,bias,tlog-l,100log-l,100RMS,75RMS,100bias,bias50,xyear0.5,xyear1.0,xyear1.5
cent20y,42/1_Run_Means,r,1.0,0.027538787603032435,0,0,1.0,1.0,2.6864766206568373,0.0,0.0,416.4038762018098,242.21340499086128,0.0,0.0,0.0,0.0,1984.2916666666554,2010.1249999999652,
GWI_anthro_CGWL,43/3_Human_Induced,c,2.782827927307113,0.07980076146637538,0,0,0.9983086100104743,0.9983086100104743,1.485962510858586,0.03303080708125033,-0.007469143104654881,105.50333827095962,105.50333827095963,0.03303080708125033,0.03303080708125033,-0.0074691431046548795,-0.014768743267108106,1985.0416666666547,2013.958333333295,
GWI_anthro_SR15,43/3_Human_Induced,c,2.5395924667215857,0.0719412087913964,0,0,0.9262990536233527,0.9262990536233527,1.4910980489840022,0.04290646134218696,-0.003796586318050234,105.86796147786416,105.86796147786416,0.042906461342186966,0.042906461342186966,-0.0037965863180502335,-0.01882857876860088,1985.9583333333205,2014.0416666666283,
GWI_anthro,43/3_Human_Induced,c,2.6322788974195954,0.07501113113391851,0,0,0.9605963906637925,0.9605963906637925,1.4952934228135302,0.03832492342435984,-0.004679926029361657,106.16583301976064,106.16583301976064,0.03832492342435984,0.03832492342435984,-0.004679926029361658,-0.01631543088286396,1984.9583333333214,2013.958333333295,
FaIR_nonat_unB,43/1_ERF_FaIR,c,5.391900527434653,0.028171819439125362,48,39,1.9668328450942293e-18,4.069136905284491e-18,-769.9547424992566,0.35092805827683876,0.22437066783799228,-70065.88156743234,-70065.88156743234,0.35092805827683876,0.26288689932469755,0.22437066783799228,0.013789717675889164,1984.791666666655,2010.7916666666313,
FaIR_anthro_unB,43/1_ERF_FaIR,c,5.13650301050572,0.024139436414322046,61,45,1.4730806512758855e-24,5.9241028955583355e-24,-1311.6160378762454,0.3337026815293086,0.21761942766424824,-119357.05944673833,-119357.05944673832,0.3337026815293086,0.2517783905987231,0.21761942766424827,0.016839751075247055,1984.0416666666556,2011.041666666631,
