method_name,method_class,c/r,smooth_r,avg_unc.(1se),#q<0.5,#q<0.1,q_min,q_small5,log-likeli,RMS,bias,tlog-l,100log-l,100RMS,75RMS,100bias,bias50,xyear0.5,xyear1.0,xyear1.5
cent20y,42/1_Run_Means,r,1.0,0.029005350678487023,0,0,1.0,1.0,2.6394072707854366,0.0,0.0,409.10812697174265,241.19297627331906,0.0,0.0,0.0,0.0,1984.5416666666488,2010.2916666666254,
lowess1dg20wnc,42/3_ST_Fits,c,4.038045163105332,0.2119449487678283,0,0,0.9998474150166975,0.9998474150166975,0.6128126765580708,0.04466207291279473,-0.011648208094223391,94.98596486650098,41.668271896427186,0.04055729989692676,0.03921682803603699,-0.017645957256112104,-0.031048480817324385,1986.0416666666474,2013.374999999956,
Kal_flexLin,42/5_Kalman,c,5.136941112813353,0.05317657451406971,0,0,0.9851516885776,0.9851516885776,1.6811014423667316,0.04478297869811297,-0.010577587224651552,260.5707235668434,160.04145335202276,0.03910335818076421,0.036751632624912274,-0.013165006983556885,-0.022159972729710015,1985.291666666648,2013.5416666666224,
GAM_AR1,42/4_GAM_AR1,c,3.0814617056257423,0.03948006391862074,48,16,0.00016276483221400206,0.011275600191552632,1.1203034863521326,0.055563270901972876,-0.03229288414834802,152.36127414389003,62.78355477751852,0.06293662563497197,0.0656780171360032,-0.0509760828703451,-0.07003482274593772,1989.124999999978,2013.374999999956,
CGWL10y_sfUKCP,44/44_EarthModel_CGWL,c,5.932108895088309,0.04999401458809453,0,0,0.9408888888888888,0.9408888888888888,1.6655766053505097,0.04393135839806615,-0.007409200841349455,243.1741843811744,151.19699590242013,0.04174333786034364,0.04057891655349731,-0.0070844733333190425,-0.00105450397515297,1985.5416666666479,2009.874999999959,
