method_name,method_class,c/r,smooth_r,avg_unc.(1se),#q<0.5,#q<0.1,q_min,q_small5,log-likeli,RMS,bias,tlog-l,100log-l,100RMS,75RMS,100bias,bias50,xyear0.5,xyear1.0,xyear1.5
cent20y,42/1_Run_Means,r,1.0,0.02961696385895183,0,0,1.0,1.0,2.6140850822414987,0.0,0.0,405.18318774743227,233.31056461509678,0.0,0.0,0.0,0.0,1980.624999999992,2008.2916666666335,
GWI_anthro_CGWL,43/3_Human_Induced,c,2.6494289487202973,0.08002362385158544,0,0,0.9996668151777974,0.9996668151777974,1.5087636337167578,0.04278603359031337,0.014450917841566407,107.1222179938898,107.12221799388982,0.042786033590313376,0.04278603359031337,0.014450917841566407,0.027958600512794717,1979.7083333333262,2008.124999999967,
GWI_anthro_SR15,43/3_Human_Induced,c,2.450305104336818,0.07220103224342862,0,0,0.981772239740873,0.981772239740873,1.5438812549427259,0.04375974277579056,0.014386724728246529,109.61556910093354,109.61556910093354,0.043759742775790554,0.043759742775790554,0.014386724728246529,0.019838166177406722,1981.291666666658,2006.6249999999684,
GWI_anthro,43/3_Human_Induced,c,2.5552290613256203,0.0753482197790915,0,0,0.9984829325980348,0.9984829325980348,1.5410187088900813,0.042335960193793085,0.01454314750817265,109.41232833119577,109.41232833119575,0.04233596019379309,0.04233596019379309,0.01454314750817265,0.023761980068806268,1980.5416666666588,2008.4583333333,
FaIR_nonat_unB,43/1_ERF_FaIR,c,1.8459979173325807,0.02784847049790625,21,0,0.4669879216471619,0.4669879216471619,1.8560908672994056,0.03677930855087451,-0.011629015812832124,168.9042689242459,168.90426892424594,0.03677930855087451,0.029934105987959966,-0.011629015812832124,0.005660835071543861,1981.3749999999914,2009.2083333332994,
