method_name,method_class,c/r,smooth_r,avg_unc.(1se),#q<0.5,#q<0.1,q_min,q_small5,log-likeli,RMS,bias,tlog-l,100log-l,100RMS,75RMS,100bias,bias50,xyear0.5,xyear1.0,xyear1.5
cent20y,42/1_Run_Means,r,1.0,0.028728306138772502,0,0,1.0,1.0,2.647754624557361,0.0,0.0,410.40196680639093,240.96227069821015,0.0,0.0,0.0,0.0,1984.6249999999884,2010.7916666666313,
GWI_anthro_CGWL,43/3_Human_Induced,c,2.5868242846453238,0.07182469506191379,0,0,0.7618159618126668,0.7618159618126668,1.252872172410556,0.07061018044606757,-0.06186102537123773,88.95392424114948,88.95392424114948,0.07061018044606758,0.07061018044606758,-0.06186102537123773,-0.07145956558482496,1987.9583333333187,2015.541666666627,
GWI_anthro_SR15,43/3_Human_Induced,c,2.3535651474605355,0.06660859583637167,0,0,0.816083056022604,0.816083056022604,1.402740292912024,0.05963021163866209,-0.047723714052977324,99.59456079675371,99.5945607967537,0.05963021163866209,0.05963021163866209,-0.04772371405297732,-0.05834237753963214,1987.708333333319,2015.3749999999604,
GWI_anthro,43/3_Human_Induced,c,2.428568052492364,0.06849798099074739,0,0,0.8591239953967238,0.8591239953967238,1.3593996872309158,0.06276902875004765,-0.052363481367421576,96.51737779339501,96.517377793395,0.06276902875004767,0.06276902875004767,-0.052363481367421576,-0.06313518633861387,1987.708333333319,2015.3749999999604,
FaIR_nonat_unB,43/1_ERF_FaIR,c,5.107214631059289,0.028808842368674193,72,37,6.995751594634979e-22,1.737984363717067e-21,-1053.6461528670775,0.4011915770243062,0.24308264749144368,-95881.79991090405,-95881.79991090404,0.4011915770243062,0.29545591606953475,0.24308264749144365,-0.0007061357212603829,1985.791666666654,2011.8749999999636,
FaIR_anthro_unB,43/1_ERF_FaIR,c,5.023449273919183,0.02563822267799174,79,39,1.044823679885206e-30,4.593647227358308e-29,-1794.2701654249295,0.37741373602088985,0.2177314377001741,-163278.5850536686,-163278.58505366856,0.37741373602088985,0.2806825560638925,0.21773143770017406,-0.02131344757865677,1986.5416666666533,2013.1249999999625,
