method_name,method_class,c/r,smooth_r,avg_unc.(1se),#q<0.5,#q<0.1,q_min,q_small5,log-likeli,RMS,bias,tlog-l,100log-l,100RMS,75RMS,100bias,bias50,xyear0.5,xyear1.0,xyear1.5
cent20y,42/1_Run_Means,r,1.0,0.030337384575720924,0,0,1.0,1.0,2.591807828086125,0.0,0.0,401.7302133533494,236.8646862975236,0.0,0.0,0.0,0.0,1985.124999999988,2010.5416666666315,
GWI_anthro_CGWL,43/3_Human_Induced,c,2.5168545695305204,0.08183509439313932,0,0,0.9989824156508995,0.9989824156508995,1.5043776617716558,0.034321031351147946,-0.005886093844725903,106.81081398578756,106.81081398578755,0.034321031351147946,0.034321031351147946,-0.005886093844725904,0.006002072726955699,1985.2916666666545,2012.7083333332962,
GWI_anthro_SR15,43/3_Human_Induced,c,2.3115940749760204,0.07402472282015343,0,0,0.9956292162993926,0.9956292162993926,1.5386924538002216,0.040615132852760194,-0.004350576745778008,109.24716421981573,109.24716421981573,0.040615132852760194,0.040615132852760194,-0.004350576745778008,-0.0009733476005703366,1986.124999999987,2012.7916666666295,
GWI_anthro,43/3_Human_Induced,c,2.4063466110139125,0.07718145247763068,0,0,0.9963211043680418,0.9963211043680418,1.5398760501140232,0.036694315250836426,-0.004687610950070233,109.33119955809565,109.33119955809565,0.036694315250836426,0.036694315250836426,-0.004687610950070233,0.0024947421952671855,1985.2916666666545,2012.7916666666295,
FaIR_nonat_unB,43/1_ERF_FaIR,c,4.626572214538883,0.027397821469436524,45,37,1.3952831705582067e-21,1.0361359147115352e-20,-1011.691989541924,0.37704295260608467,0.23453082810272274,-92063.97104831508,-92063.97104831508,0.37704295260608467,0.2797049344677558,0.2345308281027228,0.005773986484129278,1985.791666666654,2010.708333333298,
FaIR_anthro_unB,43/1_ERF_FaIR,c,4.6348835395591985,0.024598922701195777,39,35,8.973408507798482e-27,7.346107936581164e-25,-1526.3594040427063,0.35662375010498215,0.2197231219860122,-138898.70576788628,-138898.70576788625,0.35662375010498215,0.2661167654802129,0.21972312198601227,-0.0016446453045350286,1985.5416666666542,2011.374999999964,
