method_name,method_class,c/r,smooth_r,avg_unc.(1se),#q<0.5,#q<0.1,q_min,q_small5,log-likeli,RMS,bias,tlog-l,100log-l,100RMS,75RMS,100bias,bias50,xyear0.5,xyear1.0,xyear1.5
cent20y,42/1_Run_Means,r,1.0,0.026863337879081736,0,0,1.0,1.0,2.7104665005064486,0.0,0.0,420.12230757849954,243.58144624302932,0.0,0.0,0.0,0.0,1984.5416666666551,2010.6249999999648,
GWI_anthro_CGWL,43/3_Human_Induced,c,2.8899212098256,0.08045582977612285,0,0,0.9986939896387277,0.9986939896387277,1.491442995467276,0.028496888295276426,-0.006255664874180809,105.8924526781766,105.89245267817658,0.028496888295276426,0.028496888295276426,-0.006255664874180809,-0.016822438021540265,1986.124999999987,2013.958333333295,
GWI_anthro_SR15,43/3_Human_Induced,c,2.645733285957252,0.07252733974529836,0,0,0.9828059381638908,0.9828059381638908,1.4925443590270089,0.041975475036605245,-0.0012003164776848527,105.97064949091762,105.97064949091762,0.041975475036605245,0.041975475036605245,-0.0012003164776848527,-0.01971480606640531,1986.3749999999868,2014.1249999999616,
GWI_anthro,43/3_Human_Induced,c,2.781119786607603,0.07562730355086515,0,0,0.9774691957777091,0.9774691957777091,1.4961543733953637,0.03651223158396875,-0.002424600204313555,106.22696051107083,106.22696051107084,0.03651223158396875,0.03651223158396875,-0.002424600204313555,-0.01752198736682419,1986.0416666666538,2014.0416666666283,
FaIR_nonat_unB,43/1_ERF_FaIR,c,5.5917241696309,0.028456874467333363,50,38,7.790324957992122e-18,3.3321939084931864e-16,-706.0926241343408,0.3428190234686143,0.22243899381581067,-64254.42879622501,-64254.428796225,0.34281902346861426,0.2600418894927017,0.22243899381581067,0.01781983357881286,1985.2083333333212,2011.041666666631,
FaIR_anthro_unB,43/1_ERF_FaIR,c,5.061011563846937,0.02419589374966387,72,53,8.132192583903731e-25,6.705989470272754e-23,-1228.094180833388,0.32870417101552774,0.22464636065928767,-111756.5704558383,-111756.57045583831,0.32870417101552774,0.2521658556170202,0.22464636065928764,0.03292632909761501,1980.2083333333258,2010.8749999999645,
