method_name,method_class,c/r,smooth_r,avg_unc.(1se),#q<0.5,#q<0.1,q_min,q_small5,log-likeli,RMS,bias,tlog-l,100log-l,100RMS,75RMS,100bias,bias50,xyear0.5,xyear1.0,xyear1.5
cent20y,42/1_Run_Means,r,1.0,0.028345065094258937,0,0,1.0,1.0,2.6542299384947623,0.0,0.0,411.40564046668817,237.39563642495742,0.0,0.0,0.0,0.0,1985.5416666666479,2010.208333333292,
lowess1dg20wnc,42/3_ST_Fits,c,3.640864371086976,0.17071843568871659,0,0,0.996960691288996,0.996960691288996,0.7547449336387815,0.053297401687637684,-0.01635825050095638,116.98546471401113,56.475696637162,0.04836110338989525,0.04157334067638198,-0.013829248472687143,-0.04115034298391122,1988.7083333333117,2012.2916666666235,
Kal_flexLin,42/5_Kalman,c,5.0994174484254655,0.05317657451406971,0,0,0.8878691058972094,0.8878691058972094,1.6274073692944677,0.04741419846161386,-0.009729627822494605,252.2481422406425,150.08364953601517,0.04540212865468346,0.035493873096213074,-0.008879374116226496,-0.030661876620763175,1987.7083333333126,2013.0416666666229,
GAM_AR1,42/4_GAM_AR1,c,8.037472482447352,0.050927442975186046,17,5,0.00787937641884762,0.05459854792044844,1.2356613373504324,0.05856798078658244,-0.010570685423005299,168.0499418796588,132.3008451220627,0.052271908222610054,0.04148055268521633,-0.008710490732106039,-0.03643404975790977,1987.874999999979,2012.45833333329,
CGWL10y_sfUKCP,44/44_EarthModel_CGWL,c,6.508872500510079,0.050231022652118436,0,0,0.9246666666666667,0.9246666666666667,1.6250499598976103,0.04648055303295672,0.003624761161746955,237.2572941450511,141.99999795968557,0.04760840922715886,0.043148978995359966,0.00017233910361397531,0.0067238169559717354,1986.87499999998,2009.7083333332926,
