method_name,method_class,c/r,smooth_r,avg_unc.(1se),#q<0.5,#q<0.1,q_min,q_small5,log-likeli,RMS,bias,tlog-l,100log-l,100RMS,75RMS,100bias,bias50,xyear0.5,xyear1.0,xyear1.5
cent20y,42/1_Run_Means,r,1.0,0.03262685864220635,0,0,1.0,1.0,2.5209117549478055,0.0,0.0,390.74132201690986,233.5892823895373,0.0,0.0,0.0,0.0,1985.124999999988,2010.041666666632,
GWI_anthro_CGWL,43/3_Human_Induced,c,2.4966360355968447,0.09339606883033255,0,0,0.8333363099811129,0.8333363099811129,1.0994155187327945,0.08591757339266409,0.023058576557777523,78.0585018300284,78.0585018300284,0.08591757339266409,0.08591757339266408,0.02305857655777752,0.07543180114679353,1981.291666666658,2007.2083333333012,
GWI_anthro_SR15,43/3_Human_Induced,c,2.270489159926,0.08307258556015046,0,0,0.8730763292553225,0.8730763292553225,1.222068792268057,0.07269167861984865,0.01615512829653879,86.76688425103205,86.76688425103207,0.07269167861984865,0.07269167861984865,0.01615512829653879,0.05437184180299318,1984.2083333333221,2006.3749999999686,
GWI_anthro,43/3_Human_Induced,c,2.537465655100298,0.08738624973646789,0,0,0.8966634521073401,0.8966634521073401,1.1690947251888113,0.07805211795704574,0.01888091638195634,83.0057254884056,83.00572548840562,0.07805211795704574,0.07805211795704574,0.018880916381956343,0.0634513367848847,1982.7916666666567,2008.5416666666333,
FaIR_nonat_unB,43/1_ERF_FaIR,c,4.908488045951014,0.024398653668960654,63,42,5.354799258155965e-30,1.9753023066329292e-23,-1102.240199425658,0.3573102263536645,0.20771828486976865,-100303.85814773486,-100303.85814773486,0.3573102263536645,0.2583306919016918,0.20771828486976865,-0.016870506428637525,1987.4583333333192,2011.4583333332973,
