method_name,method_class,c/r,smooth_r,avg_unc.(1se),#q<0.5,#q<0.1,q_min,q_small5,log-likeli,RMS,bias,tlog-l,100log-l,100RMS,75RMS,100bias,bias50,xyear0.5,xyear1.0,xyear1.5
cent20y,42/1_Run_Means,r,1.0,0.029367330430742057,0,0,1.0,1.0,2.6321191169645077,0.0,0.0,407.9784631294987,239.70352857963678,0.0,0.0,0.0,0.0,1984.2916666666554,2010.2083333332985,
GWI_anthro_CGWL,43/3_Human_Induced,c,2.7060786790381566,0.07168611366925631,0,0,0.8500154614773028,0.8500154614773028,1.391766004268319,0.05489190695793429,-0.0422266822771802,98.81538630305066,98.81538630305066,0.05489190695793429,0.05489190695793429,-0.0422266822771802,-0.03493003804653923,1986.2083333333203,2014.5416666666279,
GWI_anthro_SR15,43/3_Human_Induced,c,2.489481692626525,0.0665194128418705,0,0,0.9063594104180586,0.9063594104180586,1.4957943685115667,0.050790531333704765,-0.03350442895890368,106.20140016432123,106.20140016432124,0.050790531333704765,0.050790531333704765,-0.03350442895890368,-0.02999326644648121,1986.2083333333203,2014.4583333332946,
GWI_anthro,43/3_Human_Induced,c,2.5258002438044733,0.0684145357281627,0,0,0.867220216720533,0.867220216720533,1.4718108732997168,0.051186921396123165,-0.03637355784383917,104.4985720042799,104.4985720042799,0.051186921396123165,0.051186921396123165,-0.03637355784383917,-0.0315775094930043,1986.0416666666538,2014.4583333332946,
FaIR_nonat_unB,43/1_ERF_FaIR,c,5.1587332040459914,0.0286352611691995,76,48,4.632930228562434e-22,4.839704451996491e-21,-1045.6562743742918,0.3956901173406508,0.23429143442671957,-95154.72096806056,-95154.72096806054,0.3956901173406508,0.287441933769228,0.23429143442671965,-0.006908906668431586,1985.7083333333208,2011.708333333297,
