method_name,method_class,c/r,smooth_r,avg_unc.(1se),#q<0.5,#q<0.1,q_min,q_small5,log-likeli,RMS,bias,tlog-l,100log-l,100RMS,75RMS,100bias,bias50,xyear0.5,xyear1.0,xyear1.5
cent20y,42/1_Run_Means,r,1.0,0.030566904144207485,0,0,1.0,1.0,2.5805526452722027,0.0,0.0,399.98566001719144,236.52459079855288,0.0,0.0,0.0,0.0,1981.6249999999848,2008.0416666666274,
lowess1dg20wnc,42/3_ST_Fits,c,3.558859603465845,0.057724322781332785,6,0,0.31974119588890115,0.3559833855132078,1.4990779181316778,0.05251283702174469,-0.011710334462397323,232.35707731041006,146.2410897879181,0.044655948143595255,0.049019506907499615,-0.012553560939428395,-0.035422154610012566,1984.291666666649,2009.1249999999598,
Kal_flexLin,42/5_Kalman,c,5.061875441954149,0.05317657451406971,2,0,0.3430770228915801,0.6330935542561515,1.5772957323539538,0.05009538256699808,-0.009976875540800912,244.48083851486285,156.33847959161233,0.04155730951018601,0.043921830161643166,-0.008636563329736481,-0.02488417138741285,1982.2083333333176,2009.4583333332928,
GAM_AR1,42/4_GAM_AR1,c,7.031861687257234,0.05475123874512303,14,0,0.16049351239895313,0.3725992848750822,1.3630415179118582,0.05710363819794032,-0.009631272159258675,185.37364643601273,146.40089107448827,0.044866996984403745,0.04811249523083951,-0.010007433529554839,-0.03193010354498601,1982.7916666666504,2009.2916666666263,
CGWL10y_sfUKCP,44/44_EarthModel_CGWL,c,6.307732806294392,0.05036777607615917,0,0,0.9733333333333334,0.9733333333333334,1.7321798604177434,0.03857967455572068,-0.0012627968933056329,252.89825962099053,153.71664596454423,0.03794859457181002,0.03849734862217515,-0.005755196798938539,-8.065658789635777e-05,1982.8749999999836,2004.8749999999636,
