method_name,method_class,c/r,smooth_r,avg_unc.(1se),#q<0.5,#q<0.1,q_min,q_small5,log-likeli,RMS,bias,tlog-l,100log-l,100RMS,75RMS,100bias,bias50,xyear0.5,xyear1.0,xyear1.5
cent20y,42/1_Run_Means,r,1.0,0.028539592837886183,0,0,1.0,1.0,2.6507424890098497,0.0,0.0,410.8650857965267,240.287140225442,0.0,0.0,0.0,0.0,1984.1249999999889,2010.708333333298,
GWI_anthro_CGWL,43/3_Human_Induced,c,2.5090304045583247,0.08518482998146051,0,0,0.8122253998960166,0.8122253998960166,1.3107293511905314,0.06269809690783895,0.014658011133500919,93.06178393452772,93.06178393452774,0.06269809690783895,0.06269809690783895,0.014658011133500919,0.05230096213763669,1981.7083333333244,2009.1249999999661,
GWI_anthro_SR15,43/3_Human_Induced,c,2.3344262166199083,0.07593128772554612,0,0,0.979914544253995,0.979914544253995,1.3811626273966,0.05815646088889681,0.012140486161049263,98.0625465451586,98.0625465451586,0.05815646088889681,0.05815646088889681,0.01214048616104926,0.036524468120775144,1983.541666666656,2009.374999999966,
GWI_anthro,43/3_Human_Induced,c,2.4862082176499203,0.07982073658628511,0,0,0.9078509186886355,0.9078509186886355,1.3570138420757718,0.05957290183910529,0.013562474448625635,96.3479827873798,96.3479827873798,0.0595729018391053,0.05957290183910529,0.013562474448625635,0.04373546805642908,1982.6249999999902,2009.708333333299,
FaIR_nonat_unB,43/1_ERF_FaIR,c,4.957273457815084,0.027839898634248208,49,43,2.4293180869874708e-17,8.926540340422186e-17,-799.2831027153194,0.3578091919633213,0.23157799627392986,-72734.76234709406,-72734.76234709407,0.35780919196332134,0.26409235507105994,0.23157799627392986,0.0218361777092037,1983.7916666666558,2010.708333333298,
FaIR_anthro_unB,43/1_ERF_FaIR,c,4.577897468623476,0.02446851388820061,90,64,9.622641287999989e-23,9.801535495810645e-21,-1258.7948249035967,0.35113379028881625,0.24627454116614428,-114550.3290662273,-114550.3290662273,0.35113379028881625,0.26087450572636706,0.24627454116614428,0.05034181022295283,1978.7916666666604,2009.8749999999654,
