method_name,method_class,c/r,smooth_r,avg_unc.(1se),#q<0.5,#q<0.1,q_min,q_small5,log-likeli,RMS,bias,tlog-l,100log-l,100RMS,75RMS,100bias,bias50,xyear0.5,xyear1.0,xyear1.5
cent20y,42/1_Run_Means,r,1.0,0.0269941836727845,0,0,1.0,1.0,2.704544427182491,0.0,0.0,419.2043862132861,242.0781029476375,0.0,0.0,0.0,0.0,1984.458333333322,2010.708333333298,
GWI_anthro_CGWL,43/3_Human_Induced,c,2.873589018983279,0.08044002548496604,0,0,0.9930096561765809,0.9930096561765809,1.5332855240365462,0.028354548940192986,0.00243887342746389,108.86327220659477,108.86327220659479,0.028354548940192986,0.02835454894019299,0.00243887342746389,0.0034553387846908085,1983.2916666666563,2013.958333333295,
GWI_anthro_SR15,43/3_Human_Induced,c,2.6487020831363064,0.0724534768510598,0,0,0.9634832340710479,0.9634832340710479,1.5559740756519578,0.03608387758338384,0.004687640473252705,110.474159371289,110.474159371289,0.03608387758338385,0.03608387758338385,0.004687640473252705,-0.002381689469209068,1985.2083333333212,2014.0416666666283,
GWI_anthro,43/3_Human_Induced,c,2.7962765298617405,0.07562179183887534,0,0,0.98603954237381,0.98603954237381,1.5523625230259293,0.032340658332932516,0.004255448636124356,110.21773913484098,110.21773913484097,0.032340658332932516,0.032340658332932516,0.0042554486361243565,0.0008754464776570373,1983.7916666666558,2013.8749999999618,
FaIR_nonat_unB,43/1_ERF_FaIR,c,4.883304273366475,0.028254983759654004,50,38,5.897656596018929e-17,5.897656596018929e-17,-700.4598061393796,0.34044013496925124,0.21381051406233129,-63741.84235868354,-63741.842358683534,0.34044013496925124,0.25162408245772366,0.21381051406233134,0.008278305896333434,1985.2916666666545,2011.9583333332969,
