method_name,method_class,c/r,smooth_r,avg_unc.(1se),#q<0.5,#q<0.1,q_min,q_small5,log-likeli,RMS,bias,tlog-l,100log-l,100RMS,75RMS,100bias,bias50,xyear0.5,xyear1.0,xyear1.5
cent20y,42/1_Run_Means,r,1.0,0.03013787215970835,0,0,1.0,1.0,2.593349259926533,0.0,0.0,401.9691352886126,233.32514822065423,0.0,0.0,0.0,0.0,1985.0416666666547,2010.2083333332985,
GWI_anthro_CGWL,43/3_Human_Induced,c,2.450449182131507,0.0803266001890548,0,0,0.9828280508568252,0.9828280508568252,1.4833103863576085,0.040387437106901104,-0.011828921006955777,105.31503743139021,105.31503743139021,0.04038743710690111,0.04038743710690111,-0.011828921006955777,0.0016782493855552192,1985.5416666666542,2012.2083333332967,
GWI_anthro_SR15,43/3_Human_Induced,c,2.2473872201335885,0.0730515650968583,0,0,0.9968026717300524,0.9968026717300524,1.5494928485475432,0.04144130045861868,-0.009544962109400876,110.01399224687557,110.01399224687556,0.04144130045861868,0.04144130045861868,-0.009544962109400876,-0.004182383216081529,1986.2083333333203,2012.3749999999632,
GWI_anthro,43/3_Human_Induced,c,2.330229986027858,0.0759492316312566,0,0,0.9863791541549299,0.9863791541549299,1.5383680697549669,0.03990265931510294,-0.009940441790336398,109.22413295260264,109.22413295260263,0.03990265931510294,0.03990265931510294,-0.009940441790336398,-0.0011172985365382226,1985.458333333321,2012.3749999999632,
FaIR_nonat_unB,43/1_ERF_FaIR,c,4.643746652989947,0.027540462586308243,40,36,1.013432646336382e-21,4.973367499758939e-18,-888.6259720008671,0.3632388505645296,0.22323668143281336,-80864.96345207891,-80864.9634520789,0.3632388505645296,0.26883479616410483,0.22323668143281336,0.0006591048159166245,1986.124999999987,2011.1249999999643,
