method_name,method_class,c/r,smooth_r,avg_unc.(1se),#q<0.5,#q<0.1,q_min,q_small5,log-likeli,RMS,bias,tlog-l,100log-l,100RMS,75RMS,100bias,bias50,xyear0.5,xyear1.0,xyear1.5
cent20y,42/1_Run_Means,r,1.0,0.02814573827623934,0,0,1.0,1.0,2.666320733451911,0.0,0.0,413.2797136850462,242.98498037905767,0.0,0.0,0.0,0.0,1992.4583333333082,,
lowess1dg20wnc,42/3_ST_Fits,c,3.7160064675426447,0.05255277527095499,0,0,0.7641066990509713,0.7641066990509713,1.5725378423866874,0.051027236448478536,-0.017664689334691154,243.74336556993654,149.56739226514907,0.04478053707437621,0.04185723878519708,-0.015416194994346166,-0.03568543477327802,1994.7083333333062,2017.291666666619,
Kal_flexLin,42/5_Kalman,c,5.042250150189005,0.05317657451406971,0,0,0.9348107233909849,0.9348107233909849,1.6502455497127448,0.04625200440052705,-0.009386556452378231,255.78806020547546,153.93088168671608,0.04307789222512909,0.03727749695941944,-0.010860171915113688,-0.025386969381411734,1994.624999999973,2016.5416666666197,
GAM_AR1,42/4_GAM_AR1,c,5.525899985957476,0.048433922552588,16,8,0.0017165091051326807,0.036432070688836776,1.2915979277497132,0.054124697450386006,-0.015878421349748862,175.657318173961,106.7986308535992,0.05753376765903356,0.04570597137684615,-0.02253944157375912,-0.03985488943274817,1994.7916666666395,2016.7916666666194,
CGWL10y_sfUKCP,44/44_EarthModel_CGWL,c,6.0467504922331266,0.05046772557881571,0,0,0.8931764705882353,0.8931764705882353,1.6510853663114764,0.04606149273337742,0.01053904207598325,241.05846348147557,142.70133165894242,0.04680474964006241,0.043003416978216864,0.005106542467277109,0.009646661557207092,1991.7916666666422,2017.4583333332855,
