method_name,method_class,c/r,smooth_r,avg_unc.(1se),#q<0.5,#q<0.1,q_min,q_small5,log-likeli,RMS,bias,tlog-l,100log-l,100RMS,75RMS,100bias,bias50,xyear0.5,xyear1.0,xyear1.5
cent20y,42/1_Run_Means,r,1.0,0.02955034209890325,0,0,1.0,1.0,2.614745036536711,0.0,0.0,405.2854806631902,235.78957964399495,0.0,0.0,0.0,0.0,1988.5416666666515,2013.958333333295,
GWI_anthro_CGWL,43/3_Human_Induced,c,2.4762821451532724,0.08421595621445024,0,0,0.919481587793263,0.919481587793263,1.3430891256163031,0.06218853795572405,0.01603400627815935,95.35932791875751,95.35932791875751,0.06218853795572405,0.06218853795572405,0.01603400627815935,0.0495790457556326,1984.791666666655,2014.9583333332941,
GWI_anthro_SR15,43/3_Human_Induced,c,2.2941551283273145,0.07502910792189296,0,0,0.9680591305912505,0.9680591305912505,1.393026413203596,0.05908846843775072,0.013612614886978815,98.90487533745532,98.90487533745534,0.059088468437750716,0.059088468437750716,0.013612614886978815,0.034791272172924305,1986.3749999999868,2015.2916666666272,
GWI_anthro,43/3_Human_Induced,c,2.40260630247366,0.07884663347268987,0,0,0.9630308730929569,0.9630308730929569,1.3820314320240854,0.059556495156236386,0.014887936998077087,98.12423167371006,98.12423167371004,0.059556495156236386,0.05955649515623639,0.014887936998077087,0.041537004907986806,1985.0416666666547,2015.1249999999607,
FaIR_nonat_unB,43/1_ERF_FaIR,c,2.4648601030170605,0.027292430346499287,60,7,0.008343254005209716,0.09274673008323424,-1.1018400435383344,0.059862538120582065,0.033915657627165835,-100.26744396198843,-100.2674439619884,0.059862538120582065,0.04519767665950412,0.03391565762716583,0.009104616825532019,1988.041666666652,2014.7083333332944,
