method_name,method_class,c/r,smooth_r,avg_unc.(1se),#q<0.5,#q<0.1,q_min,q_small5,log-likeli,RMS,bias,tlog-l,100log-l,100RMS,75RMS,100bias,bias50,xyear0.5,xyear1.0,xyear1.5
cent20y,42/1_Run_Means,r,1.0,0.029177031597040493,0,0,1.0,1.0,2.6347486060233853,0.0,0.0,408.38603393362473,241.24929510364473,0.0,0.0,0.0,0.0,1973.1249999999925,2002.2916666666326,
lowess1dg20wnc,42/3_ST_Fits,c,3.9963789016499365,0.0690392888016944,0,0,0.9960539960770555,0.9960539960770555,1.544687285287204,0.04670414591827372,-0.002268064335485108,239.42652921951662,142.41257181428327,0.039942144045265644,0.039221088396975815,-0.016873895802115575,-0.026401722314912536,1978.124999999988,2001.8749999999663,2023.5416666666133
Kal_flexLin,42/5_Kalman,c,5.3173832607452045,0.05317657451406971,0,0,0.7776815820687832,0.9269945703962075,1.6706083859318401,0.04573182849635832,-0.010221088218504742,258.94429981943523,160.13094950522157,0.03904214042992004,0.03789169266679015,-0.012721610202608546,-0.018519178215749575,1977.5416666666551,2001.7083333332998,2023.2083333332803
GAM_AR1,42/4_GAM_AR1,c,4.928817386502183,0.04612880171992462,20,12,2.2676992136545694e-08,5.773642294573128e-06,0.8285445877830234,0.0565645363335198,-0.009786371603075874,112.68206393849118,50.51920893681189,0.052652174587613204,0.058530287684800404,-0.02205476230997292,-0.042396950071707296,1980.1249999999861,2001.6249999999666,2023.2083333332803
CGWL10y_sfUKCP,44/44_EarthModel_CGWL,c,6.558220255608249,0.05061091106505163,0,0,0.916078431372549,0.916078431372549,1.5787592047976855,0.047402737416296886,-0.013796718344714552,230.49884390046208,148.5897004995274,0.04219598726010805,0.04142980038186182,-0.00963540270707682,-0.000787556314323444,1972.7083333333262,1997.7083333333035,2022.458333333281
