method_name,method_class,c/r,smooth_r,avg_unc.(1se),#q<0.5,#q<0.1,q_min,q_small5,log-likeli,RMS,bias,tlog-l,100log-l,100RMS,75RMS,100bias,bias50,xyear0.5,xyear1.0,xyear1.5
cent20y,42/1_Run_Means,r,1.0,0.03199261197311977,0,0,1.0,1.0,2.5356333584698927,0.0,0.0,393.02317056283334,231.92088281218702,0.0,0.0,0.0,0.0,1987.4583333333128,2013.2916666666226,
lowess1dg20wnc,42/3_ST_Fits,c,3.8465889059024683,0.06541603390345557,3,0,0.17287412880473665,0.5406098906518048,1.3680846891569463,0.058048857505711086,-0.01640512180389452,212.05312681932668,135.51086821393704,0.05011927739482002,0.045361462014399535,-0.010961468246935393,-0.03893632259493922,1989.3749999999777,2015.2916666666208,
Kal_flexLin,42/5_Kalman,c,5.354040276884877,0.05317657451406971,18,0,0.11240461757583056,0.15371215425224907,1.407546391101816,0.05735640552733887,-0.007855645784804481,218.16969062078147,142.12506396887522,0.04986750943846347,0.042205543910220265,-0.008059945981691496,-0.028275730186116187,1988.6249999999784,2015.2083333332876,
GAM_AR1,42/4_GAM_AR1,c,5.725124782885303,0.05940205384300091,4,2,0.07065584144250801,0.6612919544459737,1.3801416050950919,0.05472344092901512,-0.006093397091188219,187.69925829293248,135.44866699742786,0.05105591061699622,0.04604624303601612,-0.007981397841805796,-0.03376843857143956,1989.124999999978,2015.041666666621,
CGWL10y_sfUKCP,44/44_EarthModel_CGWL,c,5.912447855406066,0.05068213376066377,0,0,0.9290909090909091,0.9290909090909091,1.6340508302341359,0.04714876403335272,0.00870447538153219,238.57142121418383,142.96175961787497,0.047251899330676556,0.039288890523815734,-0.00020834358918016935,0.005148662615118061,1988.208333333312,2014.8749999999545,
