method_name,method_class,c/r,smooth_r,avg_unc.(1se),#q<0.5,#q<0.1,q_min,q_small5,log-likeli,RMS,bias,tlog-l,100log-l,100RMS,75RMS,100bias,bias50,xyear0.5,xyear1.0,xyear1.5
cent20y,42/1_Run_Means,r,1.0,0.03266282748362712,0,0,1.0,1.0,2.5154627981360527,0.0,0.0,389.8967337110882,230.59219912364716,0.0,0.0,0.0,0.0,1984.791666666655,2010.4583333332982,
GWI_anthro_CGWL,43/3_Human_Induced,c,2.4410680526683683,0.08616104609443904,0,0,0.9772784555356149,0.9772784555356149,1.3476371734662664,0.05844776771955187,-0.00016946266844826595,95.68223931610491,95.68223931610491,0.05844776771955187,0.05844776771955187,-0.00016946266844826595,0.03408605901596386,1982.9583333333233,2009.8749999999654,
GWI_anthro_SR15,43/3_Human_Induced,c,2.234134800312384,0.07792387083380181,0,0,0.9962258905441257,0.9962258905441257,1.424131765296764,0.05316991219723914,-0.001714058093682035,101.11335533607024,101.11335533607023,0.05316991219723914,0.05316991219723914,-0.0017140580936820346,0.021649741584047037,1985.0416666666547,2010.2083333332985,
GWI_anthro,43/3_Human_Induced,c,2.371685259615708,0.08124958526532247,0,0,0.9817478374299926,0.9817478374299926,1.399603220388105,0.05465391244257666,-0.0008173710519090747,99.37182864755546,99.37182864755546,0.05465391244257666,0.05465391244257666,-0.0008173710519090747,0.027283255246528526,1983.7083333333226,2010.5416666666315,
FaIR_nonat_unB,43/1_ERF_FaIR,c,4.081487519894056,0.024614656409771445,51,36,5.394427153611948e-25,1.378575327055805e-20,-1135.057531980004,0.3571726754837989,0.21612922095559586,-103290.23541018035,-103290.23541018035,0.35717267548379883,0.26275724418199714,0.21612922095559586,-0.00446160224572408,1986.2916666666536,2011.374999999964,
FaIR_anthro_unB,43/1_ERF_FaIR,c,3.955264294315318,0.02313765661408656,50,41,2.351179937990393e-26,4.0489337638908606e-24,-1446.9734014438297,0.3423285460168654,0.21884096068495587,-131674.5795313885,-131674.57953138853,0.3423285460168654,0.25403921470901064,0.21884096068495587,0.010893516363798534,1985.3749999999877,2011.041666666631,
