method_name,method_class,c/r,smooth_r,avg_unc.(1se),#q<0.5,#q<0.1,q_min,q_small5,log-likeli,RMS,bias,tlog-l,100log-l,100RMS,75RMS,100bias,bias50,xyear0.5,xyear1.0,xyear1.5
cent20y,42/1_Run_Means,r,1.0,0.028878904907899433,0,0,1.0,1.0,2.6353023928641743,0.0,0.0,408.471870893947,237.55670446944913,0.0,0.0,0.0,0.0,1985.2083333333212,2010.4583333332982,
GWI_anthro_CGWL,43/3_Human_Induced,c,2.6936535190896618,0.08867357809022358,0,0,0.9816827151094604,0.9816827151094604,1.235518268721911,0.0695119443637563,0.015304670437139442,87.72179707925568,87.72179707925568,0.0695119443637563,0.0695119443637563,0.015304670437139442,0.0562154972166969,1982.7916666666567,2008.4583333333,
GWI_anthro_SR15,43/3_Human_Induced,c,2.513962274777028,0.07918195923238971,0,0,0.9359776784298007,0.9359776784298007,1.3483702484171203,0.06060022823407383,0.009978285473351273,95.73428763761554,95.73428763761552,0.06060022823407383,0.06060022823407383,0.009978285473351273,0.03807485033514599,1985.2916666666545,2008.6249999999666,
GWI_anthro,43/3_Human_Induced,c,2.7135635981448822,0.08322132516356927,0,0,0.939608801559381,0.939608801559381,1.3043659101962635,0.06387144518733556,0.012103743698423021,92.6099796239347,92.60997962393472,0.06387144518733556,0.06387144518733555,0.01210374369842302,0.04601797567173286,1983.7083333333226,2009.2916666666326,
FaIR_nonat_unB,43/1_ERF_FaIR,c,4.500052641320645,0.027506150018217667,43,35,9.081097102110347e-19,1.3983983836197838e-18,-907.402324369162,0.36667122747057507,0.22903129467598474,-82573.61151759374,-82573.61151759376,0.36667122747057507,0.2630328984756036,0.22903129467598474,0.004924921021554821,1985.9583333333205,2011.2083333332976,
