method_name,method_class,c/r,smooth_r,avg_unc.(1se),#q<0.5,#q<0.1,q_min,q_small5,log-likeli,RMS,bias,tlog-l,100log-l,100RMS,75RMS,100bias,bias50,xyear0.5,xyear1.0,xyear1.5
cent20y,42/1_Run_Means,r,1.0,0.03223074844056488,0,0,1.0,1.0,2.535632278082165,0.0,0.0,393.0230031027356,237.29329784348067,0.0,0.0,0.0,0.0,1990.624999999983,2015.4583333332937,
GWI_anthro_CGWL,43/3_Human_Induced,c,2.292276420960881,0.09091778223927961,0,0,0.6198210258415534,0.6198210258415534,0.9348264866766706,0.09712608576527099,-0.012416840017065514,66.37268055404361,66.37268055404363,0.09712608576527097,0.09712608576527097,-0.012416840017065514,0.04805132149921201,1987.374999999986,2015.2916666666272,
GWI_anthro_SR15,43/3_Human_Induced,c,2.127863687146501,0.08202246327759523,0,0,0.6576488545598135,0.6576488545598135,1.0799252063939693,0.08519088644182767,-0.014989164447865572,76.67468965397183,76.67468965397183,0.08519088644182767,0.08519088644182767,-0.014989164447865572,0.032233726382294846,1987.9583333333187,2015.7083333332935,
GWI_anthro,43/3_Human_Induced,c,2.3296625643780975,0.0857345170758317,0,0,0.6125801662152306,0.6125801662152306,1.022403197689827,0.08993014160015997,-0.01356376152898327,72.5906270359777,72.59062703597769,0.08993014160015998,0.08993014160015998,-0.01356376152898327,0.039340106529105544,1987.374999999986,2015.4583333332937,
FaIR_nonat_unB,43/1_ERF_FaIR,c,2.1260979707889662,0.025262963220543104,52,7,0.015859719564536693,0.09274673008323424,-0.31634645652947463,0.05015700476985564,0.026236382398593175,-28.787527544182193,-28.78752754418218,0.05015700476985564,0.03488710282772552,0.026236382398593175,0.0019003772604950949,1991.958333333315,2014.9583333332941,
