method_name,method_class,c/r,smooth_r,avg_unc.(1se),#q<0.5,#q<0.1,q_min,q_small5,log-likeli,RMS,bias,tlog-l,100log-l,100RMS,75RMS,100bias,bias50,xyear0.5,xyear1.0,xyear1.5
cent20y,42/1_Run_Means,r,1.0,0.02917797152149458,0,0,1.0,1.0,2.634693345626577,0.0,0.0,408.3774685721195,241.24223540750128,0.0,0.0,0.0,0.0,1984.2083333333157,2011.124999999958,
lowess1dg20wnc,42/3_ST_Fits,c,3.9942793462982173,0.23328746848939458,0,0,0.9990785849285122,0.9990785849285122,0.5142576004331033,0.04669098871187162,-0.0022747629009386007,79.70992806713102,34.33162956309087,0.039940281985937104,0.03922563391613251,-0.01686658095285732,-0.0263874988889136,1985.7083333333144,2014.2083333332885,
Kal_flexLin,42/5_Kalman,c,5.314553114329714,0.05317657451406971,0,0,0.7785188119633166,0.9357248996686948,1.6706682246485105,0.04572637342580774,-0.010214772041054995,258.9535748205191,160.12430547284782,0.03904668842465476,0.03790291274862571,-0.012715681290939779,-0.018506990776937272,1982.958333333317,2014.2916666666217,
GAM_AR1,42/4_GAM_AR1,c,4.969439286227497,0.04609625876572638,20,13,2.2345761401455464e-08,5.719454846910335e-06,0.8173924580986631,0.05674514615135536,-0.009922314124622661,111.16537430141818,48.959982223626,0.052967963680028346,0.05893609277068034,-0.022245214857660907,-0.04274891664926038,1985.9583333333142,2014.1249999999552,
CGWL10y_sfUKCP,44/44_EarthModel_CGWL,c,6.576381816652164,0.05058194023947562,0,0,0.916078431372549,0.916078431372549,1.5783505484443776,0.04741543759187813,-0.013756703330601876,230.43918007287914,148.58983829855896,0.04222733901704617,0.041477459868616506,-0.009606373433950212,-0.0007019638935089079,1985.3749999999814,2012.7083333332898,
