method_name,method_class,c/r,smooth_r,avg_unc.(1se),#q<0.5,#q<0.1,q_min,q_small5,log-likeli,RMS,bias,tlog-l,100log-l,100RMS,75RMS,100bias,bias50,xyear0.5,xyear1.0,xyear1.5
cent20y,42/1_Run_Means,r,1.0,0.028511112706175408,0,0,1.0,1.0,2.657327204853948,0.0,0.0,411.88571675236193,241.88265188078995,0.0,0.0,0.0,0.0,1984.2083333333157,2010.208333333292,
lowess1dg20wnc,42/3_ST_Fits,c,3.757741715801264,0.18312268453400493,1,0,0.47944164867572964,0.9987790614513586,0.675937304192202,0.05043239303597426,-0.017841470307780074,104.77028214979131,52.99456925748075,0.044156937410316274,0.04365404734353393,-0.01715018941419563,-0.03764781168218151,1986.4583333333137,2013.6249999999557,
Kal_flexLin,42/5_Kalman,c,5.137025551872797,0.05317657451406971,0,0,0.942928255736153,0.950067986795032,1.6779697437984025,0.04506558137827551,-0.01158946129554798,260.0853102887524,156.46597232861478,0.0414752338945101,0.0398849014012513,-0.01284242403064991,-0.027065459169847643,1985.874999999981,2013.9583333332887,
GAM_AR1,42/4_GAM_AR1,c,5.832265138012927,0.04221852194712764,38,18,0.00814199798704921,0.01841663283892432,1.107394636230338,0.06098858953203644,-0.02962708937882259,150.60567052732597,73.5864363171624,0.06316584882529995,0.06399636549896108,-0.03613483461867757,-0.06850158152572951,1989.2916666666445,2013.7916666666222,
CGWL10y_sfUKCP,44/44_EarthModel_CGWL,c,6.381415577256864,0.050422762742927,0,0,0.958125,0.958125,1.6720799961275006,0.04281730776871137,-0.0021515162434238306,244.12367943461507,150.6941510414746,0.04215817839541558,0.03958891019402052,-0.0009232324155250668,0.0039053043546677284,1984.7916666666486,2011.458333333291,
