method_name,method_class,c/r,smooth_r,avg_unc.(1se),#q<0.5,#q<0.1,q_min,q_small5,log-likeli,RMS,bias,tlog-l,100log-l,100RMS,75RMS,100bias,bias50,xyear0.5,xyear1.0,xyear1.5
cent20y,42/1_Run_Means,r,1.0,0.02936268050699291,0,0,1.0,1.0,2.6250397910168175,0.0,0.0,406.8811676076067,238.65772474886086,0.0,0.0,0.0,0.0,1988.6249999999848,2013.7916666666285,
GWI_anthro_CGWL,43/3_Human_Induced,c,2.3446195326691526,0.08333508968741585,0,0,0.9879759528103778,0.9879759528103778,1.364673433236892,0.05260549142913507,-0.01588740496579671,96.89181375981933,96.89181375981934,0.05260549142913507,0.05260549142913507,-0.015887404965796707,0.011217608869006359,1988.374999999985,2015.1249999999607,
GWI_anthro_SR15,43/3_Human_Induced,c,2.1861696892174387,0.07588870863893525,0,0,0.9385459116323562,0.9385459116323562,1.4697430871240178,0.04787329681708017,-0.014524232776756825,104.35175918580526,104.35175918580529,0.04787329681708017,0.04787329681708017,-0.014524232776756825,0.002334036476085326,1988.9583333333178,2015.4583333332937,
GWI_anthro,43/3_Human_Induced,c,2.355462932035937,0.07892774410894732,0,0,0.9695852301119026,0.9695852301119026,1.4392489701759132,0.04895423043057339,-0.01448515370462179,102.18667688248983,102.18667688248983,0.048954230430573405,0.0489542304305734,-0.014485153704621787,0.0066980065075551674,1988.4583333333183,2015.2916666666272,
FaIR_nonat_unB,43/1_ERF_FaIR,c,2.342026750984419,0.027107756142488677,22,0,0.2782401902497027,0.2782401902497027,1.812909559534136,0.03614650190000156,0.023278266783884765,164.97476991760638,164.97476991760638,0.03614650190000156,0.033498108713299925,0.023278266783884765,0.010392606878798,1989.5416666666506,2014.0416666666283,
