method_name,method_class,c/r,smooth_r,avg_unc.(1se),#q<0.5,#q<0.1,q_min,q_small5,log-likeli,RMS,bias,tlog-l,100log-l,100RMS,75RMS,100bias,bias50,xyear0.5,xyear1.0,xyear1.5
cent20y,42/1_Run_Means,r,1.0,0.02980179454426839,0,0,1.0,1.0,2.614802366400994,0.0,0.0,405.29436679215405,240.25588679409077,0.0,0.0,0.0,0.0,1984.8749999999882,2010.708333333298,
GWI_anthro_CGWL,43/3_Human_Induced,c,2.4765872392688024,0.08647026852750585,46,0,0.2725886042917537,0.2725886042917537,0.5229163338982471,0.12137200677779313,-0.0873459785761499,37.12705970677554,37.12705970677554,0.12137200677779313,0.12137200677779313,-0.08734597857614988,-0.14560339470993397,1993.0416666666474,2018.2916666666245,
GWI_anthro_SR15,43/3_Human_Induced,c,2.268967322329225,0.07686098473208518,37,0,0.25816514306250493,0.25816514306250493,0.752972615400788,0.09926033749784746,-0.062076276834065684,53.46105569345595,53.46105569345595,0.09926033749784746,0.09926033749784746,-0.062076276834065684,-0.1155759853542192,1990.7083333333162,2017.7083333332916,
GWI_anthro,43/3_Human_Induced,c,2.4793405678414615,0.08052140118619791,43,0,0.29924321491530653,0.29924321491530653,0.6554145909393859,0.10789569397194129,-0.07038133270258654,46.5344359566964,46.5344359566964,0.10789569397194128,0.10789569397194128,-0.07038133270258654,-0.12676653571615737,1990.8749999999827,2017.791666666625,
FaIR_nonat_unB,43/1_ERF_FaIR,c,4.489985037041285,0.025817769598222073,44,37,1.074580686100094e-22,6.347363627709448e-21,-1001.4046379236216,0.36758770188835005,0.22457255609287077,-91127.82205104957,-91127.82205104956,0.36758770188835005,0.28034708347937587,0.2245725560928708,-0.002903090854494645,1986.0416666666538,2011.708333333297,
FaIR_anthro_unB,43/1_ERF_FaIR,c,4.574087063033692,0.024213071409243614,39,36,2.1063349407676935e-29,3.722586360903425e-26,-1362.3867477894037,0.34617296163940375,0.20956997989864,-123977.19404883574,-123977.19404883572,0.34617296163940375,0.2684982047384666,0.20956997989864,-0.007515177943609579,1986.0416666666538,2011.7916666666304,
