method_name,method_class,c/r,smooth_r,avg_unc.(1se),#q<0.5,#q<0.1,q_min,q_small5,log-likeli,RMS,bias,tlog-l,100log-l,100RMS,75RMS,100bias,bias50,xyear0.5,xyear1.0,xyear1.5
cent20y,42/1_Run_Means,r,1.0,0.026721883464822856,0,0,1.0,1.0,2.7130592206210764,0.0,0.0,420.52417919626686,244.8616634240129,0.0,0.0,0.0,0.0,1984.1249999999889,2010.7916666666313,
GWI_anthro_CGWL,43/3_Human_Induced,c,2.7300656152169855,0.07996024139798993,0,0,0.9938286443239734,0.9938286443239734,1.5059763401380069,0.028449335390138275,-0.003139911225145328,106.92432014979849,106.92432014979849,0.028449335390138275,0.028449335390138275,-0.003139911225145328,-0.009354336750568341,1984.9583333333214,2013.958333333295,
GWI_anthro_SR15,43/3_Human_Induced,c,2.520515213111503,0.07207262259417911,0,0,0.962317160441924,0.962317160441924,1.5016700225654434,0.04226798952801525,0.0010553023559343553,106.61857160214647,106.61857160214649,0.04226798952801525,0.04226798952801525,0.001055302355934355,-0.013816140792581595,1985.791666666654,2014.1249999999616,
GWI_anthro,43/3_Human_Induced,c,2.646200023272078,0.0751977200997556,0,0,0.9725748849110025,0.9725748849110025,1.5078328848072668,0.03655376609422019,0.00016889220124913365,107.05613482131595,107.05613482131595,0.03655376609422019,0.03655376609422019,0.00016889220124913375,-0.010960567788619176,1984.791666666655,2014.0416666666283,
FaIR_nonat_unB,43/1_ERF_FaIR,c,5.486758671280505,0.0283285055144806,51,41,3.174388333874088e-17,4.696616257549905e-16,-692.1790699014159,0.34244935422438294,0.22362751234939066,-62988.295361028846,-62988.29536102884,0.342449354224383,0.2605311964236957,0.22362751234939068,0.02089286596394596,1984.458333333322,2011.2083333332976,
FaIR_anthro_unB,43/1_ERF_FaIR,c,4.9873975415785985,0.02407070641048409,80,52,1.23663981041019e-25,2.673383797715032e-21,-1210.5109160866677,0.3300604288308514,0.2289483477447942,-110156.49336388677,-110156.49336388675,0.3300604288308514,0.25411944693713934,0.2289483477447942,0.039719557026994486,1979.3749999999932,2010.7916666666313,
