method_name,method_class,c/r,smooth_r,avg_unc.(1se),#q<0.5,#q<0.1,q_min,q_small5,log-likeli,RMS,bias,tlog-l,100log-l,100RMS,75RMS,100bias,bias50,xyear0.5,xyear1.0,xyear1.5
cent20y,42/1_Run_Means,r,1.0,0.03241209439376533,0,0,1.0,1.0,2.5255314198173333,0.0,0.0,391.4573700716867,233.60437116151542,0.0,0.0,0.0,0.0,1980.7083333333253,2006.7083333333017,
GWI_anthro_CGWL,43/3_Human_Induced,c,2.452623538808701,0.091885870989264,0,0,0.9165393968744949,0.9165393968744949,1.1280126240146262,0.08377383228846297,0.018456361980705962,80.08889630503846,80.08889630503845,0.08377383228846297,0.08377383228846297,0.018456361980705965,0.06544799909673508,1978.5416666666606,2002.958333333305,
GWI_anthro_SR15,43/3_Human_Induced,c,2.233736928620513,0.08238814026243332,0,0,0.9908323463683251,0.9908323463683251,1.2557183374125302,0.07011294942649272,0.011868637482784479,89.15600195628964,89.15600195628964,0.07011294942649272,0.07011294942649272,0.011868637482784479,0.04796623221441426,1980.7083333333253,2001.7083333333062,
GWI_anthro,43/3_Human_Induced,c,2.4454074532788117,0.08628660015824731,0,0,0.9400067358762876,0.9400067358762876,1.2026526288118147,0.07556678751137388,0.014141757566745808,85.38833664563884,85.38833664563884,0.07556678751137388,0.07556678751137388,0.014141757566745808,0.05537977100023965,1979.958333333326,2000.8749999999736,
FaIR_nonat_unB,43/1_ERF_FaIR,c,1.7959360485000622,0.024237565393076255,42,0,0.23806108182163072,0.23806108182163072,1.4263080830148331,0.04056589261233674,-0.01853895350340395,129.79403555434982,129.79403555434982,0.04056589261233674,0.03642320122362427,-0.018538953503403958,-0.0012389470810537072,1980.8749999999918,2007.791666666634,
FaIR_anthro_unB,43/1_ERF_FaIR,c,1.5259344169636342,0.02325083094796511,49,11,0.09618179416039106,0.09618179416039106,0.7173066958028006,0.042074815489820505,-0.01543960538106075,65.27490931805485,65.27490931805485,0.04207481548982051,0.0355709173544333,-0.015439605381060746,0.007245660887826226,1978.958333333327,2007.0416666666347,
