method_name,method_class,c/r,smooth_r,avg_unc.(1se),#q<0.5,#q<0.1,q_min,q_small5,log-likeli,RMS,bias,tlog-l,100log-l,100RMS,75RMS,100bias,bias50,xyear0.5,xyear1.0,xyear1.5
cent20y,42/1_Run_Means,r,1.0,0.03125892019415177,0,0,1.0,1.0,2.5589454306507187,0.0,0.0,396.6365417508614,230.438302309045,0.0,0.0,0.0,0.0,1985.0416666666547,2010.374999999965,
GWI_anthro_CGWL,43/3_Human_Induced,c,2.4939446108782874,0.08281120961846819,0,0,0.9976038526332034,0.9976038526332034,1.4017649614272414,0.04174574939338398,-0.01745654845804342,99.52531226133414,99.52531226133414,0.04174574939338398,0.04174574939338398,-0.017456548458043425,-0.024786182317673253,1986.2083333333203,2014.874999999961,
GWI_anthro_SR15,43/3_Human_Induced,c,2.282951529521826,0.07515600101358759,0,0,0.9562380159938516,0.9562380159938516,1.4556667900117146,0.04468899091190971,-0.013445684811171107,103.35234209083174,103.35234209083174,0.04468899091190971,0.04468899091190971,-0.013445684811171107,-0.026764016977305263,1986.5416666666533,2014.874999999961,
GWI_anthro,43/3_Human_Induced,c,2.4056104345003635,0.07810863132415057,0,0,0.9930434792598575,0.9930434792598575,1.4524593754122075,0.042195943555325105,-0.014468225014176573,103.12461565426673,103.12461565426675,0.0421959435553251,0.042195943555325105,-0.014468225014176574,-0.02504958701428729,1986.124999999987,2014.7916666666276,
FaIR_nonat_unB,43/1_ERF_FaIR,c,4.658014588237023,0.02681952660301737,41,35,6.092337057639363e-19,5.6821661634244435e-18,-723.745667029437,0.32428585758898765,0.20528644958070594,-65860.85569967877,-65860.85569967877,0.32428585758898765,0.2445235528530479,0.20528644958070594,0.008478348009793645,1985.8749999999873,2011.2083333332976,
