method_name,method_class,c/r,smooth_r,avg_unc.(1se),#q<0.5,#q<0.1,q_min,q_small5,log-likeli,RMS,bias,tlog-l,100log-l,100RMS,75RMS,100bias,bias50,xyear0.5,xyear1.0,xyear1.5
cent20y,42/1_Run_Means,r,1.0,0.026861246074700234,0,0,1.0,1.0,2.710545636891389,0.0,0.0,420.1345737181653,243.59146423704183,0.0,0.0,0.0,0.0,1988.2083333333185,2014.1249999999616,
GWI_anthro_CGWL,43/3_Human_Induced,c,2.890910606399022,0.08045582977683578,0,0,0.9933291719612842,0.9933291719612842,1.4951529884228716,0.027917777716734767,-0.002520876805201885,106.15586217802388,106.15586217802387,0.02791777771673477,0.02791777771673477,-0.002520876805201885,-0.013063720805209667,1989.1249999999843,2015.9583333332932,
GWI_anthro_SR15,43/3_Human_Induced,c,2.6466166683024093,0.07252733965375122,0,0,0.9802592848325365,0.9802592848325365,1.4933019455645251,0.04203667504517189,0.0025355398167931226,106.02443813508128,106.02443813508128,0.04203667504517188,0.04203667504517188,0.0025355398167931226,-0.015953359414650557,1989.2083333333176,2016.208333333293,
GWI_anthro,43/3_Human_Induced,c,2.782138140091074,0.07562730341031161,0,0,0.9779843209347197,0.9779843209347197,1.4975585718614455,0.036457738621025006,0.0013102328990886936,106.32665860216262,106.32665860216264,0.036457738621025006,0.036457738621025006,0.0013102328990886936,-0.013761045296874205,1989.1249999999843,2015.9583333332932,
FaIR_nonat_unB,43/1_ERF_FaIR,c,2.85401287795692,0.028463699415146284,19,0,0.1731272294887039,0.1731272294887039,1.8532774213046244,0.03561876317833656,0.022026918422178136,168.6482453387208,168.6482453387208,0.03561876317833656,0.03460327775270648,0.022026918422178136,0.009322472380280205,1989.041666666651,2014.2083333332948,
