method_name,method_class,c/r,smooth_r,avg_unc.(1se),#q<0.5,#q<0.1,q_min,q_small5,log-likeli,RMS,bias,tlog-l,100log-l,100RMS,75RMS,100bias,bias50,xyear0.5,xyear1.0,xyear1.5
cent20y,42/1_Run_Means,r,1.0,0.03136842355818376,0,0,1.0,1.0,2.556338079085453,0.0,0.0,396.2324022582452,232.56722560610316,0.0,0.0,0.0,0.0,1984.791666666655,2010.1249999999652,
GWI_anthro_CGWL,43/3_Human_Induced,c,2.495172909925936,0.08098253149100582,0,0,0.982431961923661,0.982431961923661,1.4906870984235405,0.04176058344413907,-0.0005054476183602546,105.83878398807138,105.83878398807137,0.04176058344413907,0.04176058344413907,-0.0005054476183602547,0.015042567357111167,1982.7916666666567,2012.4583333332964,
GWI_anthro_SR15,43/3_Human_Induced,c,2.297852178034748,0.07335257759078566,0,0,0.9878674500116873,0.9878674500116873,1.5386396253506993,0.043138548058534766,0.0004105117956932753,109.24341339989965,109.24341339989967,0.04313854805853477,0.04313854805853477,0.0004105117956932753,0.00800386123009678,1984.7083333333217,2012.3749999999632,
GWI_anthro,43/3_Human_Induced,c,2.4055724915605365,0.07638396793914068,0,0,0.9832925362231623,0.9832925362231623,1.5354787529168454,0.041149851128302495,0.00022251104420264951,109.01899145709602,109.01899145709602,0.041149851128302495,0.041149851128302495,0.00022251104420264992,0.011411329238874458,1983.4583333333228,2012.5416666666297,
FaIR_nonat_unB,43/1_ERF_FaIR,c,4.802886786069019,0.027099508000889637,51,37,3.716775927581789e-21,1.5841912960544848e-20,-1009.7979926474811,0.37328074574293074,0.22914679440081434,-91891.61733092078,-91891.61733092077,0.37328074574293074,0.27284353907262704,0.22914679440081434,0.003815463190150663,1985.3749999999877,2011.041666666631,
FaIR_anthro_unB,43/1_ERF_FaIR,c,4.383894462303384,0.024655022599802956,49,35,9.032973352037511e-28,6.409480889527537e-24,-1472.0402508420727,0.3530513196897036,0.2141057960284235,-133955.66282662863,-133955.66282662863,0.35305131968970355,0.2590339959780112,0.2141057960284235,-0.0036547184291045027,1985.124999999988,2011.5416666666306,
