method_name,method_class,c/r,smooth_r,avg_unc.(1se),#q<0.5,#q<0.1,q_min,q_small5,log-likeli,RMS,bias,tlog-l,100log-l,100RMS,75RMS,100bias,bias50,xyear0.5,xyear1.0,xyear1.5
cent20y,42/1_Run_Means,r,1.0,0.029115075635927308,0,0,1.0,1.0,2.63553678604485,0.0,0.0,408.5082018369518,237.68043171106962,0.0,0.0,0.0,0.0,1985.124999999988,2010.374999999965,
GWI_anthro_CGWL,43/3_Human_Induced,c,2.6403142502187205,0.07184056277368395,0,0,0.7794250989837553,0.7794250989837553,1.3073401128040156,0.06636612440162687,-0.05877342198120016,92.8211480090851,92.8211480090851,0.06636612440162686,0.06636612440162686,-0.05877342198120015,-0.06863898955874177,1987.7916666666522,2015.2916666666272,
GWI_anthro_SR15,43/3_Human_Induced,c,2.412648730071232,0.06663746488296833,0,0,0.9337043569963496,0.9337043569963496,1.4592297916519301,0.05495476501306486,-0.044545338580456575,103.60531520728703,103.60531520728702,0.05495476501306485,0.05495476501306485,-0.04454533858045657,-0.05353981689058111,1987.4583333333192,2015.0416666666274,
GWI_anthro,43/3_Human_Induced,c,2.4870011403227905,0.06848846434597908,0,0,0.9000828756239808,0.9000828756239808,1.4117697814603234,0.05846394054722508,-0.04942952020202322,100.23565448368296,100.23565448368296,0.05846394054722508,0.05846394054722508,-0.04942952020202323,-0.05938441436484008,1987.5416666666524,2015.1249999999607,
FaIR_nonat_unB,43/1_ERF_FaIR,c,5.761449013220076,0.030053195410106533,70,47,2.989299562014077e-25,1.7429565662020465e-24,-1199.5662113497397,0.4349266905177134,0.25319128916594114,-109160.52523282632,-109160.5252328263,0.4349266905177134,0.3176722751284464,0.25319128916594114,-0.012007227087613025,1986.791666666653,2011.2083333332976,
FaIR_anthro_unB,43/1_ERF_FaIR,c,5.5080662188912815,0.027440807220275986,77,60,1.3218291019778872e-32,1.4130216053977691e-30,-2046.3345121613586,0.4069515276703683,0.21912990031376658,-186216.44060668364,-186216.44060668367,0.4069515276703683,0.3020339909393454,0.21912990031376658,-0.03898131817959961,1988.374999999985,2012.29166666663,
