method_name,method_class,c/r,smooth_r,avg_unc.(1se),#q<0.5,#q<0.1,q_min,q_small5,log-likeli,RMS,bias,tlog-l,100log-l,100RMS,75RMS,100bias,bias50,xyear0.5,xyear1.0,xyear1.5
cent20y,42/1_Run_Means,r,1.0,0.026903580407113048,0,0,1.0,1.0,2.7092585546631915,0.0,0.0,419.9350759727947,245.51772545486335,0.0,0.0,0.0,0.0,1985.0416666666547,2010.5416666666315,
GWI_anthro_CGWL,43/3_Human_Induced,c,2.771058983415509,0.07879007722517012,0,0,0.997849826585853,0.997849826585853,1.4812021907946364,0.034132448511370005,0.00012868495879489968,105.16535554641919,105.16535554641919,0.03413244851137,0.03413244851137,0.00012868495879489968,-0.014102530005969649,1985.2083333333212,2014.3749999999613,
GWI_anthro_SR15,43/3_Human_Induced,c,2.5298967055654575,0.0710098452471145,0,0,0.9906508726755876,0.9906508726755876,1.5123580062813187,0.04072294251562966,0.005151495108899016,107.37741844597362,107.3774184459736,0.04072294251562966,0.04072294251562966,0.005151495108899016,-0.014870430850618978,1985.7083333333208,2014.3749999999613,
GWI_anthro,43/3_Human_Induced,c,2.591998794349658,0.07398289662818626,0,0,0.9722846770844802,0.9722846770844802,1.5039680729559601,0.037818721956900635,0.003650173084050462,106.78173317987317,106.78173317987319,0.03781872195690063,0.03781872195690063,0.003650173084050462,-0.01367377175815616,1984.9583333333214,2014.291666666628,
FaIR_nonat_unB,43/1_ERF_FaIR,c,2.35273296812753,0.028331524619985348,0,0,0.9531723870726396,0.9531723870726396,2.33474146808917,0.021882926952023936,-0.0005008487404112052,212.46147359611447,212.46147359611444,0.021882926952023932,0.02095222524976623,-0.0005008487404112055,0.00984134908731955,1985.124999999988,2011.2916666666308,
