method_name,method_class,c/r,smooth_r,avg_unc.(1se),#q<0.5,#q<0.1,q_min,q_small5,log-likeli,RMS,bias,tlog-l,100log-l,100RMS,75RMS,100bias,bias50,xyear0.5,xyear1.0,xyear1.5
cent20y,42/1_Run_Means,r,1.0,0.03116222372722616,0,0,1.0,1.0,2.56106462843816,0.0,0.0,396.96501740791484,231.93918042481764,0.0,0.0,0.0,0.0,1982.6249999999839,2009.0416666666265,
lowess1dg20wnc,42/3_ST_Fits,c,3.7338025549547513,0.060092784549357625,0,0,0.6488920153297091,0.6488920153297091,1.4221476610869215,0.05678843608510472,-0.011347989702692057,220.4328874684728,124.57274917373722,0.05641180014870131,0.05455042334499721,-0.015041463073152087,-0.036684242579101474,1985.5416666666479,2010.6249999999584,
Kal_flexLin,42/5_Kalman,c,5.236410737355204,0.05317657451406971,16,0,0.3619293926832309,0.3619293926832309,1.4546136308709317,0.055978886616980014,-0.011422723051313836,225.4651127849944,135.43363056250018,0.05333338391181185,0.0477710773776609,-0.010596823436528164,-0.024612768520323923,1982.4583333333173,2012.0416666666238,
GAM_AR1,42/4_GAM_AR1,c,6.764795068577304,0.05143761197102194,57,9,1.3542358344321247e-05,0.0014067563042394345,0.8533219008937323,0.06886729602723696,-0.010269412110283302,116.05177852154759,47.26262508575478,0.07299219275311203,0.06198937124652112,-0.023303322074807915,-0.04257025381619665,1986.541666666647,2009.9583333332923,
CGWL10y_sfUKCP,44/44_EarthModel_CGWL,c,5.507513478627131,0.050509231213119725,0,0,0.9652892561983472,0.9652892561983472,1.6665838230285992,0.04321131831823821,-0.0035369574438196367,243.3212381621755,148.4883945257243,0.04301844204357518,0.03408692843418754,-0.004198674628231798,0.0011965330071401423,1983.3749999999832,2009.3749999999595,
