method_name,method_class,c/r,smooth_r,avg_unc.(1se),#q<0.5,#q<0.1,q_min,q_small5,log-likeli,RMS,bias,tlog-l,100log-l,100RMS,75RMS,100bias,bias50,xyear0.5,xyear1.0,xyear1.5
cent20y,42/1_Run_Means,r,1.0,0.03238996198099068,0,0,1.0,1.0,2.5234841643973747,0.0,0.0,391.14004548159306,231.9723287026497,0.0,0.0,0.0,0.0,1985.124999999988,2010.2083333332985,
GWI_anthro_CGWL,43/3_Human_Induced,c,2.4241112307747072,0.08506022742490855,0,0,0.994384978511373,0.994384978511373,1.4543570543591267,0.04332651879893715,0.012586001984086383,103.259350859498,103.25935085949801,0.043326518798937154,0.043326518798937154,0.012586001984086383,0.032280010225766056,1982.7916666666567,2010.708333333298,
GWI_anthro_SR15,43/3_Human_Induced,c,2.212415050977941,0.0767192797992784,0,0,0.9965929097679253,0.9965929097679253,1.5175678288408871,0.04141302470836337,0.011600850634914542,107.74731584770299,107.74731584770299,0.04141302470836337,0.04141302470836337,0.011600850634914542,0.021569427880910073,1985.124999999988,2011.1249999999643,
GWI_anthro,43/3_Human_Induced,c,2.3554584283120406,0.08005544767796019,0,0,0.9990593140180015,0.9990593140180015,1.499019875628787,0.041241081351718896,0.012208946939245397,106.43041116964388,106.43041116964389,0.041241081351718896,0.041241081351718896,0.012208946939245399,0.026569666086035913,1983.6249999999893,2011.2083333332976,
FaIR_nonat_unB,43/1_ERF_FaIR,c,4.162262571781537,0.025059408907944843,41,37,9.177989152276005e-23,2.3083929657169335e-21,-1094.7478979507487,0.35305389769625367,0.21882967923892885,-99622.05871351813,-99622.05871351811,0.3530538976962537,0.25885417634206903,0.21882967923892885,0.003439578790829048,1985.8749999999873,2011.041666666631,
FaIR_anthro_unB,43/1_ERF_FaIR,c,3.927765921861415,0.023250447916432163,51,40,5.886264305959204e-26,5.3862279922735394e-24,-1427.0506544782897,0.33710809607296394,0.2185534414752776,-129861.60955752437,-129861.60955752438,0.3371080960729639,0.24967398027764848,0.21855344147527764,0.015969333175103063,1985.0416666666547,2010.7916666666313,
