method_name,method_class,c/r,smooth_r,avg_unc.(1se),#q<0.5,#q<0.1,q_min,q_small5,log-likeli,RMS,bias,tlog-l,100log-l,100RMS,75RMS,100bias,bias50,xyear0.5,xyear1.0,xyear1.5
cent20y,42/1_Run_Means,r,1.0,0.028343686504549274,0,0,1.0,1.0,2.6542958692669645,0.0,0.0,411.4158597363795,237.4003559822051,0.0,0.0,0.0,0.0,1988.041666666652,2013.1249999999625,
GWI_anthro_CGWL,43/3_Human_Induced,c,2.707013772834398,0.08362894021220976,0,0,0.9948518870914645,0.9948518870914645,1.404257987829504,0.05565114409556481,0.001181867619786856,99.70231713589479,99.70231713589479,0.05565114409556481,0.05565114409556481,0.001181867619786856,0.03272970977177967,1986.2916666666536,2014.291666666628,
GWI_anthro_SR15,43/3_Human_Induced,c,2.476504470728732,0.07559879283329267,0,0,0.9821451532466201,0.9821451532466201,1.5269233180721107,0.04426964415467366,0.0006718464976947123,108.41155558311986,108.41155558311988,0.04426964415467366,0.04426964415467366,0.0006718464976947123,0.02234344716256442,1986.791666666653,2014.6249999999611,
GWI_anthro,43/3_Human_Induced,c,2.673689611559701,0.07886094671189253,0,0,0.9923040580131889,0.9923040580131889,1.4794386099681514,0.04898434175218047,0.0011103331230574653,105.04014130773875,105.04014130773874,0.04898434175218047,0.04898434175218047,0.0011103331230574653,0.027229715133595636,1986.2083333333203,2014.3749999999613,
FaIR_nonat_unB,43/1_ERF_FaIR,c,2.3584186860533953,0.027617846054850285,0,0,0.5410225921521997,0.9701933225560796,2.0660603361308794,0.02995932272004474,0.014631923628071138,188.01149058791,188.01149058790998,0.02995932272004474,0.02278334152720665,0.014631923628071142,0.014818049252214667,1988.2083333333185,2013.0416666666292,
