method_name,method_class,c/r,smooth_r,avg_unc.(1se),#q<0.5,#q<0.1,q_min,q_small5,log-likeli,RMS,bias,tlog-l,100log-l,100RMS,75RMS,100bias,bias50,xyear0.5,xyear1.0,xyear1.5
cent20y,42/1_Run_Means,r,1.0,0.02922150360038629,0,0,1.0,1.0,2.6329672469411642,0.0,0.0,408.1099232758805,237.95143874075876,0.0,0.0,0.0,0.0,1984.9583333333214,2010.2083333332985,
GWI_anthro_CGWL,43/3_Human_Induced,c,2.6989308226622786,0.07092613602853622,0,0,0.7573625683026103,0.7573625683026103,1.3541131948106278,0.0609137533999159,-0.05352890240829676,96.14203683155458,96.14203683155458,0.0609137533999159,0.0609137533999159,-0.05352890240829677,-0.0534195312215324,1987.1249999999861,2014.291666666628,
GWI_anthro_SR15,43/3_Human_Induced,c,2.465421280226639,0.06597144474418726,0,0,0.9121215617468431,0.9121215617468431,1.4889057538241421,0.052550127711232214,-0.0417926537723519,105.71230852151409,105.71230852151409,0.052550127711232214,0.052550127711232214,-0.0417926537723519,-0.04352414593740649,1987.0416666666529,2014.1249999999616,
GWI_anthro,43/3_Human_Induced,c,2.5208286903167068,0.06776844364668834,0,0,0.864509615394507,0.864509615394507,1.447462820099247,0.05467337315412514,-0.04566905072007077,102.76986022704654,102.76986022704655,0.05467337315412514,0.054673373154125134,-0.04566905072007078,-0.04716731668063461,1986.9583333333196,2014.2083333332948,
FaIR_nonat_unB,43/1_ERF_FaIR,c,5.437807914442809,0.029244655494050233,68,50,3.315609005862768e-24,1.8207104253225207e-22,-1187.0620815368286,0.42248322091761453,0.2483538429962185,-108022.64941985141,-108022.6494198514,0.42248322091761453,0.30656897618913664,0.24835384299621846,-0.01155884912658514,1986.2916666666536,2011.2083333332976,
FaIR_anthro_unB,43/1_ERF_FaIR,c,5.354524543861441,0.026293003103669943,82,57,3.065940787055255e-32,2.5079418000493653e-29,-1982.5253925536485,0.39942718941933597,0.22117724223344642,-180409.810722382,-180409.81072238204,0.399427189419336,0.2918572934838685,0.22117724223344642,-0.03477201370471843,1987.374999999986,2012.29166666663,
