method_name,method_class,c/r,smooth_r,avg_unc.(1se),#q<0.5,#q<0.1,q_min,q_small5,log-likeli,RMS,bias,tlog-l,100log-l,100RMS,75RMS,100bias,bias50,xyear0.5,xyear1.0,xyear1.5
cent20y,42/1_Run_Means,r,1.0,0.0324190582606591,0,0,1.0,1.0,2.523571475018574,0.0,0.0,391.15357862787897,229.68119964283403,0.0,0.0,0.0,0.0,1984.6249999999884,2009.2083333332994,
GWI_anthro_CGWL,43/3_Human_Induced,c,2.382628594153261,0.08669435808241001,0,0,0.9968290472245027,0.9968290472245027,1.3183189615171342,0.06324211118112062,0.02397409176894988,93.60064626771653,93.60064626771653,0.06324211118112062,0.06324211118112062,0.023974091768949882,0.05558417204679287,1980.7083333333253,2007.9583333333005,
GWI_anthro_SR15,43/3_Human_Induced,c,2.174299336304804,0.07791354216974933,0,0,0.9941535094335008,0.9941535094335008,1.421395090316555,0.05399428038049344,0.019858202013382443,100.91905141247541,100.91905141247543,0.05399428038049344,0.05399428038049345,0.01985820201338244,0.041008355141168705,1983.208333333323,2006.7083333333017,
GWI_anthro,43/3_Human_Induced,c,2.3608092565349814,0.08149904235770189,0,0,0.9998860133974384,0.9998860133974384,1.3858627358749933,0.05686397144369848,0.02136417775770301,98.39625424712453,98.39625424712453,0.05686397144369848,0.05686397144369848,0.02136417775770301,0.047360456006391875,1982.2916666666572,2008.7083333332998,
FaIR_nonat_unB,43/1_ERF_FaIR,c,1.8373619020935819,0.025072783033137765,6,1,0.09727392290950437,0.3462544589774078,1.7504309589829516,0.03283127335125277,0.001585536238749775,159.2892172674486,159.28921726744863,0.03283127335125277,0.022356359900737668,0.0015855362387497752,-0.0026468169062339223,1985.6249999999875,2010.1249999999652,
FaIR_anthro_unB,43/1_ERF_FaIR,c,1.7576870871793033,0.023417955755876334,12,0,0.12906104532567647,0.331511839708561,1.7658962183933302,0.03274481055141655,0.008298340655282267,160.69655587379305,160.69655587379305,0.03274481055141655,0.024086452339902663,0.008298340655282267,0.007848463127408863,1984.7083333333217,2009.9583333332987,
