method_name,method_class,c/r,smooth_r,avg_unc.(1se),#q<0.5,#q<0.1,q_min,q_small5,log-likeli,RMS,bias,tlog-l,100log-l,100RMS,75RMS,100bias,bias50,xyear0.5,xyear1.0,xyear1.5
cent20y,42/1_Run_Means,r,1.0,0.02936467390266552,0,0,1.0,1.0,2.63223609274473,0.0,0.0,407.9965943754331,239.72697578348115,0.0,0.0,0.0,0.0,1977.374999999995,2005.6249999999693,
GWI_anthro_CGWL,43/3_Human_Induced,c,2.7069231022986537,0.07168611388969798,0,0,0.8986077686906608,0.8986077686906608,1.4256748397081085,0.05190714318812798,-0.038264957270687246,101.2229136192757,101.22291361927572,0.05190714318812798,0.05190714318812798,-0.038264957270687246,-0.030979318384086022,1980.5416666666588,2005.874999999969,
GWI_anthro_SR15,43/3_Human_Induced,c,2.490305649630406,0.0665194129146353,0,0,0.8827299904612803,0.8827299904612803,1.526328217459315,0.04826412353225681,-0.029540914619121467,108.36930343961136,108.36930343961134,0.04826412353225681,0.04826412353225681,-0.029540914619121467,-0.026039622783468733,1980.7083333333253,2004.87499999997,
GWI_anthro,43/3_Human_Induced,c,2.5265738559325555,0.06841453585829717,0,0,0.9063273818464204,0.9063273818464204,1.50352537770614,0.04845124654862584,-0.03241076988957021,106.75030181713593,106.75030181713595,0.04845124654862584,0.04845124654862584,-0.03241076988957021,-0.027625077829147825,1980.624999999992,2005.7083333333026,
FaIR_nonat_unB,43/1_ERF_FaIR,c,1.8683445468702442,0.02865267483746035,0,0,0.559056678557273,0.559056678557273,1.9578198780156428,0.03383448469719899,-0.0073174729797612255,178.1616088994235,178.1616088994235,0.03383448469719899,0.03496741543837247,-0.0073174729797612255,0.003772319019912926,1978.7916666666604,2001.958333333306,
