method_name,method_class,c/r,smooth_r,avg_unc.(1se),#q<0.5,#q<0.1,q_min,q_small5,log-likeli,RMS,bias,tlog-l,100log-l,100RMS,75RMS,100bias,bias50,xyear0.5,xyear1.0,xyear1.5
cent20y,42/1_Run_Means,r,1.0,0.032607380557764444,0,0,1.0,1.0,2.518997966031041,0.0,0.0,390.4446847348114,232.46249516581037,0.0,0.0,0.0,0.0,1985.874999999981,2011.458333333291,
lowess1dg20wnc,42/3_ST_Fits,c,4.305778709508922,0.06224174360282636,6,2,0.07155512000634416,0.3685882391754705,1.3769358066293864,0.05674514961263217,-0.013533585305536083,213.4250500275549,140.25908570856865,0.04614749534904041,0.04319263438823197,-0.011088267973366955,-0.03899494472849543,1987.874999999979,2014.4583333332882,
Kal_flexLin,42/5_Kalman,c,5.684471259486164,0.05317657451406971,19,4,0.027258025332911513,0.15617383094013412,1.3667010049728447,0.059203238815681486,-0.007042648591008101,211.83865577079092,146.88471452097633,0.047247729498319554,0.04100092840592982,-0.008233125074923171,-0.02836377360505855,1987.3749999999795,2014.5416666666215,
GAM_AR1,42/4_GAM_AR1,c,5.395140215631623,0.057151441178334844,12,1,0.04095364907869949,0.11833577049757252,1.3318597006901347,0.055125283332401555,-0.0007942490487462319,181.13291929385832,139.22947746551003,0.04829203756939452,0.045242454226062837,-0.00725020760343264,-0.03676519509053098,1987.541666666646,2014.374999999955,
CGWL10y_sfUKCP,44/44_EarthModel_CGWL,c,6.177648047234246,0.05031525100911817,0,0,0.9804379562043797,0.9804379562043797,1.6702282288975445,0.045277516939973804,0.0060943563359712105,243.8533214190415,149.23681216333688,0.04395827850315117,0.0381331527424157,-0.0015596008245110531,0.005759415141105656,1986.87499999998,2014.041666666622,
