method_name,method_class,c/r,smooth_r,avg_unc.(1se),#q<0.5,#q<0.1,q_min,q_small5,log-likeli,RMS,bias,tlog-l,100log-l,100RMS,75RMS,100bias,bias50,xyear0.5,xyear1.0,xyear1.5
cent20y,42/1_Run_Means,r,1.0,0.0324190582606591,0,0,1.0,1.0,2.523571475018574,0.0,0.0,391.15357862787897,229.68119964283403,0.0,0.0,0.0,0.0,1984.624999999982,2009.208333333293,
lowess1dg20wnc,42/3_ST_Fits,c,3.850921505506886,0.06475760473997785,3,0,0.25212943456393727,0.6002206912435115,1.3806487098225781,0.05748554123555418,-0.007024281337054874,214.00055002249962,134.15975213945754,0.050380618144606475,0.04548517699569691,-0.01247462118798762,-0.04228450136935284,1987.4583333333128,2011.124999999958,
Kal_flexLin,42/5_Kalman,c,5.319112734139768,0.05317657451406971,18,0,0.11395145188293286,0.11395145188293286,1.4259481218279855,0.05661872136991528,-0.0076212255924842185,221.02195888333776,137.4028474760929,0.05233725312246133,0.042909345656770174,-0.009262900406395044,-0.03091225771761017,1987.0416666666465,2011.7083333332907,
GAM_AR1,42/4_GAM_AR1,c,6.793215504940571,0.06231441069048104,15,0,0.15393183820382353,0.15425337939947134,1.197019065132746,0.0670078159951342,-0.005064503953886825,162.79459285805345,133.1296275559933,0.05260789803271379,0.04352159196094258,-0.007567333099438151,-0.03322976389646287,1986.9583333333132,2011.458333333291,
CGWL10y_sfUKCP,44/44_EarthModel_CGWL,c,6.29164007202854,0.050416139176776335,0,0,0.9934020618556701,0.9934020618556701,1.6612959949325703,0.045021031489294615,0.003020047060784502,242.54921526015528,143.6554567974511,0.04601050855015586,0.03765481489726739,-0.004325433657457358,-0.00011381905691624089,1986.208333333314,2009.541666666626,
