method_name,method_class,c/r,smooth_r,avg_unc.(1se),#q<0.5,#q<0.1,q_min,q_small5,log-likeli,RMS,bias,tlog-l,100log-l,100RMS,75RMS,100bias,bias50,xyear0.5,xyear1.0,xyear1.5
cent20y,42/1_Run_Means,r,1.0,0.02673192987023809,0,0,1.0,1.0,2.720728521697501,0.0,0.0,421.7129208631127,238.05329418065477,0.0,0.0,0.0,0.0,1988.2083333333185,2013.5416666666288,
GWI_anthro_CGWL,43/3_Human_Induced,c,2.843332417090234,0.08727993956276964,0,0,0.8882242682056488,0.8882242682056488,1.2881467307820131,0.06659187224518627,0.027335827911250072,91.45841788552293,91.45841788552293,0.06659187224518626,0.06659187224518626,0.027335827911250072,0.06585982846436364,1983.874999999989,2012.3749999999632,
GWI_anthro_SR15,43/3_Human_Induced,c,2.633738637312733,0.0772684714333065,0,0,0.9113255279215333,0.9113255279215333,1.3619723638713317,0.059663264526065095,0.0221074004105818,96.70003783486455,96.70003783486453,0.059663264526065095,0.059663264526065095,0.022107400410581797,0.0469233183568772,1986.2083333333203,2013.2083333332957,
GWI_anthro,43/3_Human_Induced,c,2.9407287201801315,0.08150374801316539,0,0,0.9475308335099342,0.9475308335099342,1.3310219240617078,0.06209406830272198,0.024259715202612518,94.50255660838125,94.50255660838125,0.062094068302721975,0.062094068302721975,0.024259715202612518,0.05520332868627895,1984.7083333333217,2013.0416666666292,
FaIR_nonat_unB,43/1_ERF_FaIR,c,2.954727722082414,0.02809197336955583,47,11,0.00968448376521883,0.09836774402767269,-1.5215936301172048,0.06466543749347395,0.04421729695648858,-138.46502034066563,-138.4650203406656,0.06466543749347395,0.047106315964039226,0.044217296956488565,0.019788064981052896,1987.708333333319,2013.5416666666288,
FaIR_anthro_unB,43/1_ERF_FaIR,c,2.240607225568607,0.02429161231058739,75,41,0.007135203567581496,0.008155332173213459,-5.375121345247118,0.06993189519899992,0.05667694087567196,-489.1360424174877,-489.1360424174877,0.06993189519899992,0.0533210244400738,0.05667694087567195,0.034926241556651846,1985.9583333333205,2013.291666666629,
