method_name,method_class,c/r,smooth_r,avg_unc.(1se),#q<0.5,#q<0.1,q_min,q_small5,log-likeli,RMS,bias,tlog-l,100log-l,100RMS,75RMS,100bias,bias50,xyear0.5,xyear1.0,xyear1.5
cent20y,42/1_Run_Means,r,1.0,0.03270962646932406,0,0,1.0,1.0,2.5152010716610373,0.0,0.0,389.8561661074608,230.8958849404111,0.0,0.0,0.0,0.0,1985.2083333333212,2009.708333333299,
GWI_anthro_CGWL,43/3_Human_Induced,c,2.507263718717699,0.08733929975527169,0,0,0.972022443989922,0.972022443989922,1.2771987244616623,0.06883364450387248,0.007216223539584139,90.68110943677802,90.681109436778,0.06883364450387248,0.06883364450387248,0.007216223539584138,0.048692289763641504,1982.208333333324,2008.791666666633,
GWI_anthro_SR15,43/3_Human_Induced,c,2.2908621424878466,0.07867098419491035,0,0,0.9732698972008088,0.9732698972008088,1.386694507392724,0.058204577783685055,0.004422575502828397,98.4553100248834,98.45531002488342,0.058204577783685055,0.058204577783685055,0.004422575502828397,0.03454792334173455,1984.0416666666556,2008.9583333332996,
GWI_anthro,43/3_Human_Induced,c,2.4505309872446883,0.08219043193318346,0,0,0.9782436877313175,0.9782436877313175,1.342149116104384,0.06245994113069358,0.005664037741845517,95.29258724341126,95.29258724341125,0.06245994113069357,0.06245994113069357,0.005664037741845517,0.04077865692827256,1982.87499999999,2009.374999999966,
FaIR_nonat_unB,43/1_ERF_FaIR,c,4.3330488604804,0.02463227442670963,45,35,1.1235703096930573e-25,1.525323648491019e-20,-1115.771735569772,0.3586948463063844,0.21908669153393545,-101535.22793684926,-101535.22793684926,0.3586948463063844,0.25949353623773164,0.21908669153393548,-0.0008491167894588648,1985.9583333333205,2010.6249999999648,
FaIR_anthro_unB,43/1_ERF_FaIR,c,4.235132301279148,0.023011221260415618,52,40,7.7283990697021e-26,5.621005837453135e-25,-1512.2565127305647,0.3442984843546661,0.22288786446285294,-137615.3426584814,-137615.3426584814,0.3442984843546661,0.25167612865505895,0.22288786446285286,0.0166454694110013,1984.791666666655,2010.2083333332985,
