method_name,method_class,c/r,smooth_r,avg_unc.(1se),#q<0.5,#q<0.1,q_min,q_small5,log-likeli,RMS,bias,tlog-l,100log-l,100RMS,75RMS,100bias,bias50,xyear0.5,xyear1.0,xyear1.5
cent20y,42/1_Run_Means,r,1.0,0.02961696385895183,0,0,1.0,1.0,2.6140850822414987,0.0,0.0,405.18318774743227,233.31056461509678,0.0,0.0,0.0,0.0,1980.6249999999857,2008.2916666666272,
lowess1dg20wnc,42/3_ST_Fits,c,3.5755374122885173,0.04995752055755616,58,5,0.09435341251044228,0.09435341251044228,1.2427505754506747,0.05625796545437662,-0.012633627437303504,192.62633919485458,100.14313976124808,0.059652920355864024,0.0474499213666259,-0.01616457766226571,-0.03602472918369073,1982.5416666666506,2009.1249999999598,
Kal_flexLin,42/5_Kalman,c,4.750066622072515,0.05317657451406971,14,0,0.21099231322439502,0.24414239919959196,1.4508230274518856,0.05552786894571044,-0.008670881897411891,224.8775692550423,129.739907246235,0.056114169059901554,0.04045764307075502,-0.011092723951677444,-0.02515210410781129,1980.8749999999854,2009.0416666666265,
GAM_AR1,42/4_GAM_AR1,c,8.470950921650122,0.0475057265276497,44,17,4.630329135605574e-11,2.238524677013598e-05,0.5328009665048689,0.06960888785606177,-0.01342530581713224,72.46093144466217,3.1838923296737995,0.07693956007612189,0.049137449958799186,-0.016926849154329016,-0.027721076412644104,1980.7916666666522,2008.87499999996,
CGWL10y_sfUKCP,44/44_EarthModel_CGWL,c,6.160827218460807,0.05072903792944647,0,0,0.8406060606060607,0.8406060606060607,1.5388886921202254,0.04933067890309629,0.00012043106511460396,224.67774904955292,135.35909280386176,0.04980071637052632,0.037230197042217666,-0.007189708488024878,0.003314304991865133,1980.7916666666522,2006.7083333332953,
