method_name,method_class,c/r,smooth_r,avg_unc.(1se),#q<0.5,#q<0.1,q_min,q_small5,log-likeli,RMS,bias,tlog-l,100log-l,100RMS,75RMS,100bias,bias50,xyear0.5,xyear1.0,xyear1.5
cent20y,42/1_Run_Means,r,1.0,0.02673192987023809,0,0,1.0,1.0,2.720728521697501,0.0,0.0,421.7129208631127,238.05329418065477,0.0,0.0,0.0,0.0,1988.2083333333185,2013.5416666666288,
GWI_anthro_CGWL,43/3_Human_Induced,c,2.843332417090234,0.08727993956276964,0,0,0.8882242682056488,0.8882242682056488,1.2881467307820131,0.06659187224518627,0.027335827911250072,91.45841788552293,91.45841788552293,0.06659187224518626,0.06659187224518626,0.027335827911250072,0.06585982846436364,1983.874999999989,2012.3749999999632,
GWI_anthro_SR15,43/3_Human_Induced,c,2.633738637312733,0.0772684714333065,0,0,0.9113255279215333,0.9113255279215333,1.3619723638713317,0.059663264526065095,0.0221074004105818,96.70003783486455,96.70003783486453,0.059663264526065095,0.059663264526065095,0.022107400410581797,0.0469233183568772,1986.2083333333203,2013.2083333332957,
GWI_anthro,43/3_Human_Induced,c,2.9407287201801315,0.08150374801316539,0,0,0.9475308335099342,0.9475308335099342,1.3310219240617078,0.06209406830272198,0.024259715202612518,94.50255660838125,94.50255660838125,0.062094068302721975,0.062094068302721975,0.024259715202612518,0.05520332868627895,1984.7083333333217,2013.0416666666292,
FaIR_nonat_unB,43/1_ERF_FaIR,c,2.965386575641345,0.028105873868101428,47,7,0.0027057562183397553,0.09681700457012371,-1.2496829346093694,0.06462707333907418,0.04417051252377186,-113.72114704945261,-113.7211470494526,0.06462707333907418,0.047065717122440856,0.04417051252377186,0.019773261223500746,1987.708333333319,2013.5416666666288,
FaIR_anthro_unB,43/1_ERF_FaIR,c,2.221606066888017,0.02425864990800862,75,38,0.0036793564251932425,0.015267191405468573,-4.769362328351199,0.06995397001207677,0.05669336570320466,-434.0119718799591,-434.0119718799591,0.06995397001207677,0.05332242141827466,0.05669336570320466,0.03493530378897074,1985.9583333333205,2013.291666666629,
