method_name,method_class,c/r,smooth_r,avg_unc.(1se),#q<0.5,#q<0.1,q_min,q_small5,log-likeli,RMS,bias,tlog-l,100log-l,100RMS,75RMS,100bias,bias50,xyear0.5,xyear1.0,xyear1.5
cent20y,42/1_Run_Means,r,1.0,0.031049695581148045,0,0,1.0,1.0,2.5622963479875613,0.0,0.0,397.155933938072,234.21670903245786,0.0,0.0,0.0,0.0,1984.624999999982,2010.5416666666251,
lowess1dg20wnc,42/3_ST_Fits,c,3.5742086580609795,0.21111425218106558,0,0,0.9991325182982272,0.9991325182982272,0.604445297584362,0.05115099926996539,-0.009040390830023589,93.68902112557612,40.82939850845912,0.04432905355406977,0.044985589159709856,-0.012492882953127029,-0.034749899667766426,1986.9583333333132,2014.041666666622,
Kal_flexLin,42/5_Kalman,c,4.806821957504294,0.05317657451406971,8,0,0.4578597200191541,0.4578597200191541,1.5296875700828163,0.05281589179032735,-0.011443399583451464,237.10157336283652,151.08864510246195,0.04480661373210224,0.04266190565772294,-0.00847489772228802,-0.024520672947374596,1986.4583333333137,2014.2083333332885,
GAM_AR1,42/4_GAM_AR1,c,7.220539412965768,0.05670307645071198,4,0,0.38278719058930405,0.6810997162742635,1.4066838165159803,0.054989293850360735,-0.007090763341462221,191.3089990461733,137.82047246842865,0.04922018201707107,0.047687952708064016,-0.01273099551554275,-0.03574493958286014,1987.1249999999798,2013.8749999999554,
CGWL10y_sfUKCP,44/44_EarthModel_CGWL,c,6.028702585292169,0.050696565282921636,0,0,0.9733333333333333,0.9733333333333333,1.6628265689773827,0.0415788557472768,-0.005700001133626148,242.77267907069788,152.78422950562714,0.03892519202306545,0.035186062391686444,-0.005517906930234648,0.000715676253318829,1985.9583333333142,2009.9583333332923,
