method_name,method_class,c/r,smooth_r,avg_unc.(1se),#q<0.5,#q<0.1,q_min,q_small5,log-likeli,RMS,bias,tlog-l,100log-l,100RMS,75RMS,100bias,bias50,xyear0.5,xyear1.0,xyear1.5
cent20y,42/1_Run_Means,r,1.0,0.026919981432262798,0,0,1.0,1.0,2.7079950458197652,0.0,0.0,419.7392321020636,244.31965651344305,0.0,0.0,0.0,0.0,1984.8749999999818,2010.208333333292,
lowess1dg20wnc,42/3_ST_Fits,c,3.583186354244932,0.17091367301367544,0,0,0.9982965161105892,0.9982965161105892,0.8081143209578553,0.048007659939128054,-0.01342003116631944,125.25771974846757,57.05838111324054,0.047839882177750905,0.048782273912018184,-0.014987004426035956,-0.042448416534811996,1987.3749999999795,2012.9583333332896,
Kal_flexLin,42/5_Kalman,c,5.074519264167387,0.05317657451406971,0,0,0.9003486506490198,0.9003486506490198,1.684074097395888,0.044440542203840624,-0.010905578848622505,261.03148509636264,156.16075329248142,0.04167145409814634,0.042820665407219106,-0.00995548435152222,-0.02995335854789255,1986.7083333333135,2013.2916666666226,
GAM_AR1,42/4_GAM_AR1,c,6.9510847429345475,0.0424991863440279,24,2,0.0024259303910412733,0.11466487796772683,1.3795003119563012,0.050350139306607915,-0.005894748286602212,187.61204242605697,128.5086566341955,0.04919018739007791,0.04545039063800855,-0.014172956203930748,-0.0295791658443647,1986.541666666647,2013.2083333332894,
CGWL10y_sfUKCP,44/44_EarthModel_CGWL,c,6.367837390894203,0.05032321016394323,0,0,0.8913684210526315,0.8913684210526315,1.643187074031494,0.042257879181640014,0.0005433911628988242,239.90531280859813,153.93990753146954,0.03765034054423523,0.03688094242475078,0.00100491114650169,0.003319999160814277,1985.7916666666476,2009.9583333332923,
