method_name,method_class,c/r,smooth_r,avg_unc.(1se),#q<0.5,#q<0.1,q_min,q_small5,log-likeli,RMS,bias,tlog-l,100log-l,100RMS,75RMS,100bias,bias50,xyear0.5,xyear1.0,xyear1.5
cent20y,42/1_Run_Means,r,1.0,0.028204047156492038,0,0,1.0,1.0,2.6640354794898924,0.0,0.0,412.92549932093334,242.14280368801343,0.0,0.0,0.0,0.0,1975.45833333333,2004.7083333333035,
GWI_anthro_CGWL,43/3_Human_Induced,c,2.71473413724028,0.07243890591118589,0,0,0.9089573247845935,0.9089573247845935,1.342369631508814,0.06279529550453934,-0.05403066951455692,95.3082438371258,95.3082438371258,0.06279529550453936,0.06279529550453936,-0.05403066951455692,-0.06967322965855809,1980.5416666666588,2008.2083333333003,
GWI_anthro_SR15,43/3_Human_Induced,c,2.464846907268774,0.06696158141448458,0,0,0.9986390004775838,0.9986390004775838,1.5087069358310015,0.04878506817363023,-0.03663292075855053,107.11819244400111,107.1181924440011,0.04878506817363023,0.04878506817363022,-0.03663292075855052,-0.05103383781856542,1979.7083333333262,2006.1249999999688,
GWI_anthro,43/3_Human_Induced,c,2.5928402564728668,0.06892947762012695,0,0,0.9873498689732496,0.9873498689732496,1.4560336806099794,0.05332886134015126,-0.04241063817120345,103.37839132330853,103.37839132330853,0.05332886134015126,0.05332886134015126,-0.04241063817120344,-0.05793269582802303,1979.8749999999927,2006.8749999999682,
FaIR_nonat_unB,43/1_ERF_FaIR,c,2.052539439166047,0.028900475165945575,65,0,0.21752443525767867,0.21752443525767867,1.419547651503424,0.04585373546778802,-0.02785388957610821,129.1788362868116,129.1788362868116,0.04585373546778802,0.044607884245112646,-0.02785388957610821,-0.002150602125072286,1978.2083333333276,2002.1249999999725,
