method_name,method_class,c/r,smooth_r,avg_unc.(1se),#q<0.5,#q<0.1,q_min,q_small5,log-likeli,RMS,bias,tlog-l,100log-l,100RMS,75RMS,100bias,bias50,xyear0.5,xyear1.0,xyear1.5
cent20y,42/1_Run_Means,r,1.0,0.02926349066131987,0,0,1.0,1.0,2.6265401669867425,0.0,0.0,407.11372588294506,235.7614414944819,0.0,0.0,0.0,0.0,1985.2916666666545,2009.7916666666322,
GWI_anthro_CGWL,43/3_Human_Induced,c,2.697343134643552,0.08766451333113637,0,0,0.9939030648698363,0.9939030648698363,1.290211549293285,0.06685113020270413,0.007937898919627222,91.60501999982324,91.60501999982324,0.06685113020270413,0.06685113020270413,0.007937898919627222,0.04765852995707411,1982.541666666657,2008.791666666633,
GWI_anthro_SR15,43/3_Human_Induced,c,2.498862430743124,0.07838488344570034,0,0,0.9750400128985824,0.9750400128985824,1.4022925179817778,0.056284768007612285,0.004366750256035687,99.56276877670622,99.56276877670624,0.056284768007612285,0.056284768007612285,0.004366750256035687,0.03130859794647018,1984.791666666655,2008.9583333332996,
GWI_anthro,43/3_Human_Induced,c,2.6494499743580078,0.08227318295995349,0,0,0.9757146465069378,0.9757146465069378,1.3619955062339884,0.05994076745727732,0.005977935677354532,96.70168094261317,96.70168094261317,0.059940767457277326,0.059940767457277326,0.005977935677354532,0.03857796018107816,1983.2916666666563,2009.4583333332992,
FaIR_nonat_unB,43/1_ERF_FaIR,c,4.787488776733999,0.027399686496179805,41,36,2.5871144430832664e-18,6.044937115580029e-17,-787.2259929997562,0.3452568934712185,0.2171383975189079,-71637.56536297781,-71637.56536297782,0.3452568934712186,0.251101334977083,0.2171383975189079,0.007520963005348001,1985.3749999999877,2010.7916666666313,
