method_name,method_class,c/r,smooth_r,avg_unc.(1se),#q<0.5,#q<0.1,q_min,q_small5,log-likeli,RMS,bias,tlog-l,100log-l,100RMS,75RMS,100bias,bias50,xyear0.5,xyear1.0,xyear1.5
cent20y,42/1_Run_Means,r,1.0,0.03125892019415177,0,0,1.0,1.0,2.5589454306507187,0.0,0.0,396.6365417508614,230.438302309045,0.0,0.0,0.0,0.0,1985.0416666666547,2010.374999999965,
GWI_anthro_CGWL,43/3_Human_Induced,c,2.493944610874492,0.08281120961847617,0,0,0.9976038526332035,0.9976038526332035,1.401764961427002,0.04174574939335021,-0.017456548458055023,99.52531226131714,99.52531226131714,0.04174574939335022,0.04174574939335022,-0.017456548458055023,-0.0247861823176521,1986.2083333333203,2014.874999999961,
GWI_anthro_SR15,43/3_Human_Induced,c,2.2829515295202434,0.0751560010135776,0,0,0.9562380159938516,0.9562380159938516,1.4556667900111044,0.044688990911960415,-0.013445684811139077,103.35234209078841,103.3523420907884,0.04468899091196041,0.04468899091196041,-0.013445684811139077,-0.026764016977334108,1986.5416666666533,2014.874999999961,
GWI_anthro,43/3_Human_Induced,c,2.4056104345129605,0.0781086313241633,0,0,0.9930434792598575,0.9930434792598575,1.452459375413045,0.042195943555286206,-0.014468225014159968,103.12461565432619,103.12461565432619,0.042195943555286206,0.042195943555286206,-0.014468225014159968,-0.02504958701425898,1986.124999999987,2014.7916666666276,
FaIR_nonat_unB,43/1_ERF_FaIR,c,4.664321523446909,0.026867130153785213,57,38,1.2463861551341506e-19,4.281132875257198e-18,-753.9200668660734,0.3312158399742687,0.21571257068621683,-68606.72608481268,-68606.72608481266,0.33121583997426873,0.24993640874483145,0.21571257068621683,0.0185761562947569,1985.458333333321,2010.6249999999648,
FaIR_anthro_unB,43/1_ERF_FaIR,c,4.3557758652012275,0.02432081071450247,56,44,9.115921020727664e-25,6.697974583694461e-22,-1095.9982694231637,0.3103158046324407,0.20315321325198393,-99735.84251750789,-99735.84251750787,0.3103158046324407,0.2373870462448142,0.20315321325198393,0.017090979802365628,1984.6249999999884,2010.708333333298,
