method_name,method_class,c/r,smooth_r,avg_unc.(1se),#q<0.5,#q<0.1,q_min,q_small5,log-likeli,RMS,bias,tlog-l,100log-l,100RMS,75RMS,100bias,bias50,xyear0.5,xyear1.0,xyear1.5
cent20y,42/1_Run_Means,r,1.0,0.02949395745350752,0,0,1.0,1.0,2.611399361837676,0.0,0.0,404.7669010848398,234.55627990010993,0.0,0.0,0.0,0.0,1985.2916666666545,2010.2916666666317,
GWI_anthro_CGWL,43/3_Human_Induced,c,2.7112253980191725,0.08524795888834559,0,0,0.9960288253019713,0.9960288253019713,1.4247913411464128,0.033466040916355515,-0.012204031051593452,101.16018522139531,101.16018522139531,0.03346604091635551,0.03346604091635551,-0.012204031051593452,-0.022735166259082427,1986.7083333333198,2014.2083333332948,
GWI_anthro_SR15,43/3_Human_Induced,c,2.464386650403586,0.07676406887454039,0,0,0.9725246509460848,0.9725246509460848,1.4553821548749981,0.04174225929510885,-0.00813191503687956,103.33213299612487,103.33213299612486,0.04174225929510886,0.04174225929510886,-0.008131915036879558,-0.02635128859164696,1986.9583333333196,2014.3749999999613,
GWI_anthro,43/3_Human_Induced,c,2.6364167934304468,0.08007384668163131,0,0,0.9905303512779948,0.9905303512779948,1.455412586090149,0.03739969111330876,-0.009037016316102533,103.33429361240057,103.33429361240056,0.03739969111330876,0.03739969111330876,-0.009037016316102533,-0.0238278110765219,1986.5416666666533,2014.291666666628,
FaIR_nonat_unB,43/1_ERF_FaIR,c,4.853057038311529,0.027568975103006235,64,39,4.6593871034335285e-20,6.156528840742651e-16,-628.4604701868224,0.3188390943239302,0.2123313010216722,-57189.902787000836,-57189.90278700083,0.3188390943239302,0.24668426471038032,0.2123313010216722,0.021880910112300745,1985.7083333333208,2010.2083333332985,
FaIR_anthro_unB,43/1_ERF_FaIR,c,4.584924023130117,0.023803940063018426,69,56,4.375383539594075e-22,2.885804308056117e-21,-1056.6813887266119,0.3021101189175582,0.21068572246968503,-96158.00637412169,-96158.00637412169,0.3021101189175582,0.23819960203262872,0.21068572246968503,0.03510052515427414,1980.1249999999925,2010.2083333332985,
