method_name,method_class,c/r,smooth_r,avg_unc.(1se),#q<0.5,#q<0.1,q_min,q_small5,log-likeli,RMS,bias,tlog-l,100log-l,100RMS,75RMS,100bias,bias50,xyear0.5,xyear1.0,xyear1.5
cent20y,42/1_Run_Means,r,1.0,0.026816798036614742,0,0,1.0,1.0,2.7118268291911076,0.0,0.0,420.3331585246217,244.68881583654218,0.0,0.0,0.0,0.0,1987.2083333333194,2013.1249999999625,
GWI_anthro_CGWL,43/3_Human_Induced,c,2.7461326859066677,0.0807854028844388,0,0,0.9903417773294116,0.9903417773294116,1.521655405123131,0.024310787951102347,-0.00226526921315172,108.0375337637423,108.03753376374229,0.02431078795110235,0.02431078795110235,-0.00226526921315172,-0.007117285461859198,1987.2083333333194,2015.1249999999607,
GWI_anthro_SR15,43/3_Human_Induced,c,2.5098069077251157,0.07280048601510677,0,0,0.945531541014984,0.945531541014984,1.530443044165803,0.03723201496341331,0.0010738357085179184,108.66145613577201,108.661456135772,0.03723201496341331,0.03723201496341331,0.0010738357085179184,-0.012176180643897812,1987.5416666666524,2015.3749999999604,
GWI_anthro,43/3_Human_Induced,c,2.5980065925384217,0.07596110262567049,0,0,0.9714647266353252,0.9714647266353252,1.5312086139211414,0.03179533715257079,0.0003492740753341446,108.71581158840104,108.71581158840107,0.03179533715257079,0.03179533715257078,0.0003492740753341446,-0.009206520368946768,1987.1249999999861,2015.208333333294,
FaIR_nonat_unB,43/1_ERF_FaIR,c,2.6682295024761147,0.02817571202169368,24,0,0.24732461355529128,0.24732461355529128,1.8011030939282764,0.03621770954193677,0.027695494169368458,163.90038154747316,163.90038154747316,0.03621770954193676,0.03473094634727633,0.027695494169368465,0.020401896216563842,1987.6249999999857,2012.958333333296,
