method_name,method_class,c/r,smooth_r,avg_unc.(1se),#q<0.5,#q<0.1,q_min,q_small5,log-likeli,RMS,bias,tlog-l,100log-l,100RMS,75RMS,100bias,bias50,xyear0.5,xyear1.0,xyear1.5
cent20y,42/1_Run_Means,r,1.0,0.028957260742125235,0,0,1.0,1.0,2.6385093950596215,0.0,0.0,408.9689562342413,239.4351502511165,0.0,0.0,0.0,0.0,1977.5416666666615,2006.4583333333019,
GWI_anthro_CGWL,43/3_Human_Induced,c,2.663072457418916,0.07193719068651178,0,0,0.8017019852190247,0.8017019852190247,1.2218500268518733,0.07270842107357438,-0.054419893478806734,86.75135190648301,86.751351906483,0.07270842107357438,0.07270842107357438,-0.054419893478806734,-0.08378516198456308,1982.87499999999,2012.4583333332964,
GWI_anthro_SR15,43/3_Human_Induced,c,2.415602984692651,0.06616670182054918,0,0,0.8818903982191557,0.8818903982191557,1.3776816999057055,0.05920508962610377,-0.03593073947467444,97.8154006933051,97.8154006933051,0.05920508962610376,0.05920508962610377,-0.035930739474674435,-0.06389723668209958,1982.0416666666574,2011.374999999964,
GWI_anthro,43/3_Human_Induced,c,2.542597054239157,0.06823975343127225,0,0,0.8197074115854518,0.8197074115854518,1.3249831672739563,0.06385267439456167,-0.04198883158377474,94.0738048764509,94.0738048764509,0.06385267439456167,0.06385267439456167,-0.04198883158377474,-0.07118870060176614,1982.3749999999905,2011.8749999999636,
FaIR_nonat_unB,43/1_ERF_FaIR,c,1.7119699577107275,0.02791909394415425,49,0,0.38363420170792345,0.38363420170792345,1.811772848434481,0.03683487318065055,-0.017221923362516985,164.87132920753777,164.87132920753777,0.03683487318065054,0.034982291544075506,-0.017221923362516985,0.0038047711876432588,1978.958333333327,2007.3749999999677,
