method_name,method_class,c/r,smooth_r,avg_unc.(1se),#q<0.5,#q<0.1,q_min,q_small5,log-likeli,RMS,bias,tlog-l,100log-l,100RMS,75RMS,100bias,bias50,xyear0.5,xyear1.0,xyear1.5
cent20y,42/1_Run_Means,r,1.0,0.02912059589136713,0,0,1.0,1.0,2.6353620337155528,0.0,0.0,408.4811152259107,237.69467098427634,0.0,0.0,0.0,0.0,1970.2916666666645,1996.4583333333073,
GWI_anthro_CGWL,43/3_Human_Induced,c,2.638945534221565,0.07184056311139157,0,0,0.8347179297153046,0.8347179297153046,1.359197821307702,0.06185899657525335,-0.053638577264992,96.50304531284685,96.50304531284687,0.061858996575253344,0.06185899657525335,-0.05363857726499199,-0.0634795093816106,1976.3749999999923,1997.2083333333067,2023.4583333332828
GWI_anthro_SR15,43/3_Human_Induced,c,2.411485971576939,0.06663746499872722,0,0,0.9760574065313867,0.9760574065313867,1.5038296454571516,0.05087321080605678,-0.03940872817954457,106.77190482745776,106.77190482745775,0.05087321080605678,0.05087321080605678,-0.03940872817954457,-0.04837725320691091,1972.8749999999955,1996.6249999999739,2023.1249999999498
GWI_anthro,43/3_Human_Induced,c,2.4858511380380897,0.06848846443567984,0,0,0.9498806801944429,0.9498806801944429,1.459078431412132,0.05418347118801435,-0.04429374732814052,103.59456863026136,103.59456863026136,0.05418347118801435,0.05418347118801435,-0.044293747328140516,-0.05422272939703629,1972.9583333333287,1996.8749999999736,2023.208333333283
FaIR_nonat_unB,43/1_ERF_FaIR,c,1.8898437553012284,0.03003309222698591,68,29,0.08705753724203909,0.08705753724203909,-0.3011887032691196,0.06772060684449743,-0.04510653387726231,-27.408171997489887,-27.408171997489887,0.06772060684449745,0.06413191699745001,-0.0451065338772623,-0.006848441712288488,1975.3749999999932,1995.2916666666417,2020.2083333332857
FaIR_anthro_unB,43/1_ERF_FaIR,c,1.832418129805412,0.027426816922736373,76,58,0.017950529270569063,0.017950529270569063,-4.381700507867733,0.08148826814352149,-0.06775346276455714,-398.7347462159637,-398.73474621596364,0.08148826814352149,0.0746379334511373,-0.06775346276455713,-0.03385141094340896,1975.5416666666597,1996.4583333333073,2020.624999999952
