method_name,method_class,c/r,smooth_r,avg_unc.(1se),#q<0.5,#q<0.1,q_min,q_small5,log-likeli,RMS,bias,tlog-l,100log-l,100RMS,75RMS,100bias,bias50,xyear0.5,xyear1.0,xyear1.5
cent20y,42/1_Run_Means,r,1.0,0.02980179454426839,0,0,1.0,1.0,2.614802366400994,0.0,0.0,405.29436679215405,240.25588679409077,0.0,0.0,0.0,0.0,1984.8749999999818,2010.7083333332916,
lowess1dg20wnc,42/3_ST_Fits,c,3.938319361990544,0.21412264404183748,0,0,0.9995283946006577,0.9995283946006577,0.5753988076043189,0.05316200069060778,0.00013228156358601734,89.18681517866943,44.356310642661605,0.04624932198130162,0.04385005166664499,-0.01693566082398911,-0.034996723402124924,1986.9583333333132,2013.374999999956,
Kal_flexLin,42/5_Kalman,c,5.382975924491421,0.05317657451406971,12,0,0.11742202672234076,0.26610361696540585,1.464061171887292,0.0565143355347467,-0.01277156891031819,226.92948164253028,153.61335256484557,0.043274448371170435,0.038070052308729244,-0.012797266180099319,-0.024017010830327916,1986.4583333333137,2013.708333333289,
GAM_AR1,42/4_GAM_AR1,c,7.081868899878999,0.06061645589620219,7,2,0.08655380623205275,0.26351434881189384,1.3746222414288467,0.060240981079721964,-0.0037172764633562378,186.94862483432314,145.0051063050218,0.0452121542815293,0.04343163325227076,-0.01207927048631511,-0.029384129857959268,1986.6249999999802,2013.2083333332894,
CGWL10y_sfUKCP,44/44_EarthModel_CGWL,c,5.84762088708947,0.050753652340462134,2,0,0.49678767571656957,0.648888888888889,1.328484700815602,0.05592941213053277,-0.017798577371775207,193.95876631907788,147.89448788960408,0.044664709529822204,0.03808361643629403,-0.003749165445168781,-0.0007003424305915588,1986.0416666666474,2009.9583333332923,
