method_name,method_class,c/r,smooth_r,avg_unc.(1se),#q<0.5,#q<0.1,q_min,q_small5,log-likeli,RMS,bias,tlog-l,100log-l,100RMS,75RMS,100bias,bias50,xyear0.5,xyear1.0,xyear1.5
cent20y,42/1_Run_Means,r,1.0,0.029262270515920376,0,0,1.0,1.0,2.626560789814804,0.0,0.0,407.1169224212946,235.77418692967836,0.0,0.0,0.0,0.0,1989.4583333333173,2013.3749999999623,
GWI_anthro_CGWL,43/3_Human_Induced,c,2.6977984119028715,0.08766451341475265,0,0,0.9981523466053204,0.9981523466053204,1.290116686761149,0.0669031287830927,0.00846769391923556,91.5982847600416,91.5982847600416,0.0669031287830927,0.0669031287830927,0.00846769391923556,0.04819538329983369,1986.6249999999866,2014.291666666628,
GWI_anthro_SR15,43/3_Human_Induced,c,2.4992485314060184,0.07838488349390496,0,0,0.9811963859878815,0.9811963859878815,1.4021466101001192,0.056320798508835035,0.004897732998967771,99.55240931710846,99.55240931710844,0.05632079850883504,0.056320798508835035,0.004897732998967771,0.03184699220376263,1987.2916666666526,2014.7916666666276,
GWI_anthro,43/3_Human_Induced,c,2.650125126630703,0.08227318376750281,0,0,0.9680545314525055,0.9680545314525055,1.3617983572440209,0.05998206699771437,0.006507295032977995,96.68768336432548,96.68768336432548,0.05998206699771436,0.05998206699771436,0.006507295032977995,0.03911387613526874,1986.5416666666533,2014.4583333332946,
FaIR_nonat_unB,43/1_ERF_FaIR,c,2.3975531640702727,0.027372267173485728,29,3,0.013864321387034344,0.1442726912405866,0.5201051854927193,0.047354169860047764,0.0278768610509662,47.32957187983746,47.32957187983745,0.047354169860047764,0.031178161790813442,0.0278768610509662,0.00792347638757407,1989.6249999999839,2013.958333333295,
