method_name,method_class,c/r,smooth_r,avg_unc.(1se),#q<0.5,#q<0.1,q_min,q_small5,log-likeli,RMS,bias,tlog-l,100log-l,100RMS,75RMS,100bias,bias50,xyear0.5,xyear1.0,xyear1.5
cent20y,42/1_Run_Means,r,1.0,0.028184375497959668,0,0,1.0,1.0,2.6628023494789628,0.0,0.0,412.73436416923926,237.97604031741662,0.0,0.0,0.0,0.0,1983.874999999989,2010.2916666666317,
GWI_anthro_CGWL,43/3_Human_Induced,c,2.6403123773828776,0.08653631162525105,0,0,0.8827811429946717,0.8827811429946717,1.2408559333797369,0.07247724399256647,0.017990589225826987,88.10077126996131,88.10077126996133,0.07247724399256647,0.07247724399256647,0.017990589225826987,0.06149300914938471,1980.7083333333253,2008.7083333332998,
GWI_anthro_SR15,43/3_Human_Induced,c,2.4330918005880737,0.07672828865358625,0,0,0.9621539905406924,0.9621539905406924,1.3370855496465044,0.0637400417599092,0.014048338992065106,94.93307402490181,94.9330740249018,0.0637400417599092,0.0637400417599092,0.014048338992065104,0.044145273119394805,1982.87499999999,2008.8749999999663,
GWI_anthro,43/3_Human_Induced,c,2.6308820612857557,0.0808382837596844,0,0,0.867838535934957,0.867838535934957,1.3013572417088257,0.0666451954957052,0.015825994913437717,92.39636416132663,92.39636416132663,0.0666451954957052,0.0666451954957052,0.015825994913437717,0.05185607060729276,1982.0416666666574,2009.374999999966,
FaIR_nonat_unB,43/1_ERF_FaIR,c,4.972810636186734,0.027776757901497307,55,40,2.4511730211361995e-17,6.158994448619801e-16,-769.527905768497,0.35458012324333243,0.2226310346543174,-70027.03942493323,-70027.0394249332,0.35458012324333243,0.25597539011616105,0.2226310346543174,0.010942979168021599,1983.874999999989,2011.5416666666306,
