method_name,method_class,c/r,smooth_r,avg_unc.(1se),#q<0.5,#q<0.1,q_min,q_small5,log-likeli,RMS,bias,tlog-l,100log-l,100RMS,75RMS,100bias,bias50,xyear0.5,xyear1.0,xyear1.5
cent20y,42/1_Run_Means,r,1.0,0.029292264577403276,0,0,1.0,1.0,2.6346493724977886,0.0,0.0,408.37065273715723,242.63390489521032,0.0,0.0,0.0,0.0,1977.0416666666556,2005.1249999999634,
lowess1dg20wnc,42/3_ST_Fits,c,3.9270884424304384,0.06746570566359356,0,0,0.8069565646434065,0.9990825057269322,1.5382365180853335,0.047469670179408285,-0.01277304509869144,238.4266603032267,139.9030643483261,0.04212535055922616,0.04225560228093984,-0.015449859347040542,-0.03429788066551617,1980.2916666666526,2004.8749999999636,
Kal_flexLin,42/5_Kalman,c,5.131313499893147,0.05317657451406971,4,0,0.4959941396949955,0.5518092516130501,1.6212683153454492,0.048394292523331765,-0.012533891330267125,251.29658887854464,157.9687997901597,0.04049522756894415,0.03893732356705016,-0.011916955396433455,-0.024426896168343152,1979.7083333333198,2004.6249999999638,2023.8749999999463
GAM_AR1,42/4_GAM_AR1,c,4.206270791492809,0.040121353037778446,35,18,6.35462046321472e-11,1.6063485263353096e-07,0.47807597584801714,0.058216430103377584,-0.01126746998205248,65.01833271533033,-23.361041690291195,0.06607445354680701,0.07619249102893638,-0.01651844132656133,-0.06646937272521238,1982.2083333333176,2005.1249999999634,
CGWL10y_sfUKCP,44/44_EarthModel_CGWL,c,6.004283466007117,0.05044006855497437,0,0,0.768421052631579,0.768421052631579,1.5450765426263315,0.04828092082505624,-0.012840200480112451,225.5811752234444,148.2450381134737,0.043288536747870386,0.04070605268280258,-0.004610634728261105,-0.00199039913507464,1978.791666666654,2004.2083333332976,
