method_name,method_class,c/r,smooth_r,avg_unc.(1se),#q<0.5,#q<0.1,q_min,q_small5,log-likeli,RMS,bias,tlog-l,100log-l,100RMS,75RMS,100bias,bias50,xyear0.5,xyear1.0,xyear1.5
cent20y,42/1_Run_Means,r,1.0,0.029367330430742057,0,0,1.0,1.0,2.6321191169645077,0.0,0.0,407.9784631294987,239.70352857963678,0.0,0.0,0.0,0.0,1984.291666666649,2010.208333333292,
lowess1dg20wnc,42/3_ST_Fits,c,3.7546619011132605,0.20913306465832415,0,0,0.998072660157305,0.998072660157305,0.6255264327751408,0.04615251141840129,-0.015157722293919753,96.95659708014682,40.43064406925829,0.0441040564290968,0.04328045746022394,-0.01709322467542296,-0.03220283416362681,1986.0416666666474,2013.8749999999554,
Kal_flexLin,42/5_Kalman,c,5.07966683353784,0.05317657451406971,0,0,0.5229164691781829,0.6526228247218536,1.6322532821653615,0.04704612300287048,-0.009621787595125051,252.99925873563103,154.84082759873604,0.04250958595014148,0.04032817486209406,-0.012878552124993285,-0.02280689346053553,1985.0416666666483,2014.1249999999552,
GAM_AR1,42/4_GAM_AR1,c,5.0425697145876205,0.04681996720693547,31,1,0.04253287399420374,0.13698114659025332,1.3680238941055363,0.05821102068605154,-0.03141633553812174,186.05124959835294,107.36334877481853,0.06003651214147276,0.05633611805002289,-0.0393946011436031,-0.061174907133984345,1988.0416666666456,2014.041666666622,
CGWL10y_sfUKCP,44/44_EarthModel_CGWL,c,6.452598319918235,0.05004185086056109,0,0,0.9358974358974359,0.9358974358974359,1.6796868889558516,0.04223825304069198,-0.005914948968846267,245.23428578755434,149.477626655267,0.04231481623298173,0.04012443896957408,-0.00830760323866215,-0.0013593991959095664,1985.5416666666479,2009.7916666666258,
