method_name,method_class,c/r,smooth_r,avg_unc.(1se),#q<0.5,#q<0.1,q_min,q_small5,log-likeli,RMS,bias,tlog-l,100log-l,100RMS,75RMS,100bias,bias50,xyear0.5,xyear1.0,xyear1.5
cent20y,42/1_Run_Means,r,1.0,0.028184375497959668,0,0,1.0,1.0,2.6628023494789628,0.0,0.0,412.73436416923926,237.97604031741662,0.0,0.0,0.0,0.0,1983.8749999999827,2010.2916666666254,
lowess1dg20wnc,42/3_ST_Fits,c,3.5437554053630116,0.1589560238110656,0,0,0.9993528310149463,0.9993528310149463,0.8644726207290805,0.049521329092201374,-0.01432051308753295,133.99325621300747,61.13175560727643,0.04924178446898847,0.042257243219220406,-0.017274986578438557,-0.03750065213309214,1986.208333333314,2014.041666666622,
Kal_flexLin,42/5_Kalman,c,4.70790721987272,0.05317657451406971,0,0,0.5141655915785158,0.7701522139319011,1.6081993319055374,0.04836536752634205,-0.009529955941373215,249.27089644535832,144.5248510180209,0.04856429956394651,0.03931194826092908,-0.01222277173570047,-0.027481422461095927,1982.7083333333171,2014.1249999999552,
GAM_AR1,42/4_GAM_AR1,c,7.478566914354772,0.045661617981294506,26,11,4.185524634493295e-06,0.06176742912800557,1.1645322113450025,0.056389912847640423,-0.010299516272774381,158.37638074292033,92.99439320453881,0.06035964630285719,0.044800293525072754,-0.02063859494669949,-0.03684993618570876,1986.541666666647,2014.041666666622,
CGWL10y_sfUKCP,44/44_EarthModel_CGWL,c,6.0303927746752715,0.050930560908971294,0,0,0.88,0.88,1.6156524347000873,0.047561663024006384,0.01063072577800876,235.88525546621275,140.95325005512979,0.0468033160788846,0.040935843964741966,0.0036671443304452057,0.010477474828839253,1984.3749999999823,2013.2916666666226,
