method_name,method_class,c/r,smooth_r,avg_unc.(1se),#q<0.5,#q<0.1,q_min,q_small5,log-likeli,RMS,bias,tlog-l,100log-l,100RMS,75RMS,100bias,bias50,xyear0.5,xyear1.0,xyear1.5
cent20y,42/1_Run_Means,r,1.0,0.03208772669516307,0,0,1.0,1.0,2.533954862741835,0.0,0.0,392.7630037249844,233.60260610856236,0.0,0.0,0.0,0.0,1984.9583333333214,2010.2916666666317,
GWI_anthro_CGWL,43/3_Human_Induced,c,2.274571855165326,0.09111677003936412,0,0,0.9302411849984102,0.9302411849984102,1.1566541011404379,0.08028804652413425,0.02089718419365821,82.1224411809711,82.1224411809711,0.08028804652413425,0.08028804652413425,0.020897184193658214,0.06828857224886155,1980.624999999992,2008.6249999999666,
GWI_anthro_SR15,43/3_Human_Induced,c,2.090961063899249,0.08136267567205517,0,0,0.9443801035502659,0.9443801035502659,1.2808102099177456,0.0671780138008904,0.014892866088615838,90.93752490415994,90.93752490415994,0.0671780138008904,0.0671780138008904,0.014892866088615838,0.04990574952755856,1983.6249999999893,2008.7083333332998,
GWI_anthro,43/3_Human_Induced,c,2.2957342497203888,0.08540827025735835,0,0,0.981681858204582,0.981681858204582,1.2267326634161282,0.07238075479229567,0.017169265705101217,87.09801910254511,87.09801910254511,0.07238075479229568,0.07238075479229568,0.017169265705101217,0.05784886712210422,1982.4583333333237,2009.2916666666326,
FaIR_nonat_unB,43/1_ERF_FaIR,c,4.067089903670164,0.024281876612186854,53,38,1.1907034264343194e-23,1.4543742773668384e-20,-1048.4921539038771,0.3455138699234726,0.20758667826971477,-95412.78600525281,-95412.7860052528,0.3455138699234726,0.24824558349761208,0.2075866782697148,-0.0044643916247935275,1986.45833333332,2011.374999999964,
