method_name,method_class,c/r,smooth_r,avg_unc.(1se),#q<0.5,#q<0.1,q_min,q_small5,log-likeli,RMS,bias,tlog-l,100log-l,100RMS,75RMS,100bias,bias50,xyear0.5,xyear1.0,xyear1.5
cent20y,42/1_Run_Means,r,1.0,0.02820619844323493,0,0,1.0,1.0,2.6639615637724203,0.0,0.0,412.9140423847252,242.1307036523691,0.0,0.0,0.0,0.0,1984.2916666666554,2011.6249999999638,
GWI_anthro_CGWL,43/3_Human_Induced,c,2.7149293167227033,0.0724389057547197,0,0,0.8153390928340977,0.8153390928340977,1.2827777740516262,0.06823156650273193,-0.06025325719302109,91.07722195766546,91.07722195766547,0.06823156650273193,0.06823156650273193,-0.06025325719302108,-0.07590134721052036,1987.6249999999857,2016.2916666666263,
GWI_anthro_SR15,43/3_Human_Induced,c,2.464933031152356,0.06696158142647925,0,0,0.9878143605906742,0.9878143605906742,1.4614152427362317,0.053629320898791556,-0.042857150043518706,103.76048223427244,103.76048223427244,0.053629320898791556,0.053629320898791556,-0.04285715004351871,-0.057264665043066654,1987.1249999999861,2015.9583333332932,
GWI_anthro,43/3_Human_Induced,c,2.593012903331145,0.06892947763668741,0,0,0.9760059652646602,0.9760059652646602,1.4046515842525413,0.05841129149233004,-0.04863425741614452,99.73026248193044,99.73026248193044,0.05841129149233004,0.058411291492330035,-0.04863425741614452,-0.0641627840337426,1987.374999999986,2016.0416666666265,
FaIR_nonat_unB,43/1_ERF_FaIR,c,5.286589782722022,0.028878010143785833,69,42,5.449978387306302e-24,8.011603020621167e-21,-973.5456784963469,0.38898437402920727,0.22952711551165356,-88592.65674316756,-88592.65674316755,0.38898437402920727,0.28547796278937587,0.2295271155116536,-0.006735224465964209,1985.7083333333208,2012.7083333332962,
