method_name,method_class,c/r,smooth_r,avg_unc.(1se),#q<0.5,#q<0.1,q_min,q_small5,log-likeli,RMS,bias,tlog-l,100log-l,100RMS,75RMS,100bias,bias50,xyear0.5,xyear1.0,xyear1.5
cent20y,42/1_Run_Means,r,1.0,0.02936181159659969,0,0,1.0,1.0,2.625073286423316,0.0,0.0,406.886359395614,238.66008835461145,0.0,0.0,0.0,0.0,1985.2083333333212,2010.374999999965,
GWI_anthro_CGWL,43/3_Human_Induced,c,2.344189313719042,0.0833350896518463,0,0,0.9960886093479248,0.9960886093479248,1.3599960094238854,0.05297904413724657,-0.01711756404577351,96.55971666909586,96.55971666909585,0.05297904413724657,0.05297904413724658,-0.017117564045773512,0.009982768205453125,1986.124999999987,2011.2083333332976,
GWI_anthro_SR15,43/3_Human_Induced,c,2.1857726911389315,0.075888708619163,0,0,0.9536701857318782,0.9536701857318782,1.4657864876837874,0.048249101217869614,-0.015755259794729512,104.0708406255489,104.07084062554887,0.04824910121786962,0.04824910121786962,-0.015755259794729512,0.0010979293507153577,1986.5416666666533,2011.9583333332969,
GWI_anthro,43/3_Human_Induced,c,2.3549630172106935,0.07892774403564946,0,0,0.9781379971168718,0.9781379971168718,1.435053291771784,0.04932082226614613,-0.01571553705357556,101.88878371579666,101.88878371579665,0.04932082226614613,0.04932082226614613,-0.01571553705357556,0.005462809347812125,1986.0416666666538,2011.9583333332969,
FaIR_nonat_unB,43/1_ERF_FaIR,c,4.75328981113648,0.027108701865745155,47,36,6.575945204961324e-18,2.4920295331229917e-17,-775.0331153452988,0.33718293243827885,0.21468789364613655,-70528.0134964222,-70528.01349642218,0.33718293243827885,0.25439510969357626,0.21468789364613655,0.009460796987873239,1985.6249999999875,2011.2916666666308,
