method_name,method_class,c/r,smooth_r,avg_unc.(1se),#q<0.5,#q<0.1,q_min,q_small5,log-likeli,RMS,bias,tlog-l,100log-l,100RMS,75RMS,100bias,bias50,xyear0.5,xyear1.0,xyear1.5
cent20y,42/1_Run_Means,r,1.0,0.026903580407113048,0,0,1.0,1.0,2.7092585546631915,0.0,0.0,419.9350759727947,245.51772545486335,0.0,0.0,0.0,0.0,1985.0416666666483,2010.5416666666251,
lowess1dg20wnc,42/3_ST_Fits,c,3.4814063545688962,0.04672085613653971,36,3,0.04817355874069038,0.3004493748578511,1.4510929179415073,0.04729119861671755,-0.01345501538633499,224.91940228093364,143.87002321919357,0.04569285742294054,0.04494740401205421,-0.014657737876192477,-0.04173653497422578,1987.4583333333128,2012.8749999999563,
Kal_flexLin,42/5_Kalman,c,4.715541405063894,0.05317657451406971,0,0,0.8936083938564051,0.8936083938564051,1.6701361472585852,0.04513419504898721,-0.011272668919643514,258.8711028250807,158.6650051745571,0.04003309577634657,0.04009641639964031,-0.00949903761239852,-0.029550093689693458,1986.87499999998,2013.1249999999561,
GAM_AR1,42/4_GAM_AR1,c,6.835126792084459,0.04349862588234746,22,2,0.011077309207009466,0.1639844803141736,1.393121133460462,0.05172905536608356,-0.003753532109341002,189.46447415062283,130.49363841386582,0.04848804323593909,0.04418474839415648,-0.014231303680075658,-0.03221617873152247,1986.7916666666467,2012.8749999999563,
CGWL10y_sfUKCP,44/44_EarthModel_CGWL,c,6.411581855409447,0.05012482318185991,0,0,0.9429166666666667,0.9429166666666667,1.6228237416847182,0.04408569381193358,-0.002658819654192837,236.93226628596886,157.4016139798048,0.03780851002017619,0.03663783675196333,0.0008710191305112853,0.0047281469043684065,1986.1249999999807,2011.5416666666242,
