method_name,method_class,c/r,smooth_r,avg_unc.(1se),#q<0.5,#q<0.1,q_min,q_small5,log-likeli,RMS,bias,tlog-l,100log-l,100RMS,75RMS,100bias,bias50,xyear0.5,xyear1.0,xyear1.5
cent20y,42/1_Run_Means,r,1.0,0.026730870092850807,0,0,1.0,1.0,2.7207783702336377,0.0,0.0,421.72064738621384,238.05942544167937,0.0,0.0,0.0,0.0,1984.791666666655,2010.2083333332985,
GWI_anthro_CGWL,43/3_Human_Induced,c,2.841962148688788,0.08727993941126985,0,0,0.8876112912697991,0.8876112912697991,1.2918451469973378,0.06615771859848671,0.026241550589735298,91.72100543681098,91.721005436811,0.06615771859848671,0.06615771859848671,0.026241550589735294,0.06476827074268048,1980.958333333325,2008.2083333333003,
GWI_anthro_SR15,43/3_Human_Induced,c,2.632517933939387,0.07726847133991158,0,0,0.9227119648864582,0.9227119648864582,1.3657276895461048,0.05927966728817513,0.0210114137226405,96.96666595777344,96.96666595777344,0.05927966728817513,0.05927966728817513,0.0210114137226405,0.04582989712297171,1983.4583333333228,2008.2083333333003,
GWI_anthro,43/3_Human_Induced,c,2.938547045553014,0.08150374483106206,0,0,0.9367322792943474,0.9367322792943474,1.334930291855789,0.06169050898888626,0.02316699087189457,94.78005072176101,94.78005072176103,0.06169050898888626,0.06169050898888626,0.02316699087189457,0.05411479946561686,1982.4583333333237,2009.0416666666329,
FaIR_nonat_unB,43/1_ERF_FaIR,c,5.798146995545258,0.028095381956685782,47,39,6.1777169641194545e-18,3.397054314348741e-17,-834.8353307845957,0.3703254732338835,0.23699515484951372,-75970.01510139821,-75970.01510139821,0.37032547323388343,0.2721772828097081,0.23699515484951372,0.018669158826620572,1984.3749999999886,2010.374999999965,
FaIR_anthro_unB,43/1_ERF_FaIR,c,5.050918317467032,0.024283692916972913,74,42,1.1908733008709023e-22,3.971418122274898e-21,-1343.6213386899544,0.36036320066750227,0.24225982574517474,-122269.54182078585,-122269.54182078583,0.36036320066750227,0.26474749875274656,0.24225982574517466,0.03388432578642922,1980.291666666659,2010.1249999999652,
