method_name,method_class,c/r,smooth_r,avg_unc.(1se),#q<0.5,#q<0.1,q_min,q_small5,log-likeli,RMS,bias,tlog-l,100log-l,100RMS,75RMS,100bias,bias50,xyear0.5,xyear1.0,xyear1.5
cent20y,42/1_Run_Means,r,1.0,0.03266631596129667,0,0,1.0,1.0,2.515351089329868,0.0,0.0,389.8794188461295,230.5788084195588,0.0,0.0,0.0,0.0,1986.0416666666538,2012.2083333332967,
GWI_anthro_CGWL,43/3_Human_Induced,c,2.4403529760506917,0.08616104617693923,0,0,0.9890454415645966,0.9890454415645966,1.3477449550430947,0.05854450663852511,0.0033227060824704215,95.68989180805973,95.68989180805974,0.05854450663852511,0.05854450663852511,0.0033227060824704215,0.03758435220528588,1984.458333333322,2011.7916666666304,
GWI_anthro_SR15,43/3_Human_Induced,c,2.2334636289766827,0.07792387082462275,0,0,0.989430083471408,0.989430083471408,1.4241476738955454,0.05318042465848231,0.001778973987099099,101.11448484658372,101.11448484658371,0.0531804246584823,0.0531804246584823,0.001778973987099099,0.025150019207521,1986.0416666666538,2012.29166666663,
GWI_anthro,43/3_Human_Induced,c,2.371138805243348,0.08124958548327212,0,0,0.9787945246082996,0.9787945246082996,1.3990548295827678,0.05471696486478581,0.0026749110239909883,99.33289290037652,99.33289290037652,0.05471696486478581,0.05471696486478581,0.0026749110239909883,0.03078189823249743,1984.791666666655,2012.2083333332967,
FaIR_nonat_unB,43/1_ERF_FaIR,c,1.7946089411757784,0.02466201279969272,24,1,0.08647714345543954,0.2596908442330559,1.576939149703826,0.035743870800638476,0.011880286810477534,143.50146262304818,143.50146262304816,0.035743870800638476,0.026128686501826606,0.011880286810477534,-0.0009423664347643345,1987.1249999999861,2012.4583333332964,
FaIR_anthro_unB,43/1_ERF_FaIR,c,1.7558628710955273,0.023106830162992444,31,1,0.09086366761096303,0.13525564803804993,1.3723868183297074,0.03654092055010921,0.022439215484924516,124.88720046800339,124.88720046800339,0.03654092055010921,0.029439846097078816,0.022439215484924516,0.014367862493736384,1986.3749999999868,2012.0416666666301,
