method_name,method_class,c/r,smooth_r,avg_unc.(1se),#q<0.5,#q<0.1,q_min,q_small5,log-likeli,RMS,bias,tlog-l,100log-l,100RMS,75RMS,100bias,bias50,xyear0.5,xyear1.0,xyear1.5
cent20y,42/1_Run_Means,r,1.0,0.029233875295188283,0,0,1.0,1.0,2.624390505650167,0.0,0.0,406.78052837577593,236.4232662321299,0.0,0.0,0.0,0.0,1980.1249999999925,2006.6249999999684,
GWI_anthro_CGWL,43/3_Human_Induced,c,2.529275049218021,0.0860781352870265,0,0,0.9889286664884864,0.9889286664884864,1.235992534316037,0.072414543677989,0.01653515385476829,87.75546993643863,87.75546993643862,0.072414543677989,0.072414543677989,0.01653515385476829,0.057025931636074216,1979.29166666666,2002.958333333305,
GWI_anthro_SR15,43/3_Human_Induced,c,2.3398698224212584,0.07705643705605672,0,0,0.9426950145578488,0.9426950145578488,1.3330111116489314,0.06467251422846494,0.011511980364645723,94.64378892707413,94.64378892707413,0.06467251422846494,0.06467251422846494,0.011511980364645723,0.041189690763717236,1980.958333333325,2001.7083333333062,
GWI_anthro,43/3_Human_Induced,c,2.4652085171894225,0.0808455567833601,0,0,0.9360689468820801,0.9360689468820801,1.3050619217293367,0.06688927699548847,0.013236149248164842,92.6593964427829,92.65939644278289,0.06688927699548847,0.06688927699548845,0.013236149248164842,0.04800344939111258,1980.291666666659,2001.1249999999734,
FaIR_nonat_unB,43/1_ERF_FaIR,c,1.8627800061683957,0.02783176756285542,7,0,0.32283391477763856,0.3462544589774078,1.773691725497112,0.03680430621707724,0.0022767138880342174,161.4059470202372,161.40594702023725,0.03680430621707724,0.03008015882742093,0.002276713888034217,0.008649147111924613,1980.958333333325,2005.208333333303,
FaIR_anthro_unB,43/1_ERF_FaIR,c,1.824258664459581,0.024974188441312068,33,0,0.19444600378045349,0.19444600378045349,1.700222182607037,0.034550924124297146,-0.004868955550767364,154.72021861724036,154.72021861724033,0.034550924124297146,0.026648575499590526,-0.004868955550767364,-0.0017527604997579927,1979.7083333333262,2006.791666666635,
