method_name,method_class,c/r,smooth_r,avg_unc.(1se),#q<0.5,#q<0.1,q_min,q_small5,log-likeli,RMS,bias,tlog-l,100log-l,100RMS,75RMS,100bias,bias50,xyear0.5,xyear1.0,xyear1.5
cent20y,42/1_Run_Means,r,1.0,0.028959813651719814,0,0,1.0,1.0,2.638627325116011,0.0,0.0,408.9872353929817,239.24400643709276,0.0,0.0,0.0,0.0,1978.041666666661,2004.7083333333035,
GWI_anthro_CGWL,43/3_Human_Induced,c,2.5866869467116196,0.07215513744533647,0,0,0.9843317021194111,0.9843317021194111,1.4008192032783224,0.05766328459026293,-0.04710142767717168,99.4581634327609,99.4581634327609,0.057663284590262924,0.05766328459026293,-0.04710142767717168,-0.060037049603418054,1982.7916666666567,2006.208333333302,
GWI_anthro_SR15,43/3_Human_Induced,c,2.3629017280866953,0.06673951098180755,0,0,0.9955883649939121,0.9955883649939121,1.4956118557639724,0.05053362571824847,-0.03474491302166233,106.18844175924204,106.18844175924204,0.05053362571824847,0.05053362571824847,-0.03474491302166234,-0.0497150351720154,1982.541666666657,2005.0416666666365,
GWI_anthro,43/3_Human_Induced,c,2.405898652606192,0.06871051872068207,0,0,0.9947476412165212,0.9947476412165212,1.4720517068149321,0.052299047951784736,-0.038759185914741645,104.51567118386018,104.51567118386018,0.052299047951784736,0.05229904795178473,-0.038759185914741645,-0.053375844015504416,1982.541666666657,2006.0416666666356,
FaIR_nonat_unB,43/1_ERF_FaIR,c,1.909019437904654,0.028480818777270538,0,0,0.7226516052318668,0.7226516052318668,2.132855265544549,0.028651526933520455,-0.0112062847413601,194.08982916455398,194.08982916455398,0.02865152693352046,0.029895734366669268,-0.0112062847413601,-0.0033717211655453134,1979.29166666666,2001.5416666666397,
FaIR_anthro_unB,43/1_ERF_FaIR,c,2.059697451768423,0.025336033071425613,69,0,0.40631900798369286,0.40631900798369286,1.9027108232023306,0.03232539399272082,-0.024965449249738286,173.14668491141208,173.14668491141208,0.032325393992720816,0.03146880472367298,-0.024965449249738286,-0.022306373005814374,1978.958333333327,2003.7083333333044,
