method_name,method_class,c/r,smooth_r,avg_unc.(1se),#q<0.5,#q<0.1,q_min,q_small5,log-likeli,RMS,bias,tlog-l,100log-l,100RMS,75RMS,100bias,bias50,xyear0.5,xyear1.0,xyear1.5
cent20y,42/1_Run_Means,r,1.0,0.02789704342739599,0,0,1.0,1.0,2.673759718244236,0.0,0.0,414.43275632785657,236.17285509849307,0.0,0.0,0.0,0.0,1984.2083333333221,2010.7916666666313,
GWI_anthro_CGWL,43/3_Human_Induced,c,2.700868271393436,0.08188927316463024,0,0,0.9945221842827743,0.9945221842827743,1.4861116955993057,0.04187359384785787,0.015335929910786594,105.5139303875507,105.51393038755069,0.04187359384785787,0.04187359384785787,0.015335929910786594,0.028231243452337813,1982.0416666666574,2012.624999999963,
GWI_anthro_SR15,43/3_Human_Induced,c,2.488303496004744,0.07361213291140815,0,0,0.986841390506771,0.986841390506771,1.5046136293389876,0.0462218778154771,0.014783443140264705,106.82756768306811,106.82756768306814,0.046221877815477104,0.046221877815477104,0.014783443140264705,0.01834015993683779,1983.541666666656,2012.7083333332962,
GWI_anthro,43/3_Human_Induced,c,2.6163120046441666,0.07694675318373469,0,0,0.9989752013977213,0.9989752013977213,1.506265502561154,0.0433066955094307,0.015245479575126168,106.94485068184193,106.94485068184193,0.043306695509430705,0.043306695509430705,0.015245479575126168,0.023080085404653006,1982.7083333333235,2012.7916666666295,
FaIR_nonat_unB,43/1_ERF_FaIR,c,2.2985417572312334,0.027963486057174324,0,0,0.7069361870788744,0.7069361870788744,2.0529978727983607,0.031411261592867196,0.003388013446610608,186.82280642465082,186.82280642465085,0.03141126159286719,0.026242624357448743,0.003388013446610608,0.01099544374477929,1984.2083333333221,2011.5416666666306,
