method_name,method_class,c/r,smooth_r,avg_unc.(1se),#q<0.5,#q<0.1,q_min,q_small5,log-likeli,RMS,bias,tlog-l,100log-l,100RMS,75RMS,100bias,bias50,xyear0.5,xyear1.0,xyear1.5
cent20y,42/1_Run_Means,r,1.0,0.02998853050581312,0,0,1.0,1.0,2.5991713629806847,0.0,0.0,402.87156126200614,237.0095769158985,0.0,0.0,0.0,0.0,1985.3749999999877,2011.1249999999643,
GWI_anthro_CGWL,43/3_Human_Induced,c,2.5199227740769907,0.07887063099873094,0,0,0.9952999720585458,0.9952999720585458,1.3768752895549596,0.05514456892820937,-0.02260515558988738,97.75814555840213,97.75814555840212,0.05514456892820936,0.05514456892820936,-0.022605155589887377,0.0007891671416053398,1983.7083333333226,2014.4583333332946,
GWI_anthro_SR15,43/3_Human_Induced,c,2.309723183521309,0.07269827629056097,0,0,0.9864362060353882,0.9864362060353882,1.5193925531453416,0.046268722301776415,-0.017301068333685502,107.87687127331925,107.87687127331927,0.046268722301776415,0.046268722301776415,-0.017301068333685502,-3.7642714522343036e-05,1985.124999999988,2014.4583333332946,
GWI_anthro,43/3_Human_Induced,c,2.4480546770831877,0.07504693810169871,0,0,0.9472902087421295,0.9472902087421295,1.4754494362156552,0.049628846177004714,-0.018805550154404254,104.75690997131152,104.75690997131152,0.049628846177004714,0.049628846177004714,-0.018805550154404254,0.001097750059812819,1983.9583333333223,2014.3749999999613,
FaIR_nonat_unB,43/1_ERF_FaIR,c,1.6257047029877243,0.027433796716538495,0,0,0.7758059811993808,0.7758059811993808,2.137490273874656,0.028878860532530817,0.0008209228382452152,194.5116149225937,194.5116149225937,0.028878860532530817,0.02535776362856729,0.0008209228382452155,0.013708953281450078,1984.7083333333217,2011.6249999999638,
