method_name,method_class,c/r,smooth_r,avg_unc.(1se),#q<0.5,#q<0.1,q_min,q_small5,log-likeli,RMS,bias,tlog-l,100log-l,100RMS,75RMS,100bias,bias50,xyear0.5,xyear1.0,xyear1.5
cent20y,42/1_Run_Means,r,1.0,0.03241322704667546,0,0,1.0,1.0,2.525492033730651,0.0,0.0,391.4512652282509,233.59676170277385,0.0,0.0,0.0,0.0,1985.2083333333212,2010.041666666632,
GWI_anthro_CGWL,43/3_Human_Induced,c,2.4532267903962675,0.0918858708258806,0,0,0.9268475457422805,0.9268475457422805,1.1311623936648814,0.08353871983980868,0.01736713502694373,80.31252995020658,80.31252995020658,0.08353871983980869,0.08353871983980868,0.01736713502694373,0.06436689702233449,1980.7916666666586,2008.9583333332996,
GWI_anthro_SR15,43/3_Human_Induced,c,2.2342415879096835,0.08238814015247163,0,0,0.9855559889213332,0.9855559889213332,1.258086735087251,0.06993116679091652,0.01077874560565109,89.32415819119483,89.32415819119483,0.06993116679091652,0.06993116679091652,0.010778745605651088,0.04688353957238486,1983.7083333333226,2009.0416666666329,
GWI_anthro,43/3_Human_Induced,c,2.4455628218176018,0.08628659838321902,0,0,0.9414106338006619,0.9414106338006619,1.2052526828768428,0.07537242345368876,0.013054198725124045,85.57294048425584,85.57294048425584,0.07537242345368876,0.07537242345368876,0.013054198725124045,0.054301023998144744,1982.541666666657,2009.374999999966,
FaIR_nonat_unB,43/1_ERF_FaIR,c,4.66560035856688,0.02435398056535165,66,43,9.704636817724616e-26,5.622202435864836e-23,-1030.5357881321418,0.3551690872561843,0.2091987686992032,-93778.7567200249,-93778.75672002489,0.3551690872561843,0.252283183690141,0.20919876869920329,-0.00882635143843737,1986.7083333333198,2011.2083333332976,
