method_name,method_class,c/r,smooth_r,avg_unc.(1se),#q<0.5,#q<0.1,q_min,q_small5,log-likeli,RMS,bias,tlog-l,100log-l,100RMS,75RMS,100bias,bias50,xyear0.5,xyear1.0,xyear1.5
cent20y,42/1_Run_Means,r,1.0,0.03161553495855497,0,0,1.0,1.0,2.549610869853741,0.0,0.0,395.18968482732987,234.65628662133585,0.0,0.0,0.0,0.0,1987.1249999999798,2013.2916666666226,
lowess1dg20wnc,42/3_ST_Fits,c,3.947507801182067,0.062262788749749866,12,3,0.04522017734863211,0.21869677185296563,1.2957042094176494,0.06015311693686707,-0.006152404757022504,200.83415245973566,140.41791023469332,0.04697775906919196,0.04436893435550273,-0.011373510714015244,-0.03868765502156823,1989.3749999999777,2015.2916666666208,
Kal_flexLin,42/5_Kalman,c,5.620446246484246,0.05317657451406971,19,4,0.03012429168935405,0.10836098492028563,1.3827895886040906,0.058389352413103904,-0.008391832738470072,214.33238623363405,149.11123731807385,0.04597099345352922,0.04129445613434732,-0.00854441647178439,-0.0281095298656174,1988.9583333333114,2015.2083333332876,
GAM_AR1,42/4_GAM_AR1,c,8.820585129694958,0.061770530941167204,22,13,0.028099613001738414,0.03455155835600082,1.0060062390378646,0.0724350378701106,-0.0026385749628294536,136.8168485091496,139.73448682381758,0.04726098956054874,0.041722158298307825,-0.0076602976648850645,-0.02683550976611009,1987.9583333333123,2015.041666666621,
CGWL10y_sfUKCP,44/44_EarthModel_CGWL,c,6.230971525211823,0.05045901131966422,0,0,0.8922222222222224,0.8922222222222224,1.618394193220465,0.04718941343514492,0.0034693419465583616,236.2855522101879,145.80112840488403,0.04502509500556014,0.03962870898027591,-5.162007641779576e-05,0.005768238858489016,1987.9583333333123,2014.7916666666213,
