method_name,method_class,c/r,smooth_r,avg_unc.(1se),#q<0.5,#q<0.1,q_min,q_small5,log-likeli,RMS,bias,tlog-l,100log-l,100RMS,75RMS,100bias,bias50,xyear0.5,xyear1.0,xyear1.5
cent20y,42/1_Run_Means,r,1.0,0.028734282858707265,0,0,1.0,1.0,2.6452369506965003,0.0,0.0,410.01172735795757,234.1856172151679,0.0,0.0,0.0,0.0,1985.791666666654,2012.7916666666295,
GWI_anthro_CGWL,43/3_Human_Induced,c,2.7374484680185436,0.08324383708736557,0,0,0.9948872589490112,0.9948872589490112,1.466271986853932,0.04306775803818381,0.013349558903412908,104.10531106662917,104.10531106662918,0.04306775803818381,0.043067758038183815,0.013349558903412908,0.029125341581706456,1983.2916666666563,2014.3749999999613,
GWI_anthro_SR15,43/3_Human_Induced,c,2.545764273402496,0.07470318967906144,0,0,0.9777739144211602,0.9777739144211602,1.4816836685467456,0.04835479035751409,0.012741830703550417,105.19954046681893,105.19954046681893,0.04835479035751409,0.04835479035751409,0.012741830703550417,0.018075360240098225,1985.458333333321,2014.5416666666279,
GWI_anthro,43/3_Human_Induced,c,2.6834605682416037,0.07822238950268959,0,0,0.9934889178033693,0.9934889178033693,1.483827246243802,0.045466570593360234,0.013389242168663091,105.35173448330994,105.35173448330994,0.045466570593360234,0.045466570593360234,0.013389242168663091,0.023429225160115533,1983.874999999989,2014.3749999999613,
FaIR_nonat_unB,43/1_ERF_FaIR,c,2.2573754576601632,0.02775735365238848,27,0,0.1909491501713646,0.1909491501713646,1.5772059346195333,0.039306806226603,0.02207231559550588,143.52574005037752,143.52574005037752,0.039306806226603,0.0357889208210043,0.022072315595505883,0.02148952531806103,1985.5416666666542,2012.5416666666297,
FaIR_anthro_unB,43/1_ERF_FaIR,c,2.346953444324611,0.024146365568495268,55,0,0.15148632580261595,0.15148632580261595,1.2120691457003052,0.04169821036093013,0.026247268144722065,110.29829225872777,110.2982922587278,0.041698210360930126,0.037797001175396874,0.02624726814472206,0.02762660981618297,1984.458333333322,2012.624999999963,
