method_name,method_class,c/r,smooth_r,avg_unc.(1se),#q<0.5,#q<0.1,q_min,q_small5,log-likeli,RMS,bias,tlog-l,100log-l,100RMS,75RMS,100bias,bias50,xyear0.5,xyear1.0,xyear1.5
cent20y,42/1_Run_Means,r,1.0,0.02922720846499472,0,0,1.0,1.0,2.6270735927592366,0.0,0.0,407.1964068776817,238.29832139759853,0.0,0.0,0.0,0.0,1987.374999999986,2013.0416666666292,
GWI_anthro_CGWL,43/3_Human_Induced,c,2.3798485800561124,0.08375515951927368,0,0,0.8483299148277124,0.8483299148277124,1.2906352646763621,0.06138205955727027,-0.008153415145958612,91.63510379202171,91.63510379202171,0.06138205955727026,0.06138205955727026,-0.008153415145958612,0.027660439587235887,1986.791666666653,2012.3749999999632,
GWI_anthro_SR15,43/3_Human_Induced,c,2.197845123733768,0.07573130547113935,0,0,0.9045710611910491,0.9045710611910491,1.3672423549639037,0.05774841433477953,-0.008753962214780935,97.07420720243717,97.07420720243715,0.05774841433477952,0.05774841433477952,-0.008753962214780935,0.015381537578437028,1987.374999999986,2013.2083333332957,
GWI_anthro,43/3_Human_Induced,c,2.384214922555183,0.0790446786439297,0,0,0.8540025498185927,0.8540025498185927,1.3523589591470382,0.05777012507250991,-0.008081075964533172,96.01748609943971,96.01748609943971,0.05777012507250991,0.05777012507250991,-0.008081075964533172,0.020899809713517677,1986.791666666653,2013.0416666666292,
FaIR_nonat_unB,43/1_ERF_FaIR,c,2.623014601552777,0.027090108619330547,47,18,0.018640384586486442,0.07728894173602854,-0.42657846920168657,0.05655922141590241,0.03952825301079463,-38.81864069735348,-38.81864069735347,0.056559221415902416,0.046544762229086364,0.03952825301079463,0.016408213224786666,1987.5416666666524,2013.0416666666292,
FaIR_anthro_unB,43/1_ERF_FaIR,c,2.3182581093673784,0.02405025275779102,67,31,0.01590973470440279,0.01590973470440279,-3.2223400852810493,0.059893592624402116,0.049118385393770496,-293.2329477605755,-293.2329477605755,0.05989359262440212,0.052963234401505334,0.04911838539377051,0.028374568974420058,1985.791666666654,2012.7916666666295,
