method_name,method_class,c/r,smooth_r,avg_unc.(1se),#q<0.5,#q<0.1,q_min,q_small5,log-likeli,RMS,bias,tlog-l,100log-l,100RMS,75RMS,100bias,bias50,xyear0.5,xyear1.0,xyear1.5
cent20y,42/1_Run_Means,r,1.0,0.02895918567899019,0,0,1.0,1.0,2.6386652686661094,0.0,0.0,408.99311664324694,239.25979346634148,0.0,0.0,0.0,0.0,1984.9583333333214,2010.374999999965,
GWI_anthro_CGWL,43/3_Human_Induced,c,2.5861662011156636,0.0721551371958833,0,0,0.9354659950700136,0.9354659950700136,1.357236153160897,0.06177157151344714,-0.05206036875255772,96.36376687442369,96.3637668744237,0.06177157151344714,0.06177157151344714,-0.05206036875255772,-0.06498249807257445,1987.7916666666522,2014.6249999999611,
GWI_anthro_SR15,43/3_Human_Induced,c,2.362498949014853,0.06673951094602808,0,0,0.990988565292976,0.990988565292976,1.4585445735188332,0.054053918390007484,-0.03970592033497139,103.55666471983716,103.55666471983716,0.054053918390007484,0.054053918390007484,-0.03970592033497139,-0.05466395735581657,1987.6249999999857,2014.5416666666279,
GWI_anthro,43/3_Human_Induced,c,2.405463175625529,0.06871051867018646,0,0,0.9932740485393149,0.9932740485393149,1.4335354544409458,0.05606418682393731,-0.043719305695952504,101.78101726530716,101.78101726530716,0.056064186823937316,0.056064186823937316,-0.043719305695952504,-0.058323720148424615,1987.6249999999857,2014.5416666666279,
FaIR_nonat_unB,43/1_ERF_FaIR,c,5.284668265647062,0.02851138682484401,72,42,8.56450322907116e-23,8.19353832819859e-22,-1071.4434760967897,0.39916848508624236,0.23409684009613252,-97501.35632480786,-97501.35632480786,0.39916848508624236,0.2950882378294693,0.2340968400961325,-0.014036959616612022,1986.45833333332,2011.5416666666306,
