method_name,method_class,c/r,smooth_r,avg_unc.(1se),#q<0.5,#q<0.1,q_min,q_small5,log-likeli,RMS,bias,tlog-l,100log-l,100RMS,75RMS,100bias,bias50,xyear0.5,xyear1.0,xyear1.5
cent20y,42/1_Run_Means,r,1.0,0.030415649241816875,0,0,1.0,1.0,2.584004043835646,0.0,0.0,400.5206267945251,233.8739813094101,0.0,0.0,0.0,0.0,1984.7083333333153,2009.7916666666258,
lowess1dg20wnc,42/3_ST_Fits,c,3.80802384446193,0.1759693183897796,0,0,0.9934981893245638,0.9934981893245638,0.7392085855046869,0.0578917668550118,-0.01614985475402599,114.57733075322648,52.62327837204747,0.057111271025975976,0.054285009377273194,-0.01429270840637895,-0.04287758695037687,1987.0416666666465,2012.7083333332898,
Kal_flexLin,42/5_Kalman,c,5.126776420938266,0.05317657451406971,10,0,0.3965308842888962,0.3965308842888962,1.5259285004526517,0.05225046207251121,-0.010488949317743487,236.51891757016102,140.8442993463466,0.05054928289515732,0.04594480307432733,-0.009949492417676987,-0.03001855347045764,1986.541666666647,2013.1249999999561,
GAM_AR1,42/4_GAM_AR1,c,7.453180299941387,0.052119232158356024,35,8,0.001114093684372637,0.004164140694930041,1.0222195494508857,0.06684864435682461,-0.016849409010166426,139.02185872532044,118.81743906315052,0.05711500421647732,0.04890710361241879,-0.014083715090759754,-0.03003931079234772,1986.3749999999804,2013.0416666666229,
CGWL10y_sfUKCP,44/44_EarthModel_CGWL,c,6.04000299666304,0.05045691393315792,0,0,0.9540594059405941,0.9540594059405941,1.7136570500051005,0.04159758170679463,0.002196253441814109,250.19392930074466,149.48444127112708,0.043423513342254305,0.03686582318929087,-0.0013917777305589457,0.003064126042318367,1985.7916666666476,2009.7916666666258,
