method_name,method_class,c/r,smooth_r,avg_unc.(1se),#q<0.5,#q<0.1,q_min,q_small5,log-likeli,RMS,bias,tlog-l,100log-l,100RMS,75RMS,100bias,bias50,xyear0.5,xyear1.0,xyear1.5
cent20y,42/1_Run_Means,r,1.0,0.026719735845147297,0,0,1.0,1.0,2.713137421665607,0.0,0.0,420.5363003581691,244.8719210640242,0.0,0.0,0.0,0.0,1988.9583333333114,,
lowess1dg20wnc,42/3_ST_Fits,c,3.46183186090913,0.04326011131414318,39,0,0.2012411343641483,0.2778816678403512,1.4894591729779378,0.04914872987870711,-0.012167006731958894,230.86617181158036,133.71411343819665,0.050430787424888275,0.04901067134377749,-0.01499174879040392,-0.03968976346448397,1990.2916666666436,2016.3749999999532,
Kal_flexLin,42/5_Kalman,c,4.861919530153778,0.05317657451406971,0,0,0.8749346618996225,0.8749346618996225,1.6455539451430383,0.046696392837209826,-0.011029746178017845,255.06086149717095,150.40678899320338,0.045211506380072916,0.044242168644415665,-0.010161162787385528,-0.02779100552455771,1989.6249999999775,2015.8749999999536,
GAM_AR1,42/4_GAM_AR1,c,7.0789331842148195,0.04286297250635591,58,2,0.019179788123531175,0.14948658183785885,1.3585192656667031,0.05105130381392227,-0.004393811548982969,184.75862013067163,124.69451685053365,0.05161058274718696,0.04667476037614618,-0.01454478358716959,-0.027479078304352023,1989.458333333311,2015.708333333287,
CGWL10y_sfUKCP,44/44_EarthModel_CGWL,c,6.064335470716178,0.050302433631112496,0,0,0.9030927835051547,0.9030927835051547,1.5649074520318997,0.04635628232708563,0.00247446562624784,228.47648799665737,146.8729446223245,0.04344542663324513,0.04088811502697078,0.005009664982393102,0.008864722035781848,1989.9583333333105,2015.7916666666204,
