method_name,method_class,c/r,smooth_r,avg_unc.(1se),#q<0.5,#q<0.1,q_min,q_small5,log-likeli,RMS,bias,tlog-l,100log-l,100RMS,75RMS,100bias,bias50,xyear0.5,xyear1.0,xyear1.5
cent20y,42/1_Run_Means,r,1.0,0.032538139523297635,0,0,1.0,1.0,2.522050801258456,0.0,0.0,390.9178741950607,233.25549048620596,0.0,0.0,0.0,0.0,1985.458333333321,2010.708333333298,
GWI_anthro_CGWL,43/3_Human_Induced,c,2.300432660397315,0.08825145482727313,0,0,0.9528496114580242,0.9528496114580242,1.2589606978836572,0.06929777784059805,0.02343057180260703,89.38620954973966,89.38620954973966,0.06929777784059805,0.06929777784059804,0.02343057180260703,0.061701844830254676,1982.0416666666574,2009.374999999966,
GWI_anthro_SR15,43/3_Human_Induced,c,2.106696316933327,0.07908317479017792,0,0,0.9853418340239669,0.9853418340239669,1.3631984908744337,0.05939099820393805,0.01873888784201106,96.7870928520848,96.78709285208481,0.05939099820393805,0.05939099820393805,0.01873888784201106,0.04577603477122191,1984.5416666666551,2009.5416666666324,
GWI_anthro,43/3_Human_Induced,c,2.3010395056683524,0.08287067816981887,0,0,0.979104135846487,0.979104135846487,1.3250208718995446,0.06260337910389822,0.020448373626734857,94.07648190486766,94.07648190486768,0.06260337910389822,0.06260337910389821,0.020448373626734857,0.05267028117507502,1982.87499999999,2009.8749999999654,
FaIR_nonat_unB,43/1_ERF_FaIR,c,1.6330940114435815,0.024501604321345672,8,0,0.3290251265471323,0.4322331423049386,1.9773921500210323,0.030244711134116115,-0.0011619208501087706,179.94268565191393,179.94268565191396,0.030244711134116118,0.02421666103900032,-0.0011619208501087704,-0.005402849934366344,1986.8749999999864,2011.6249999999638,
