method_name,method_class,c/r,smooth_r,avg_unc.(1se),#q<0.5,#q<0.1,q_min,q_small5,log-likeli,RMS,bias,tlog-l,100log-l,100RMS,75RMS,100bias,bias50,xyear0.5,xyear1.0,xyear1.5
cent20y,42/1_Run_Means,r,1.0,0.029262270515920376,0,0,1.0,1.0,2.626560789814804,0.0,0.0,407.1169224212946,235.77418692967836,0.0,0.0,0.0,0.0,1989.4583333333173,2013.3749999999623,
GWI_anthro_CGWL,43/3_Human_Induced,c,2.6977984118919545,0.08766451341476436,0,0,0.9981523466053204,0.9981523466053204,1.290116686760779,0.06690312878309615,0.008467693919243166,91.5982847600153,91.59828476001528,0.06690312878309615,0.06690312878309615,0.008467693919243166,0.04819538329985269,1986.6249999999866,2014.291666666628,
GWI_anthro_SR15,43/3_Human_Induced,c,2.499248531452057,0.07838488349392009,0,0,0.9811963859878815,0.9811963859878815,1.4021466101008415,0.05632079850883744,0.0048977329989616375,99.55240931715974,99.55240931715974,0.05632079850883744,0.05632079850883744,0.004897732998961637,0.031846992203768756,1987.2916666666526,2014.7916666666276,
GWI_anthro,43/3_Human_Induced,c,2.6501251266073025,0.08227318376750198,0,0,0.9680545314524132,0.9680545314524132,1.3617983572442447,0.059982066997681716,0.006507295032891474,96.68768336434137,96.68768336434138,0.05998206699768172,0.05998206699768172,0.006507295032891473,0.039113876135132467,1986.5416666666533,2014.4583333332946,
FaIR_nonat_unB,43/1_ERF_FaIR,c,2.399863669110449,0.027321183218256113,39,4,0.019298799678426525,0.1095271633731913,-0.3180997910120093,0.05438837779084836,0.0381550295798806,-28.947080982092846,-28.947080982092835,0.054388377790848354,0.0379700991945247,0.0381550295798806,0.01789952725036812,1988.9583333333178,2013.8749999999618,
FaIR_anthro_unB,43/1_ERF_FaIR,c,2.383877121108632,0.02420992739367166,75,43,0.015783670875348335,0.02209934022640398,-2.2376115967619223,0.06347129346670154,0.05162677635685691,-203.62265530533494,-203.62265530533494,0.06347129346670154,0.0522622105180422,0.05162677635685689,0.03772070538680251,1987.4583333333192,2013.5416666666288,
