method_name,method_class,c/r,smooth_r,avg_unc.(1se),#q<0.5,#q<0.1,q_min,q_small5,log-likeli,RMS,bias,tlog-l,100log-l,100RMS,75RMS,100bias,bias50,xyear0.5,xyear1.0,xyear1.5
cent20y,42/1_Run_Means,r,1.0,0.02998826221127695,0,0,1.0,1.0,2.599170391339223,0.0,0.0,402.87141065757953,237.0064668249709,0.0,0.0,0.0,0.0,1984.8749999999882,2010.5416666666315,
GWI_anthro_CGWL,43/3_Human_Induced,c,2.520118336732867,0.07887063088806344,0,0,0.9997469034351802,0.9997469034351802,1.362407280478138,0.056148245471253064,-0.024956605689456814,96.7309169139478,96.7309169139478,0.056148245471253064,0.056148245471253064,-0.024956605689456814,-0.0015549913077612459,1982.9583333333233,2014.1249999999616,
GWI_anthro_SR15,43/3_Human_Induced,c,2.309896004051925,0.07269827626120687,0,0,0.9946593676042115,0.9946593676042115,1.5078625137379587,0.047197187233532126,-0.019653728460678935,107.05823847539507,107.05823847539506,0.047197187233532126,0.047197187233532126,-0.019653728460678928,-0.002384242027752395,1984.5416666666551,2014.1249999999616,
GWI_anthro,43/3_Human_Induced,c,2.448225719753445,0.0750469380548575,0,0,0.9675371100750766,0.9675371100750766,1.4629856535197103,0.05056596877318255,-0.021157866992036443,103.87198139989943,103.87198139989941,0.05056596877318255,0.05056596877318255,-0.021157866992036447,-0.001248108192903563,1983.4583333333228,2014.1249999999616,
FaIR_nonat_unB,43/1_ERF_FaIR,c,4.343070379905215,0.027414417608668834,53,37,7.133598923000255e-19,7.637452709452142e-18,-782.1745847083871,0.34211323526684057,0.22190808922545302,-71177.88720846323,-71177.88720846322,0.3421132352668405,0.24425051019043256,0.22190808922545296,0.022410761342233437,1983.541666666656,2010.708333333298,
FaIR_anthro_unB,43/1_ERF_FaIR,c,4.539721016058018,0.024201630044428015,64,39,1.0796054797471447e-21,1.5866843343846732e-21,-1190.2293124344305,0.32445472187628505,0.21235337650271854,-108310.86743153317,-108310.86743153319,0.3244547218762851,0.23243778307752053,0.21235337650271854,0.02406407584358023,1980.2083333333258,2010.9583333332978,
