method_name,method_class,c/r,smooth_r,avg_unc.(1se),#q<0.5,#q<0.1,q_min,q_small5,log-likeli,RMS,bias,tlog-l,100log-l,100RMS,75RMS,100bias,bias50,xyear0.5,xyear1.0,xyear1.5
cent20y,42/1_Run_Means,r,1.0,0.029123404732913458,0,0,1.0,1.0,2.634434923865412,0.0,0.0,408.33741319913884,240.35018110939086,0.0,0.0,0.0,0.0,1971.8749999999973,2000.2083333333048,
GWI_anthro_CGWL,43/3_Human_Induced,c,2.6728081604972043,0.0727392235523605,0,0,0.9444078252621917,0.9444078252621917,1.3462989926084414,0.05929449487924394,-0.043630839867889515,95.58722847519934,95.58722847519932,0.05929449487924393,0.05929449487924394,-0.043630839867889515,-0.06452023265330432,1976.624999999993,2001.9583333333032,
GWI_anthro_SR15,43/3_Human_Induced,c,2.4150883619958536,0.06695198675376496,0,0,0.9870419802226428,0.9870419802226428,1.4833307341282247,0.04886833309916338,-0.028085745803613844,105.31648212310395,105.31648212310398,0.04886833309916338,0.04886833309916338,-0.028085745803613844,-0.047116302191005086,1972.8749999999964,2000.7916666666376,
GWI_anthro,43/3_Human_Induced,c,2.532621592341592,0.06902190995712722,0,0,0.9768679607616244,0.9768679607616244,1.438497933842868,0.052414779019701575,-0.03349593955520288,102.13335330284363,102.13335330284366,0.052414779019701575,0.052414779019701575,-0.03349593955520288,-0.05369870793774373,1972.9583333333296,2001.541666666637,
FaIR_nonat_unB,43/1_ERF_FaIR,c,2.3507606200552775,0.02911916296820578,61,33,0.07213634562029331,0.07213634562029331,-0.2392697309479298,0.06396898904677863,-0.03821089724373134,-21.773545516261613,-21.77354551626161,0.06396898904677863,0.06288838093029121,-0.03821089724373134,-0.0004094510785462857,1975.958333333327,1997.041666666641,2022.1249999999516
FaIR_anthro_unB,43/1_ERF_FaIR,c,1.8380057804094367,0.026620907884475988,73,46,0.01972240817076607,0.01972240817076607,-4.338411946677597,0.07344884079476569,-0.056591001360569125,-394.79548714766133,-394.79548714766133,0.07344884079476569,0.06963214609797409,-0.056591001360569125,-0.021915244607342333,1975.7916666666604,1999.291666666639,2022.291666666618
