method_name,method_class,c/r,smooth_r,avg_unc.(1se),#q<0.5,#q<0.1,q_min,q_small5,log-likeli,RMS,bias,tlog-l,100log-l,100RMS,75RMS,100bias,bias50,xyear0.5,xyear1.0,xyear1.5
cent20y,42/1_Run_Means,r,1.0,0.026081818000908828,0,0,1.0,1.0,2.7418421513632762,0.0,0.0,424.9855334613078,241.44541731397928,0.0,0.0,0.0,0.0,1988.9583333333178,2015.3749999999604,
GWI_anthro_CGWL,43/3_Human_Induced,c,2.8768333317777537,0.08556009751894939,0,0,0.7852510218757515,0.7852510218757515,1.272115162258451,0.06832552938584763,0.019215148114604896,90.32017652035002,90.32017652035003,0.06832552938584763,0.06832552938584763,0.019215148114604896,0.06025195878327614,1985.3749999999877,2014.5416666666279,
GWI_anthro_SR15,43/3_Human_Induced,c,2.6517297607964463,0.07600834275451956,0,0,0.9258674709365756,0.9258674709365756,1.3450090785203128,0.06249443193521901,0.015777171065064734,95.4956445749422,95.49564457494222,0.06249443193521901,0.06249443193521901,0.015777171065064738,0.043597968874189756,1986.6249999999866,2015.0416666666274,
GWI_anthro,43/3_Human_Induced,c,2.8788031242518763,0.08001244701323595,0,0,0.8399193672030963,0.8399193672030963,1.3171707496403289,0.06452522796537498,0.017409063786620757,93.51912322446334,93.51912322446336,0.06452522796537499,0.06452522796537499,0.017409063786620757,0.05104137104085875,1985.458333333321,2014.7916666666276,
FaIR_nonat_unB,43/1_ERF_FaIR,c,3.2299530413175566,0.028407592236739013,54,33,0.007025943159387034,0.041725585483949716,-2.5283046009075694,0.07429464246317771,0.054055947882276446,-230.0757186825888,-230.07571868258879,0.07429464246317771,0.055622525857831166,0.054055947882276446,0.027515643728899263,1987.9583333333187,2014.7916666666276,
FaIR_anthro_unB,43/1_ERF_FaIR,c,3.0748988360217306,0.024411804384832612,88,50,0.003422430419784286,0.004213530124002439,-9.571384260114042,0.08026949589361532,0.06919013695831826,-870.9959676703779,-870.9959676703779,0.08026949589361532,0.06389578929397205,0.06919013695831824,0.0466811401350315,1985.9583333333205,2014.2083333332948,
