method_name,method_class,c/r,smooth_r,avg_unc.(1se),#q<0.5,#q<0.1,q_min,q_small5,log-likeli,RMS,bias,tlog-l,100log-l,100RMS,75RMS,100bias,bias50,xyear0.5,xyear1.0,xyear1.5
cent20y,42/1_Run_Means,r,1.0,0.028758223363897054,0,0,1.0,1.0,2.6457748497751656,0.0,0.0,410.0951017151507,240.66996571410965,0.0,0.0,0.0,0.0,1984.7916666666486,2010.2916666666254,
lowess1dg20wnc,42/3_ST_Fits,c,3.823140797270707,0.2270663204964583,0,0,0.9991543226678795,0.9991543226678795,0.5517147472501471,0.040776824620317974,-0.006226136202989154,85.5157858237728,36.27607983611286,0.037156733749410926,0.037448993951738625,-0.01596661991187202,-0.029586606316964324,1986.6249999999802,2013.2916666666226,
Kal_flexLin,42/5_Kalman,c,5.1875050743024484,0.05317657451406971,0,0,0.9914105979286592,0.9914105979286592,1.6992834812398174,0.04354723647329606,-0.010147530922061035,263.3889395921717,162.827836967643,0.037150105359271074,0.03636750947688,-0.011775684507777509,-0.02067249323846492,1986.1249999999807,2013.6249999999557,
GAM_AR1,42/4_GAM_AR1,c,3.9348672152298585,0.038196082894777494,21,16,1.9755060597152938e-10,1.9981634190263408e-06,0.8534115091975274,0.05589144449030103,-0.016104906952328767,116.06396525086373,32.95772278762324,0.05909551267391705,0.0678810599582825,-0.03357190731206163,-0.06633654877199066,1989.2916666666445,2013.2083333332894,
CGWL10y_sfUKCP,44/44_EarthModel_CGWL,c,6.254845395087607,0.05029386378103687,0,0,0.9565517241379311,0.9565517241379311,1.6071238186851247,0.04541332341300898,-0.013074909285574155,234.6400775280282,150.3297028253155,0.040762221866783056,0.03970992166522046,-0.007717388450807924,-0.003767918438672939,1986.208333333314,2009.9583333332923,
