method_name,method_class,c/r,smooth_r,avg_unc.(1se),#q<0.5,#q<0.1,q_min,q_small5,log-likeli,RMS,bias,tlog-l,100log-l,100RMS,75RMS,100bias,bias50,xyear0.5,xyear1.0,xyear1.5
cent20y,42/1_Run_Means,r,1.0,0.02998826221127695,0,0,1.0,1.0,2.599170391339223,0.0,0.0,402.87141065757953,237.0064668249709,0.0,0.0,0.0,0.0,1984.8749999999882,2010.5416666666315,
GWI_anthro_CGWL,43/3_Human_Induced,c,2.520118336732867,0.07887063088806344,0,0,0.9997469034351802,0.9997469034351802,1.362407280478138,0.056148245471253064,-0.024956605689456814,96.7309169139478,96.7309169139478,0.056148245471253064,0.056148245471253064,-0.024956605689456814,-0.0015549913077612459,1982.9583333333233,2014.1249999999616,
GWI_anthro_SR15,43/3_Human_Induced,c,2.309896004051925,0.07269827626120687,0,0,0.9946593676042115,0.9946593676042115,1.5078625137379587,0.047197187233532126,-0.019653728460678935,107.05823847539507,107.05823847539506,0.047197187233532126,0.047197187233532126,-0.019653728460678928,-0.002384242027752395,1984.5416666666551,2014.1249999999616,
GWI_anthro,43/3_Human_Induced,c,2.448225719753445,0.0750469380548575,0,0,0.9675371100750766,0.9675371100750766,1.4629856535197103,0.05056596877318255,-0.021157866992036443,103.87198139989943,103.87198139989941,0.05056596877318255,0.05056596877318255,-0.021157866992036447,-0.001248108192903563,1983.4583333333228,2014.1249999999616,
FaIR_nonat_unB,43/1_ERF_FaIR,c,4.301194308989234,0.027403575174888648,55,36,9.288005083522335e-19,2.0753704885931696e-17,-789.0463277570856,0.3420246008141069,0.2218414838924625,-71803.21582589479,-71803.21582589479,0.3420246008141069,0.24426102685761872,0.2218414838924625,0.02240141500552301,1983.541666666656,2010.708333333298,
FaIR_anthro_unB,43/1_ERF_FaIR,c,4.520230539610049,0.024160559726486622,64,42,1.7484238647711188e-24,3.4064846931753484e-22,-1199.8881256801103,0.3246085760876919,0.21242046668710035,-109189.81943689003,-109189.81943689001,0.3246085760876919,0.232498465391434,0.21242046668710035,0.024000688573140933,1980.2083333333258,2010.9583333332978,
