method_name,method_class,c/r,smooth_r,avg_unc.(1se),#q<0.5,#q<0.1,q_min,q_small5,log-likeli,RMS,bias,tlog-l,100log-l,100RMS,75RMS,100bias,bias50,xyear0.5,xyear1.0,xyear1.5
cent20y,42/1_Run_Means,r,1.0,0.02926349066131987,0,0,1.0,1.0,2.6265401669867425,0.0,0.0,407.11372588294506,235.7614414944819,0.0,0.0,0.0,0.0,1985.2916666666545,2009.7916666666322,
GWI_anthro_CGWL,43/3_Human_Induced,c,2.6973431346425656,0.08766451333114776,0,0,0.9939030648698362,0.9939030648698362,1.2902115492951558,0.06685113020272157,0.007937898919668595,91.60501999995606,91.60501999995606,0.06685113020272157,0.06685113020272157,0.007937898919668595,0.047658529957128506,1982.541666666657,2008.791666666633,
GWI_anthro_SR15,43/3_Human_Induced,c,2.49886243076118,0.07838488344571042,0,0,0.9750400128985822,0.9750400128985822,1.4022925179817232,0.05628476800766759,0.004366750255993388,99.56276877670234,99.56276877670234,0.056284768007667595,0.056284768007667595,0.004366750255993388,0.031308597946469514,1984.791666666655,2008.9583333332996,
GWI_anthro,43/3_Human_Induced,c,2.6494499743828834,0.08227318295995024,0,0,0.9757146465069378,0.9757146465069378,1.3619955062348563,0.059940767457296665,0.005977935677338296,96.7016809426748,96.70168094267478,0.05994076745729667,0.05994076745729667,0.005977935677338295,0.038577960181046346,1983.2916666666563,2009.4583333332992,
FaIR_nonat_unB,43/1_ERF_FaIR,c,4.831748743528429,0.027384037414823915,44,37,9.166849552265377e-19,3.1958382187737195e-17,-823.3701742307421,0.3520842466046037,0.22740810854791998,-74926.68585499753,-74926.68585499751,0.35208424660460375,0.2564073060914922,0.22740810854791998,0.017382562328440872,1984.9583333333214,2010.2083333332985,
FaIR_anthro_unB,43/1_ERF_FaIR,c,4.788454443664156,0.024170224305256463,73,56,2.0536185322836187e-21,2.8214226583583363e-20,-1240.4156233985063,0.34172447416059615,0.2337325674695918,-112877.82172926408,-112877.82172926408,0.34172447416059615,0.25001645513832993,0.2337325674695918,0.03715437299742425,1979.4583333333264,2009.7916666666322,
