method_name,method_class,c/r,smooth_r,avg_unc.(1se),#q<0.5,#q<0.1,q_min,q_small5,log-likeli,RMS,bias,tlog-l,100log-l,100RMS,75RMS,100bias,bias50,xyear0.5,xyear1.0,xyear1.5
cent20y,42/1_Run_Means,r,1.0,0.03224093926952945,0,0,1.0,1.0,2.527916555977199,0.0,0.0,391.82706617646585,233.56850019824054,0.0,0.0,0.0,0.0,1984.8749999999818,2009.874999999959,
lowess1dg20wnc,42/3_ST_Fits,c,3.9626107859510227,0.18052306139244204,0,0,0.9994709283308462,0.9994709283308462,0.7543016418589569,0.05645903944815453,-0.016732144653868773,116.91675448813831,52.69697014091166,0.04371502603580637,0.040021085198575265,-0.011301103452137709,-0.040234088869701666,1987.4583333333128,2012.124999999957,
Kal_flexLin,42/5_Kalman,c,5.486018646934441,0.05317657451406971,14,3,0.06067132146104219,0.3527214038096979,1.4533131393494367,0.05541184097304465,-0.008459799601757355,225.2635365991627,151.0445972690205,0.04483288022219204,0.038337760108254515,-0.008049623789710237,-0.029581027284512708,1987.0416666666465,2012.2916666666235,
GAM_AR1,42/4_GAM_AR1,c,6.079400870108235,0.05814391321257835,10,3,0.021813004530886505,0.10084845360024301,1.2779886932262987,0.05633475044265029,-0.006562505912129389,173.80646227877662,140.85383937255426,0.04675217613226951,0.04143738180398286,-0.007444975054754116,-0.03717179045611907,1987.208333333313,2012.2916666666235,
CGWL10y_sfUKCP,44/44_EarthModel_CGWL,c,6.226005399011571,0.05070002105447554,0,0,0.9817241379310345,0.9817241379310345,1.6416441277949585,0.045278221186406786,0.0070245496561057675,239.68004265806394,145.64819931865526,0.04478896819889966,0.03928675146587837,-0.00017681825503376944,0.005299127731513966,1985.9583333333142,2009.6249999999593,
