method_name,method_class,c/r,smooth_r,avg_unc.(1se),#q<0.5,#q<0.1,q_min,q_small5,log-likeli,RMS,bias,tlog-l,100log-l,100RMS,75RMS,100bias,bias50,xyear0.5,xyear1.0,xyear1.5
cent20y,42/1_Run_Means,r,1.0,0.02709727795469347,0,0,1.0,1.0,2.700775597560234,0.0,0.0,418.6202176218362,243.53076000475733,0.0,0.0,0.0,0.0,1984.3749999999823,2010.3749999999586,
lowess1dg20wnc,42/3_ST_Fits,c,3.383190023894183,0.1738502359794208,0,0,0.9970532574127827,0.9970532574127827,0.7633568280755363,0.05083906979851541,-0.012695892843373227,118.32030835170812,56.255367919817786,0.05113766276035133,0.04858841177622766,-0.015717182104983234,-0.04147426416395774,1986.7916666666467,2013.2916666666226,
Kal_flexLin,42/5_Kalman,c,4.680177399633879,0.05317657451406971,0,0,0.81192141866126,0.81192141866126,1.6127681049288158,0.04843724677723133,-0.012022701258251112,249.97905626396647,151.4021105983838,0.04461924210719797,0.041914177658134044,-0.010534252882279962,-0.028933288020850306,1986.208333333314,2013.2916666666226,
GAM_AR1,42/4_GAM_AR1,c,8.452436164532342,0.04443510668009463,37,4,7.8382322060432e-06,0.1258774688032794,1.2568272732098538,0.05378867220131018,-0.006709986506677232,170.92850915654012,111.22070625881159,0.05330720700693779,0.049699693049711724,-0.01601099432679644,-0.032490071222657124,1986.6249999999802,2013.2083333332894,
CGWL10y_sfUKCP,44/44_EarthModel_CGWL,c,6.225088069524487,0.05056631729727791,0,0,0.9366037735849058,0.9366037735849058,1.5955735819864685,0.045872894142403316,-0.0028796661752676284,232.9537429700244,154.19323447376456,0.04025169847665712,0.0362141070542757,0.0009156288588443766,0.004588243868589329,1985.6249999999811,2009.9583333332923,
