method_name,method_class,c/r,smooth_r,avg_unc.(1se),#q<0.5,#q<0.1,q_min,q_small5,log-likeli,RMS,bias,tlog-l,100log-l,100RMS,75RMS,100bias,bias50,xyear0.5,xyear1.0,xyear1.5
cent20y,42/1_Run_Means,r,1.0,0.02678425702160698,0,0,1.0,1.0,2.7119766881170326,0.0,0.0,420.3563866581401,244.58244437561646,0.0,0.0,0.0,0.0,1987.2916666666463,2013.4583333332891,
lowess1dg20wnc,42/3_ST_Fits,c,3.4634671944826017,0.04609920992766652,27,1,0.09745779613507095,0.2591667201025779,1.4335767929627403,0.04911269724147664,-0.014298875503072591,222.20440290922474,135.38385182367648,0.04905804754831479,0.04735084178700165,-0.014327006840812872,-0.04360781649971708,1989.6249999999775,2015.374999999954,
Kal_flexLin,42/5_Kalman,c,4.919264531329231,0.05317657451406971,0,0,0.860520235010464,0.860520235010464,1.661720911175911,0.04567966785040212,-0.011204305401977548,257.5667412322662,152.12903408450927,0.044181671252693594,0.042585123816503465,-0.009702235996082947,-0.031752202647383536,1988.9583333333114,2015.2083333332876,
GAM_AR1,42/4_GAM_AR1,c,6.72807023611718,0.04286635015984715,31,3,0.0015315654013978905,0.1328662163637861,1.3499350864890496,0.05150509325135717,-0.007647276086977522,183.59117176251075,115.88600295729844,0.05257950993337059,0.04511578253090968,-0.01590002258317753,-0.03228067548555094,1989.0416666666447,2015.041666666621,
CGWL10y_sfUKCP,44/44_EarthModel_CGWL,c,6.060200499081623,0.05021445854536949,0,0,0.8681081081081081,0.8681081081081081,1.626092418900895,0.044705036509468166,0.0003787671589900587,237.40949315953065,151.48459863585578,0.04166838876469758,0.03991424660753667,0.002650502025721891,0.0064812641888332785,1988.791666666645,2014.8749999999545,
