method_name,method_class,c/r,smooth_r,avg_unc.(1se),#q<0.5,#q<0.1,q_min,q_small5,log-likeli,RMS,bias,tlog-l,100log-l,100RMS,75RMS,100bias,bias50,xyear0.5,xyear1.0,xyear1.5
cent20y,42/1_Run_Means,r,1.0,0.026734369819201898,0,0,1.0,1.0,2.716754555248457,0.0,0.0,421.09695606351085,244.84472513489735,0.0,0.0,0.0,0.0,1984.458333333322,2010.4583333332982,
GWI_anthro_CGWL,43/3_Human_Induced,c,2.867412563403486,0.08065973417798523,0,0,0.9988597669570174,0.9988597669570174,1.4607938948159278,0.033162134021929274,-0.006577555774101667,103.71636653193087,103.71636653193087,0.03316213402192928,0.03316213402192928,-0.006577555774101668,-0.019746514682234796,1985.5416666666542,2014.4583333332946,
GWI_anthro_SR15,43/3_Human_Induced,c,2.614074487590526,0.07244757025237931,0,0,0.98497903615321,0.98497903615321,1.4667363901666504,0.044496640520379875,-0.0019108152712437219,104.13828370183218,104.13828370183218,0.044496640520379875,0.044496640520379875,-0.0019108152712437219,-0.0225388754769355,1986.0416666666538,2014.5416666666279,
GWI_anthro,43/3_Human_Induced,c,2.7171574216110526,0.07565262734368931,0,0,0.9979291781727074,0.9979291781727074,1.4699827052615804,0.03953311138169538,-0.0030950102686109564,104.3687720735722,104.36877207357222,0.03953311138169538,0.03953311138169538,-0.0030950102686109564,-0.020395452701949958,1985.3749999999877,2014.4583333332946,
FaIR_nonat_unB,43/1_ERF_FaIR,c,4.796826027313642,0.028270443088535165,47,37,6.975370956013451e-18,1.7223358476335037e-16,-706.8072254247503,0.33845584171887455,0.21938338488799886,-64319.457513652276,-64319.45751365228,0.33845584171887455,0.2559734679283529,0.2193833848879989,0.01743098085792924,1984.6249999999884,2010.9583333332978,
FaIR_anthro_unB,43/1_ERF_FaIR,c,5.047174923123487,0.02414315533348475,65,46,6.675056103182196e-23,1.1361071739873203e-21,-1205.5982842183712,0.3222058245569692,0.21630913050459147,-109709.44386387178,-109709.44386387178,0.3222058245569692,0.2461526067339926,0.21630913050459147,0.02690811553489146,1980.1249999999925,2010.8749999999645,
