method_name,method_class,c/r,smooth_r,avg_unc.(1se),#q<0.5,#q<0.1,q_min,q_small5,log-likeli,RMS,bias,tlog-l,100log-l,100RMS,75RMS,100bias,bias50,xyear0.5,xyear1.0,xyear1.5
cent20y,42/1_Run_Means,r,1.0,0.026995829166992148,0,0,1.0,1.0,2.704482944737614,0.0,0.0,419.1948564343302,242.07158296697713,0.0,0.0,0.0,0.0,1985.791666666654,2012.4583333332964,
GWI_anthro_CGWL,43/3_Human_Induced,c,2.8729210318946476,0.08044002555404847,0,0,0.9981535837219806,0.9981535837219806,1.5340389178533942,0.028737925124814483,0.005280601659129314,108.91676316759099,108.91676316759099,0.028737925124814486,0.028737925124814483,0.005280601659129314,0.006301145756606976,1985.6249999999875,2014.874999999961,
GWI_anthro_SR15,43/3_Human_Induced,c,2.6480024483175018,0.07245347683664466,0,0,0.9697265774641995,0.9697265774641995,1.5548256580875996,0.03656850178475852,0.007531002899203183,110.39262172421958,110.39262172421958,0.03656850178475852,0.03656850178475852,0.007531002899203181,0.00046677667125470245,1986.2083333333203,2015.0416666666274,
GWI_anthro,43/3_Human_Induced,c,2.7956753615253187,0.07562179181627615,0,0,0.9919995765773042,0.9919995765773042,1.5513576879124793,0.03283887532274275,0.007097805566767721,110.14639584178603,110.14639584178603,0.03283887532274275,0.03283887532274275,0.007097805566767721,0.0037233972050483627,1985.5416666666542,2014.874999999961,
FaIR_nonat_unB,43/1_ERF_FaIR,c,1.9061338420959075,0.02830572528099051,0,0,0.6492271105826397,0.6492271105826397,2.258485730502899,0.024626731324563018,0.009361195489908363,205.5222014757638,205.5222014757638,0.024626731324563018,0.023369883029298325,0.009361195489908365,0.010395086858268825,1986.0416666666538,2012.958333333296,
