method_name,method_class,c/r,smooth_r,avg_unc.(1se),#q<0.5,#q<0.1,q_min,q_small5,log-likeli,RMS,bias,tlog-l,100log-l,100RMS,75RMS,100bias,bias50,xyear0.5,xyear1.0,xyear1.5
cent20y,42/1_Run_Means,r,1.0,0.02980179454426839,0,0,1.0,1.0,2.614802366400994,0.0,0.0,405.29436679215405,240.25588679409077,0.0,0.0,0.0,0.0,1984.8749999999882,2010.708333333298,
GWI_anthro_CGWL,43/3_Human_Induced,c,2.4765872392712756,0.08647026852750896,46,0,0.2725886042917537,0.2725886042917537,0.5229163338993496,0.12137200677771205,-0.08734597857610363,37.12705970685382,37.12705970685383,0.12137200677771205,0.12137200677771204,-0.08734597857610363,-0.14560339470984793,1993.0416666666474,2018.2916666666245,
GWI_anthro_SR15,43/3_Human_Induced,c,2.2689673223503273,0.07686098473208373,37,0,0.25816514306250493,0.25816514306250493,0.7529726153923305,0.09926033749788747,-0.062076276834129196,53.46105569285547,53.46105569285547,0.09926033749788747,0.09926033749788747,-0.062076276834129196,-0.11557598535426807,1990.7083333333162,2017.7083333332916,
GWI_anthro,43/3_Human_Induced,c,2.479340567817532,0.08052140118619164,43,0,0.29924321491530653,0.29924321491530653,0.6554145909370103,0.10789569397191916,-0.07038133270258444,46.53443595652773,46.53443595652773,0.10789569397191916,0.10789569397191916,-0.07038133270258444,-0.12676653571613278,1990.8749999999827,2017.791666666625,
FaIR_nonat_unB,43/1_ERF_FaIR,c,4.538140133622248,0.02578294767099932,63,36,1.913698118636211e-22,2.282160746355132e-20,-965.7844670485706,0.3609964671048842,0.21595242206502213,-87886.38650141993,-87886.38650141993,0.3609964671048842,0.2757487941012642,0.21595242206502213,-0.009345014030064795,1986.45833333332,2011.7916666666304,
