method_name,method_class,c/r,smooth_r,avg_unc.(1se),#q<0.5,#q<0.1,q_min,q_small5,log-likeli,RMS,bias,tlog-l,100log-l,100RMS,75RMS,100bias,bias50,xyear0.5,xyear1.0,xyear1.5
cent20y,42/1_Run_Means,r,1.0,0.03270962646932406,0,0,1.0,1.0,2.5152010716610373,0.0,0.0,389.8561661074608,230.8958849404111,0.0,0.0,0.0,0.0,1985.2083333333148,2009.7083333332926,
lowess1dg20wnc,42/3_ST_Fits,c,3.648358859950997,0.18164163856661464,0,0,0.9973903620308582,0.9973903620308582,0.7370272190362668,0.05984326853039192,-0.00863709015460682,114.23921895062135,52.4247937578085,0.0439909935127843,0.038736449395637265,-0.011203106700540423,-0.04060493895381562,1987.6249999999793,2011.6249999999575,
Kal_flexLin,42/5_Kalman,c,5.051131651232449,0.05317657451406971,22,4,0.028520574736562557,0.10469968527795481,1.3753014849020166,0.05866739162332705,-0.00773075789955675,213.1717301598126,149.8078952529986,0.04556416737863794,0.037641803586173986,-0.008439923534599263,-0.029908567175365174,1987.1249999999798,2011.8749999999573,
GAM_AR1,42/4_GAM_AR1,c,8.777919408602777,0.06673222368590737,20,0,0.13853285267497295,0.19757543244045264,1.1411001749850624,0.06968066496198408,-0.004236800769593076,155.1896237979685,136.41165726115997,0.047189061064560146,0.03967639607062289,-0.00800479618543626,-0.0322273427802641,1986.9583333333132,2011.8749999999573,
CGWL10y_sfUKCP,44/44_EarthModel_CGWL,c,6.09843715021511,0.05017396501235424,0,0,0.9142505039105141,0.9142505039105141,1.6176979901767443,0.04697757911960303,0.0047668966310955374,236.18390656580468,143.10305789490303,0.046808710064722606,0.04004304369926037,-0.0006925251978337487,0.003349376378774677,1986.3749999999804,2009.6249999999593,
