method_name,method_class,c/r,smooth_r,avg_unc.(1se),#q<0.5,#q<0.1,q_min,q_small5,log-likeli,RMS,bias,tlog-l,100log-l,100RMS,75RMS,100bias,bias50,xyear0.5,xyear1.0,xyear1.5
cent20y,42/1_Run_Means,r,1.0,0.027191023878349485,0,0,1.0,1.0,2.6979467149911573,0.0,0.0,418.18174082362935,244.06062297065824,0.0,0.0,0.0,0.0,1984.458333333322,2010.708333333298,
GWI_anthro_CGWL,43/3_Human_Induced,c,2.847746469643489,0.07960436667665431,0,0,0.996044795771077,0.996044795771077,1.538980837597989,0.02433450648226458,-0.0018202835185350365,109.26763946945722,109.26763946945722,0.02433450648226458,0.02433450648226458,-0.001820283518535036,-0.006573632764351035,1985.0416666666547,2014.0416666666283,
GWI_anthro_SR15,43/3_Human_Induced,c,2.6203524989019216,0.07180629845161296,0,0,0.9750884293388848,0.9750884293388848,1.556751058093173,0.034984495706091884,0.0020798974796637504,110.52932512461528,110.5293251246153,0.03498449570609189,0.03498449570609189,0.0020798974796637504,-0.01033915265872086,1985.7083333333208,2014.1249999999616,
GWI_anthro,43/3_Human_Induced,c,2.7531770932878357,0.07486619039303032,0,0,0.9971473899951486,0.9971473899951486,1.5536802971756276,0.03043051086014441,0.0011417723162143664,110.31130109946956,110.31130109946957,0.030430510860144408,0.030430510860144408,0.0011417723162143662,-0.0078438352129348,1984.8749999999882,2014.0416666666283,
FaIR_nonat_unB,43/1_ERF_FaIR,c,5.173742498325603,0.028194655649933644,45,38,2.4124316696153723e-16,6.405822767045714e-16,-691.7198330155859,0.33802715359276425,0.21288787741271978,-62946.50480441831,-62946.50480441832,0.33802715359276425,0.25056708303875747,0.21288787741271978,0.008423393409740812,1985.124999999988,2011.5416666666306,
