method_name,method_class,c/r,smooth_r,avg_unc.(1se),#q<0.5,#q<0.1,q_min,q_small5,log-likeli,RMS,bias,tlog-l,100log-l,100RMS,75RMS,100bias,bias50,xyear0.5,xyear1.0,xyear1.5
cent20y,42/1_Run_Means,r,1.0,0.027374400031021484,0,0,1.0,1.0,2.6943946327075183,0.0,0.0,417.63116806966536,237.3931378138854,0.0,0.0,0.0,0.0,1985.791666666654,2012.958333333296,
GWI_anthro_CGWL,43/3_Human_Induced,c,2.775390604061879,0.08729692488279789,0,0,0.9856310011384413,0.9856310011384413,1.243034021695602,0.07321925017910454,0.0350270107653465,88.25541554038774,88.25541554038774,0.07321925017910454,0.07321925017910454,0.03502701076534649,0.0730569334897175,1980.7916666666586,2012.4583333332964,
GWI_anthro_SR15,43/3_Human_Induced,c,2.580833829091076,0.0772294782829697,0,0,0.9567598006134519,0.9567598006134519,1.3229398718878158,0.06469332164244025,0.029673590373831937,93.92873090403492,93.92873090403492,0.06469332164244025,0.06469332164244025,0.029673590373831937,0.05540188701603511,1983.2916666666563,2012.7083333332962,
GWI_anthro,43/3_Human_Induced,c,2.780503017280938,0.08147249128518788,0,0,0.9786745764265998,0.9786745764265998,1.2885203812218071,0.06788471430175405,0.03172880460934073,91.4849470667483,91.48494706674832,0.06788471430175405,0.06788471430175405,0.03172880460934072,0.0632355783218276,1982.2916666666572,2012.7083333332962,
FaIR_nonat_unB,43/1_ERF_FaIR,c,2.2058556595783463,0.02773991493033288,11,0,0.10037032815502515,0.49183872013836344,1.542302421471962,0.03894559061097671,0.016607930160177187,140.34952035394855,140.34952035394858,0.03894559061097671,0.027471297113619064,0.016607930160177187,0.013007304050910088,1985.3749999999877,2013.2083333332957,
