method_name,method_class,c/r,smooth_r,avg_unc.(1se),#q<0.5,#q<0.1,q_min,q_small5,log-likeli,RMS,bias,tlog-l,100log-l,100RMS,75RMS,100bias,bias50,xyear0.5,xyear1.0,xyear1.5
cent20y,42/1_Run_Means,r,1.0,0.028184375497959668,0,0,1.0,1.0,2.6628023494789628,0.0,0.0,412.73436416923926,237.97604031741662,0.0,0.0,0.0,0.0,1983.874999999989,2010.2916666666317,
GWI_anthro_CGWL,43/3_Human_Induced,c,2.640312377411838,0.08653631162525394,0,0,0.8827811429946717,0.8827811429946717,1.2408559333781402,0.07247724399259341,0.017990589225831015,88.10077126984795,88.10077126984795,0.07247724399259341,0.07247724399259341,0.01799058922583102,0.06149300914940849,1980.7083333333253,2008.7083333332998,
GWI_anthro_SR15,43/3_Human_Induced,c,2.4330918005827726,0.07672828865359838,0,0,0.9621539905406924,0.9621539905406924,1.3370855496454837,0.06374004175994152,0.014048338992093916,94.93307402482934,94.93307402482934,0.06374004175994152,0.06374004175994152,0.014048338992093918,0.0441452731194136,1982.87499999999,2008.8749999999663,
GWI_anthro,43/3_Human_Induced,c,2.630882061272369,0.08083828375966806,0,0,0.867838535934957,0.867838535934957,1.3013572417083472,0.06664519549564377,0.015825994913422525,92.39636416129265,92.39636416129265,0.06664519549564377,0.06664519549564377,0.015825994913422528,0.05185607060722217,1982.0416666666574,2009.374999999966,
FaIR_nonat_unB,43/1_ERF_FaIR,c,4.990998343107324,0.027820434585585748,49,42,9.071288295774486e-18,1.3681716595233311e-16,-796.3575528458922,0.3614054734259858,0.23328679793337692,-72468.53730897619,-72468.53730897616,0.3614054734259858,0.26125116174388485,0.23328679793337687,0.021578059443428416,1983.208333333323,2010.9583333332978,
FaIR_anthro_unB,43/1_ERF_FaIR,c,4.465236952339021,0.02462329188026543,80,67,1.0077079822846257e-22,1.8455051775931094e-21,-1255.8675754309725,0.35409804538302053,0.2457681745694858,-114283.9493642185,-114283.9493642185,0.3540980453830205,0.2571284059906326,0.24576817456948574,0.04743914248814609,1978.6249999999939,2010.041666666632,
