method_name,method_class,c/r,smooth_r,avg_unc.(1se),#q<0.5,#q<0.1,q_min,q_small5,log-likeli,RMS,bias,tlog-l,100log-l,100RMS,75RMS,100bias,bias50,xyear0.5,xyear1.0,xyear1.5
cent20y,42/1_Run_Means,r,1.0,0.030914492397907587,0,0,1.0,1.0,2.570757485506927,0.0,0.0,398.4674102535737,230.51325146982145,0.0,0.0,0.0,0.0,1977.8749999999945,2004.7916666666367,
GWI_anthro_CGWL,43/3_Human_Induced,c,2.504545435832175,0.08998024200329173,0,0,0.9311169712447742,0.9311169712447742,1.1066766273437436,0.08395517740447407,0.031395960180588496,78.5740405414058,78.57404054140581,0.08395517740447406,0.08395517740447407,0.031395960180588496,0.07801711312120199,1977.2916666666617,1995.9583333333114,
GWI_anthro_SR15,43/3_Human_Induced,c,2.3326032747625494,0.07994039318488903,0,0,0.7753579196863538,0.7753579196863538,1.1901860876459398,0.0761916973879722,0.023595139691172082,84.50321222286173,84.50321222286172,0.0761916973879722,0.0761916973879722,0.023595139691172082,0.058233903144721676,1979.624999999993,1996.2916666666445,2023.958333333286
GWI_anthro,43/3_Human_Induced,c,2.5570014904364102,0.08419255858556546,0,0,0.9172613726504604,0.9172613726504604,1.1640241466392272,0.07850233458636312,0.026276857379133423,82.64571441138513,82.64571441138514,0.07850233458636312,0.07850233458636312,0.026276857379133423,0.06653183742295521,1978.958333333327,1996.0416666666447,2023.958333333286
FaIR_nonat_unB,43/1_ERF_FaIR,c,1.716334099545556,0.027112412808405303,67,0,0.16831813978068438,0.16831813978068438,1.1367687696555397,0.04653351594294555,-0.025217400831997642,103.44595803865413,103.44595803865411,0.04653351594294555,0.04313942014065483,-0.025217400831997642,-0.010012332020042295,1979.958333333326,2002.3749999999723,
