method_name,method_class,c/r,smooth_r,avg_unc.(1se),#q<0.5,#q<0.1,q_min,q_small5,log-likeli,RMS,bias,tlog-l,100log-l,100RMS,75RMS,100bias,bias50,xyear0.5,xyear1.0,xyear1.5
cent20y,42/1_Run_Means,r,1.0,0.03266631596129667,0,0,1.0,1.0,2.515351089329868,0.0,0.0,389.8794188461295,230.5788084195588,0.0,0.0,0.0,0.0,1986.0416666666474,2012.2083333332903,
lowess1dg20wnc,42/3_ST_Fits,c,3.670021129420715,0.06882934407888777,0,0,0.6044493001602856,0.6044493001602856,1.3248195959145657,0.061644101193767446,-0.003907103203716987,205.34703736675766,132.6007586328645,0.0513222366868541,0.04465829244359884,-0.01199495480972774,-0.03779322674795826,1988.1249999999789,2014.2083333332885,
Kal_flexLin,42/5_Kalman,c,5.403401744631489,0.05317657451406971,28,0,0.11137546117109284,0.16983910265928204,1.3517872312056434,0.05963267285041231,-0.0069813505126351,209.52702083687473,138.34760464490853,0.051852554189441735,0.03944719216469146,-0.008814085310434828,-0.02669242609819015,1987.3749999999795,2014.2083333332885,
GAM_AR1,42/4_GAM_AR1,c,7.053824252672415,0.06943840388504446,12,0,0.14431113082170322,0.14431113082170322,1.167591030598732,0.071695224554256,-0.004232633108931547,158.79238016142756,130.43172697603387,0.05331034290429112,0.04091901450041647,-0.00758206003508387,-0.02720810772979476,1987.1249999999798,2014.1249999999552,
CGWL10y_sfUKCP,44/44_EarthModel_CGWL,c,5.927436270337154,0.050741130474113647,0,0,0.9419354838709678,0.9419354838709678,1.6323636798081675,0.046681767793116544,0.0032464301827435237,238.32509725199245,141.22191594247695,0.04940250548218725,0.03824396929654461,-0.0004772017693299808,0.005653370856146807,1987.0416666666465,2013.4583333332891,
