method_name,method_class,c/r,smooth_r,avg_unc.(1se),#q<0.5,#q<0.1,q_min,q_small5,log-likeli,RMS,bias,tlog-l,100log-l,100RMS,75RMS,100bias,bias50,xyear0.5,xyear1.0,xyear1.5
cent20y,42/1_Run_Means,r,1.0,0.03246220640181819,0,0,1.0,1.0,2.5255280705389134,0.0,0.0,391.4568509335316,232.40386042216517,0.0,0.0,0.0,0.0,1984.291666666649,2009.7916666666258,
lowess1dg20wnc,42/3_ST_Fits,c,3.9026690996701032,0.06772052289370656,5,0,0.21808677803847626,0.36477317163134554,1.248542122543738,0.06380257476377789,-0.013899007897577463,193.5240289942794,130.71669942659992,0.05190689300389836,0.04831876092775837,-0.009190398315056445,-0.03808679528667671,1987.0416666666465,2011.124999999958,
Kal_flexLin,42/5_Kalman,c,5.801727745399281,0.05317657451406971,26,5,0.08572803146048324,0.08572803146048324,1.3143835797096532,0.06161005109798698,-0.006377452582850118,203.72945485499625,141.26354151240272,0.05032712977415842,0.04194167139806613,-0.006158426661962026,-0.02660786564828833,1986.6249999999802,2009.9583333332923,
GAM_AR1,42/4_GAM_AR1,c,8.885366800434085,0.06531070802002123,17,1,0.08365312595594904,0.15404404854233075,1.1299710142071913,0.07090447560628531,-0.003364184045625095,153.67605793217803,131.3493992287209,0.05377024899367419,0.044451413277581786,-0.0058068051614041626,-0.02817473469878845,1986.541666666647,2009.874999999959,
CGWL10y_sfUKCP,44/44_EarthModel_CGWL,c,6.823168783190319,0.050841865556374675,0,0,0.9280620155038759,0.9280620155038759,1.654670548072675,0.04603841306127684,0.004609989920475526,241.58190001861055,145.51709646443743,0.04638923027972559,0.03712561651463342,-0.0038041402416427875,0.003922476207728407,1985.7083333333144,2009.2916666666263,
