method_name,method_class,c/r,smooth_r,avg_unc.(1se),#q<0.5,#q<0.1,q_min,q_small5,log-likeli,RMS,bias,tlog-l,100log-l,100RMS,75RMS,100bias,bias50,xyear0.5,xyear1.0,xyear1.5
cent20y,42/1_Run_Means,r,1.0,0.026730870092850807,0,0,1.0,1.0,2.7207783702336377,0.0,0.0,421.72064738621384,238.05942544167937,0.0,0.0,0.0,0.0,1984.7916666666486,2010.208333333292,
lowess1dg20wnc,42/3_ST_Fits,c,3.3264656547977465,0.16641465258777274,0,0,0.9930332213260464,0.9930332213260464,0.8468046711378993,0.05034140435193785,-0.015131558110972398,131.2547240263744,55.403583801853074,0.05544352540767657,0.04357660329145451,-0.0178711281751331,-0.03621633264957672,1986.7916666666467,2013.0416666666229,
Kal_flexLin,42/5_Kalman,c,4.602233578405342,0.05317657451406971,0,0,0.7789747004513219,0.8679547641106767,1.6343017855025657,0.04687958710886095,-0.009227422590147834,253.31677675289768,139.0668209178653,0.05148050762955835,0.03656939089036057,-0.012043455352867893,-0.025569049829342272,1986.3749999999804,2013.2916666666226,
GAM_AR1,42/4_GAM_AR1,c,8.81789408327331,0.04072135693719543,51,19,4.3781972588327535e-06,0.01242794851069805,1.0963142220353101,0.05532113026029614,-0.009530755997371123,149.09873419680218,85.2353421112012,0.05984346220554388,0.03974823142883584,-0.01402503065294777,-0.023543313077368656,1982.958333333317,2013.1249999999561,
CGWL10y_sfUKCP,44/44_EarthModel_CGWL,c,6.1333155509297885,0.05052575631247413,0,0,0.8849130253218969,0.8849130253218969,1.5667069419535788,0.050078901431208994,0.008453408911835368,228.7392135252225,139.26928735959348,0.0488047417499684,0.038775780553325576,0.00022123799673517562,0.007943206598329543,1985.7083333333144,2009.874999999959,
