method_name,method_class,c/r,smooth_r,avg_unc.(1se),#q<0.5,#q<0.1,q_min,q_small5,log-likeli,RMS,bias,tlog-l,100log-l,100RMS,75RMS,100bias,bias50,xyear0.5,xyear1.0,xyear1.5
cent20y,42/1_Run_Means,r,1.0,0.026819331371203226,0,0,1.0,1.0,2.711736846785142,0.0,0.0,420.319211251697,244.67871436217843,0.0,0.0,0.0,0.0,1984.791666666655,2010.374999999965,
GWI_anthro_CGWL,43/3_Human_Induced,c,2.745855472163073,0.08078540286845719,0,0,0.9870773118373217,0.9870773118373217,1.5179483994881653,0.02492311858941971,-0.0058398482829205055,107.77433636365974,107.77433636365976,0.02492311858941971,0.024923118589419712,-0.0058398482829205055,-0.010688556948811689,1985.791666666654,2013.2083333332957,
GWI_anthro_SR15,43/3_Human_Induced,c,2.509575167692211,0.07280048606882546,0,0,0.9596904490524496,0.9596904490524496,1.528298374276088,0.03732283308270324,-0.0025020138230227025,108.50918457360225,108.50918457360225,0.03732283308270324,0.03732283308270324,-0.0025020138230227025,-0.015749942896111292,1986.2083333333203,2013.4583333332955,
GWI_anthro,43/3_Human_Induced,c,2.5976604909553593,0.07596110271204108,0,0,0.9744040041724532,0.9744040041724532,1.5291151060993868,0.031979960674748606,-0.003225561274269676,108.56717253305646,108.56717253305646,0.031979960674748606,0.031979960674748606,-0.003225561274269676,-0.012779801775488646,1985.6249999999875,2013.3749999999623,
FaIR_nonat_unB,43/1_ERF_FaIR,c,5.552736906488534,0.028194059739723023,45,36,4.0500934526769464e-17,6.261023757058514e-17,-721.1224230144132,0.3406595106025813,0.21380463066705224,-65622.1404943116,-65622.1404943116,0.3406595106025813,0.25586836355694587,0.2138046306670522,0.005884852123952686,1985.5416666666542,2011.2083333332976,
