method_name,method_class,c/r,smooth_r,avg_unc.(1se),#q<0.5,#q<0.1,q_min,q_small5,log-likeli,RMS,bias,tlog-l,100log-l,100RMS,75RMS,100bias,bias50,xyear0.5,xyear1.0,xyear1.5
cent20y,42/1_Run_Means,r,1.0,0.02900997289153699,0,0,1.0,1.0,2.6392317181921183,0.0,0.0,409.08091631977834,241.1699609526177,0.0,0.0,0.0,0.0,1977.374999999995,2005.3749999999695,
GWI_anthro_CGWL,43/3_Human_Induced,c,2.5171582094428033,0.07073072714646993,0,0,0.6841622410850597,0.6841622410850597,1.3223832417930919,0.06283182288740388,-0.05619837195330875,93.88921016730951,93.88921016730951,0.06283182288740388,0.06283182288740388,-0.05619837195330875,-0.053914897591515826,1982.208333333324,2007.2083333333012,
GWI_anthro_SR15,43/3_Human_Induced,c,2.3005677169575294,0.06588734105965065,0,0,0.8715650059430834,0.8715650059430834,1.4764809504206955,0.052935864766713775,-0.04310709572584516,104.83014747986938,104.8301474798694,0.05293586476671377,0.05293586476671377,-0.04310709572584516,-0.04282147964192804,1981.6249999999911,2006.0416666666356,
GWI_anthro,43/3_Human_Induced,c,2.341682315570038,0.06763593458787512,0,0,0.806271113829098,0.806271113829098,1.4292680506679727,0.05556585530163017,-0.04735867765731497,101.47803159742607,101.47803159742607,0.05556585530163016,0.05556585530163016,-0.04735867765731496,-0.046798831335025104,1981.7916666666576,2007.2083333333012,
FaIR_nonat_unB,43/1_ERF_FaIR,c,2.083812016201146,0.028543833979595132,0,0,0.5139714625445897,0.5139714625445897,2.0398508733617833,0.031127486802776938,-0.007233727843722532,185.62642947592227,185.62642947592227,0.031127486802776938,0.033095823618878195,-0.00723372784372253,0.00044219967995125773,1979.0416666666601,2002.5416666666388,
FaIR_anthro_unB,43/1_ERF_FaIR,c,2.267697896741149,0.0252463096073225,49,0,0.43281807372175973,0.4666319857312723,1.9265664564178848,0.032057673244370644,-0.02125107129009014,175.3175475340275,175.3175475340275,0.032057673244370644,0.03364303223079527,-0.021251071290090136,-0.019225224419346213,1978.7083333333271,2004.7916666666367,
