method_name,method_class,c/r,smooth_r,avg_unc.(1se),#q<0.5,#q<0.1,q_min,q_small5,log-likeli,RMS,bias,tlog-l,100log-l,100RMS,75RMS,100bias,bias50,xyear0.5,xyear1.0,xyear1.5
cent20y,42/1_Run_Means,r,1.0,0.02787764370736767,0,0,1.0,1.0,2.6739183853751727,0.0,0.0,414.4573497331518,241.90378698530515,0.0,0.0,0.0,0.0,1984.2083333333157,2010.791666666625,
lowess1dg20wnc,42/3_ST_Fits,c,4.174930485305522,0.21502253179228373,0,0,0.9992095541656094,0.9992095541656094,0.5961288603083603,0.041206864583740906,-0.0018074848361688293,92.39997334779585,42.48487416931446,0.03916941101094274,0.039165852871681575,-0.016689649184528373,-0.030555953612903596,1985.9583333333142,2013.5416666666224,
Kal_flexLin,42/5_Kalman,c,5.761354540768984,0.05317657451406971,0,0,0.9984219153800914,0.9984219153800914,1.7543031926869515,0.0409995666095155,-0.010826972391822964,271.91699486647747,161.85345081464712,0.037844613842796096,0.035892306464780185,-0.012932165325838244,-0.020845188701132514,1984.7083333333153,2013.708333333289,
GAM_AR1,42/4_GAM_AR1,c,5.657972419985465,0.04131620000521399,28,15,3.597165039903554e-05,0.02021405431906611,1.2748631753900024,0.04591441209210438,0.0014023401790923785,173.38139185304033,103.28802148009314,0.04336960304972055,0.046373123383349285,-0.0043409492799279265,-0.028298047564526186,1985.0416666666483,2013.4583333332891,
CGWL10y_sfUKCP,44/44_EarthModel_CGWL,c,6.86716621876877,0.05027089758265403,0,0,0.82125,0.82125,1.5238270994857028,0.04918512863664855,-0.013667945383467323,222.47875652491263,152.65558962970425,0.04017234862490655,0.03774714954509141,-0.004584832850442498,0.0016690307602596013,1985.291666666648,2009.9583333332923,
