method_name,method_class,c/r,smooth_r,avg_unc.(1se),#q<0.5,#q<0.1,q_min,q_small5,log-likeli,RMS,bias,tlog-l,100log-l,100RMS,75RMS,100bias,bias50,xyear0.5,xyear1.0,xyear1.5
cent20y,42/1_Run_Means,r,1.0,0.02814573827623934,0,0,1.0,1.0,2.666320733451911,0.0,0.0,413.2797136850462,242.98498037905767,0.0,0.0,0.0,0.0,1992.4583333333146,2016.9583333332923,
GWI_anthro_CGWL,43/3_Human_Induced,c,2.519508831189023,0.08535595940682977,0,0,0.8039850107416617,0.8039850107416617,1.199244571457708,0.07196147558556328,-0.0003570532245633499,85.14636457349727,85.14636457349728,0.07196147558556328,0.07196147558556328,-0.0003570532245633499,0.04625437121038657,1989.041666666651,2015.541666666627,
GWI_anthro_SR15,43/3_Human_Induced,c,2.3328431065900217,0.07651786183305359,0,0,0.8152506734707248,0.8152506734707248,1.3140683888355222,0.06349919314649309,-0.0018570185434378939,93.29885560732208,93.2988556073221,0.06349919314649309,0.06349919314649309,-0.0018570185434378943,0.03156363576629236,1989.4583333333173,2016.0416666666265,
GWI_anthro,43/3_Human_Induced,c,2.552442022087776,0.08021982758241522,0,0,0.776176392070442,0.776176392070442,1.271160917045207,0.06667891891365427,-0.0007589169441820638,90.2524251102097,90.25242511020971,0.06667891891365428,0.06667891891365428,-0.0007589169441820638,0.038251947667880114,1989.2083333333176,2015.7083333332935,
FaIR_nonat_unB,43/1_ERF_FaIR,c,3.0772057412715865,0.02758185089194151,54,41,0.0003864606933275199,0.003304646173788982,-7.54185288976257,0.08357039876650127,0.06175070114519468,-686.3086129683938,-686.3086129683938,0.08357039876650127,0.06331777242668853,0.061750701145194674,0.02703825531024461,1992.0416666666483,2016.2916666666263,
FaIR_anthro_unB,43/1_ERF_FaIR,c,2.4204257865188428,0.024484818733222176,91,73,0.000845270832770405,0.000845270832770405,-19.829156100294565,0.093766721743328,0.08349510811968408,-1804.4532051268054,-1804.4532051268052,0.093766721743328,0.07838265159923315,0.08349510811968407,0.056125716313806154,1989.041666666651,2015.87499999996,
