method_name,method_class,c/r,smooth_r,avg_unc.(1se),#q<0.5,#q<0.1,q_min,q_small5,log-likeli,RMS,bias,tlog-l,100log-l,100RMS,75RMS,100bias,bias50,xyear0.5,xyear1.0,xyear1.5
cent20y,42/1_Run_Means,r,1.0,0.031369043970214304,0,0,1.0,1.0,2.5562862639985062,0.0,0.0,396.22437091976843,232.55635842023923,0.0,0.0,0.0,0.0,1980.1249999999925,2006.7083333333017,
GWI_anthro_CGWL,43/3_Human_Induced,c,2.495267480802298,0.08098253162869619,0,0,0.9922230764613205,0.9922230764613205,1.4952467367955242,0.041876283793525905,0.003363100823847989,106.16251831248222,106.16251831248222,0.041876283793525905,0.041876283793525905,0.003363100823847989,0.018936795167317104,1979.7916666666595,2005.9583333333023,
GWI_anthro_SR15,43/3_Human_Induced,c,2.2978963365580287,0.07335257763765742,0,0,0.9978279332599465,0.9978279332599465,1.5401511921746855,0.04334945276556698,0.004281368419768337,109.35073464440268,109.35073464440269,0.04334945276556698,0.04334945276556698,0.004281368419768337,0.011901239030023505,1981.3749999999914,2004.7916666666367,
GWI_anthro,43/3_Human_Induced,c,2.405609144509769,0.07638396800397922,0,0,0.9954027255190643,0.9954027255190643,1.5377614412632024,0.04134446529473376,0.004092602621903878,109.18106232968736,109.18106232968736,0.04134446529473376,0.04134446529473376,0.004092602621903878,0.015307835088130741,1980.624999999992,2005.9583333333023,
FaIR_nonat_unB,43/1_ERF_FaIR,c,1.8761416639524224,0.027096424167928904,35,0,0.37582782725074876,0.37582782725074876,1.6257019838202627,0.040451054105072326,-0.017778844711310367,147.9388805276439,147.9388805276439,0.040451054105072326,0.033898294529903804,-0.017778844711310367,-0.00023755397016699169,1980.958333333325,2006.6249999999684,
