method_name,method_class,c/r,smooth_r,avg_unc.(1se),#q<0.5,#q<0.1,q_min,q_small5,log-likeli,RMS,bias,tlog-l,100log-l,100RMS,75RMS,100bias,bias50,xyear0.5,xyear1.0,xyear1.5
cent20y,42/1_Run_Means,r,1.0,0.03136827188108736,0,0,1.0,1.0,2.5551853253636407,0.0,0.0,396.05372543136434,232.37725691428213,0.0,0.0,0.0,0.0,1983.4583333333228,2009.1249999999661,
GWI_anthro_CGWL,43/3_Human_Induced,c,2.4513278150091073,0.08489761078740488,0,0,0.9598679782091841,0.9598679782091841,1.3591103679901935,0.05722326885440785,0.008454904007617833,96.49683612730374,96.49683612730372,0.05722326885440785,0.05722326885440785,0.008454904007617833,0.04112937125684038,1982.1249999999907,2006.6249999999684,
GWI_anthro_SR15,43/3_Human_Induced,c,2.258507381194629,0.07646584922486845,0,0,0.9979482443110118,0.9979482443110118,1.430307834058344,0.054275161314428125,0.00646565681162264,101.55185621814242,101.55185621814243,0.054275161314428125,0.054275161314428125,0.00646565681162264,0.028196065064096935,1983.7916666666558,2005.7083333333026,
GWI_anthro,43/3_Human_Induced,c,2.4342663836345038,0.07997569406744467,0,0,0.9490505746579194,0.9490505746579194,1.4153629582892735,0.05452789815140498,0.007443134857658363,100.49077003853841,100.49077003853841,0.05452789815140498,0.05452789815140498,0.007443134857658362,0.034033770092793444,1982.7083333333235,2008.124999999967,
FaIR_nonat_unB,43/1_ERF_FaIR,c,1.7820377718251568,0.026686568168653564,0,0,0.5336669587411538,0.7463903516222185,2.0900234605297916,0.0305594843708757,-0.0004681019236062032,190.19213490821102,190.19213490821102,0.0305594843708757,0.02440888906018615,-0.0004681019236062035,-0.0037204041273052758,1985.0416666666547,2009.8749999999654,
