method_name,method_class,c/r,smooth_r,avg_unc.(1se),#q<0.5,#q<0.1,q_min,q_small5,log-likeli,RMS,bias,tlog-l,100log-l,100RMS,75RMS,100bias,bias50,xyear0.5,xyear1.0,xyear1.5
cent20y,42/1_Run_Means,r,1.0,0.03238996198099068,0,0,1.0,1.0,2.5234841643973747,0.0,0.0,391.14004548159306,231.9723287026497,0.0,0.0,0.0,0.0,1985.124999999988,2010.2083333332985,
GWI_anthro_CGWL,43/3_Human_Induced,c,2.424111230783352,0.08506022742490632,0,0,0.9943849785112111,0.9943849785112111,1.454357054358611,0.043326518798940165,0.012586001984079928,103.25935085946139,103.25935085946139,0.04332651879894017,0.04332651879894017,0.012586001984079928,0.03228001022577946,1982.7916666666567,2010.708333333298,
GWI_anthro_SR15,43/3_Human_Induced,c,2.2124150509776266,0.07671927979926067,0,0,0.9965929097680146,0.9965929097680146,1.5175678288389018,0.04141302470835424,0.011600850634890001,107.74731584756204,107.74731584756205,0.04141302470835425,0.04141302470835425,0.011600850634890001,0.02156942788090305,1985.124999999988,2011.1249999999643,
GWI_anthro,43/3_Human_Induced,c,2.3554584283407536,0.08005544767794708,0,0,0.9990593140180013,0.9990593140180013,1.4990198756269193,0.041241081351753944,0.012208946939258294,106.43041116951127,106.43041116951127,0.041241081351753944,0.041241081351753944,0.012208946939258296,0.026569666086030907,1983.6249999999893,2011.2083333332976,
FaIR_nonat_unB,43/1_ERF_FaIR,c,4.150729814372265,0.025048977545282226,55,35,4.996734571269143e-22,1.0020436809158618e-20,-1050.599559551153,0.3466016635371902,0.2098212054453585,-95604.55991915493,-95604.55991915494,0.3466016635371902,0.2541306369541716,0.20982120544535854,-0.004036947958397746,1986.2916666666536,2011.2916666666308,
