method_name,method_class,c/r,smooth_r,avg_unc.(1se),#q<0.5,#q<0.1,q_min,q_small5,log-likeli,RMS,bias,tlog-l,100log-l,100RMS,75RMS,100bias,bias50,xyear0.5,xyear1.0,xyear1.5
cent20y,42/1_Run_Means,r,1.0,0.03270789136777429,0,0,1.0,1.0,2.515253055578362,0.0,0.0,389.8642236146461,230.90199330967212,0.0,0.0,0.0,0.0,1987.208333333313,2011.6249999999575,
lowess1dg20wnc,42/3_ST_Fits,c,3.6495047460364303,0.06329086669767016,7,4,0.029571342776387198,0.2276492631423998,1.3076996849267462,0.05983824054382177,-0.00863395897873427,202.69345116364565,142.0120240096882,0.043982564488501914,0.03872548037073407,-0.011194177023005363,-0.0405894247559956,1989.2916666666445,2014.1249999999552,
Kal_flexLin,42/5_Kalman,c,5.053062366381226,0.05317657451406971,22,4,0.02862165229776183,0.1048073665045106,1.3753829705571632,0.0586640373299525,-0.007726724429691753,213.1843604363603,149.819481246075,0.04555737081565665,0.03763025044448077,-0.008431902185490812,-0.029892629116431212,1988.4583333333119,2014.2083333332885,
GAM_AR1,42/4_GAM_AR1,c,8.782502508296337,0.06673393669872199,20,0,0.13856056079079207,0.19763101797463903,1.1411769067228856,0.0696765416875812,-0.0042340818504931045,155.20005931431245,136.4135442860955,0.047185508688522844,0.039670277016034206,-0.00799745339628906,-0.03221704371751473,1989.0416666666447,2014.1249999999552,
CGWL10y_sfUKCP,44/44_EarthModel_CGWL,c,6.073306983013713,0.050178040840452715,0,0,0.9151915322458971,0.9151915322458971,1.6191303819132334,0.04696657777633011,0.004747153603828181,236.3930357593321,143.14013664889,0.04683395180346869,0.04001348654647405,-0.0006933878719825358,0.0033281521202850064,1987.7916666666458,2013.5416666666224,
