method_name,method_class,c/r,smooth_r,avg_unc.(1se),#q<0.5,#q<0.1,q_min,q_small5,log-likeli,RMS,bias,tlog-l,100log-l,100RMS,75RMS,100bias,bias50,xyear0.5,xyear1.0,xyear1.5
cent20y,42/1_Run_Means,r,1.0,0.02900997289153699,0,0,1.0,1.0,2.6392317181921183,0.0,0.0,409.08091631977834,241.1699609526177,0.0,0.0,0.0,0.0,1977.3749999999886,2005.3749999999632,
lowess1dg20wnc,42/3_ST_Fits,c,4.037394020472253,0.062196294476656554,0,0,0.9880745776216754,0.9880745776216754,1.6393986577010182,0.044665303595631076,-0.011655537276446748,254.1067919436578,149.11420543822626,0.04056232866154053,0.03922147611882167,-0.01765556565443402,-0.03104788246728426,1980.2083333333194,2005.3749999999632,
Kal_flexLin,42/5_Kalman,c,5.13686107836703,0.05317657451406971,0,0,0.9847712158023437,0.9847712158023437,1.6811465446688911,0.04478014901962604,-0.01057807060109566,260.5777144236781,160.04114815242104,0.0391035667815747,0.03675062948016997,-0.013171032019403303,-0.02215568000238028,1979.5416666666533,2004.9583333332969,2023.791666666613
GAM_AR1,42/4_GAM_AR1,c,3.082010547885489,0.03948353214286793,48,16,0.0001591470883938653,0.011278437314811538,1.1197252436547953,0.05556883511038822,-0.032316184202433484,152.28263313705216,62.71579597427102,0.0629441492866619,0.06568171179734902,-0.05099955752337946,-0.07003079825834209,1983.5416666666497,2005.8749999999627,
CGWL10y_sfUKCP,44/44_EarthModel_CGWL,c,5.909655027112065,0.050007809938923,0,0,0.9408888888888888,0.9408888888888888,1.6646271235753005,0.043974570657861,-0.007460997155319967,243.03556004199388,151.1531519253015,0.0417649596525354,0.0406358910128635,-0.007146239375464649,-0.0010855986203145832,1979.0416666666538,2004.2916666666308,
