method_name,method_class,c/r,smooth_r,avg_unc.(1se),#q<0.5,#q<0.1,q_min,q_small5,log-likeli,RMS,bias,tlog-l,100log-l,100RMS,75RMS,100bias,bias50,xyear0.5,xyear1.0,xyear1.5
cent20y,42/1_Run_Means,r,1.0,0.027880982825362322,0,0,1.0,1.0,2.673761942013916,0.0,0.0,414.43310101215695,241.88939553820444,0.0,0.0,0.0,0.0,1975.8749999999964,2004.9583333333032,
GWI_anthro_CGWL,43/3_Human_Induced,c,2.949539460716636,0.07555773436255908,13,0,0.4287740319783222,0.4287740319783222,0.8970108935010818,0.09421875007625402,-0.06206066279623034,63.687773438576805,63.68777343857681,0.09421875007625402,0.09421875007625402,-0.06206066279623033,-0.11012555093894595,1982.541666666657,2011.1249999999643,
GWI_anthro_SR15,43/3_Human_Induced,c,2.6799183792805894,0.06853569371296353,9,0,0.46010883190376994,0.46010883190376994,1.1125648314619223,0.07625386721228672,-0.039540734654773244,78.99210303379648,78.99210303379648,0.07625386721228672,0.07625386721228672,-0.039540734654773244,-0.08300197615642185,1979.8749999999927,2009.708333333299,
GWI_anthro,43/3_Human_Induced,c,2.891641896070032,0.07116252139405654,13,0,0.455743338305397,0.455743338305397,1.0216481117151672,0.08347784865130428,-0.04715932633437549,72.53701593177688,72.53701593177686,0.08347784865130428,0.08347784865130428,-0.04715932633437549,-0.09325930695993737,1980.291666666659,2010.2083333332985,
FaIR_nonat_unB,43/1_ERF_FaIR,c,1.9233214560459586,0.02821496609161678,56,0,0.22671422909235037,0.22671422909235037,1.5620599252283538,0.043110808364409496,-0.02024526526211919,142.1474531957802,142.1474531957802,0.043110808364409496,0.04065158588637842,-0.02024526526211919,0.00811565399259756,1977.6249999999948,2001.7083333333062,
FaIR_anthro_unB,43/1_ERF_FaIR,c,2.0556001822585346,0.025656256981498118,58,28,0.08656361474435195,0.08656361474435195,0.8738953926636689,0.04840973398212983,-0.0336501608452081,79.52448073239387,79.52448073239385,0.04840973398212983,0.04105474920695071,-0.03365016084520811,-0.007285497391827742,1977.374999999995,2003.1249999999716,
