method_name,method_class,c/r,smooth_r,avg_unc.(1se),#q<0.5,#q<0.1,q_min,q_small5,log-likeli,RMS,bias,tlog-l,100log-l,100RMS,75RMS,100bias,bias50,xyear0.5,xyear1.0,xyear1.5
cent20y,42/1_Run_Means,r,1.0,0.03246361689467424,0,0,1.0,1.0,2.5254873711040067,0.0,0.0,391.45054252112106,232.4049610499227,0.0,0.0,0.0,0.0,1985.0416666666483,2010.5416666666251,
lowess1dg20wnc,42/3_ST_Fits,c,3.905225013790975,0.1959446138037985,0,0,0.9987949641770175,0.9987949641770175,0.6639524985988972,0.0638058968208297,-0.01389464503137092,102.91263728282905,44.50986362086519,0.05189743661058645,0.04831556506770696,-0.009191566817208108,-0.03810434694178489,1987.541666666646,2012.8749999999563,
Kal_flexLin,42/5_Kalman,c,5.805078520301186,0.05317657451406971,24,5,0.08459438083716195,0.08459438083716195,1.314173539925613,0.061618366478031636,-0.006377633231094373,203.69689868847,141.28259355631425,0.05031701094637383,0.04193951928912134,-0.00616023934324024,-0.026623554629414237,1987.0416666666465,2013.4583333332891,
GAM_AR1,42/4_GAM_AR1,c,8.885838054622825,0.06530861582636611,17,1,0.08298342843311673,0.1534652912553452,1.1294429856230936,0.07091525597400278,-0.0033743739975997276,153.60424604474073,131.36616546661372,0.0537545699034697,0.04444206643770676,-0.005811817495720821,-0.028180806933474033,1986.87499999998,2013.2916666666226,
CGWL10y_sfUKCP,44/44_EarthModel_CGWL,c,6.835288857064964,0.050846365971430656,0,0,0.9280620155038759,0.9280620155038759,1.6549652081911765,0.04602110708095279,0.0046384117713904206,241.62492039591177,145.58486987361744,0.04633532420031637,0.03705090670034799,-0.0038161656063377155,0.0038580178533316354,1986.3749999999804,2009.7083333332926,
