method_name,method_class,c/r,smooth_r,avg_unc.(1se),#q<0.5,#q<0.1,q_min,q_small5,log-likeli,RMS,bias,tlog-l,100log-l,100RMS,75RMS,100bias,bias50,xyear0.5,xyear1.0,xyear1.5
cent20y,42/1_Run_Means,r,1.0,0.02740385441757189,0,0,1.0,1.0,2.6901363999944206,0.0,0.0,416.97114199913517,241.8918753840705,0.0,0.0,0.0,0.0,1985.8749999999873,2011.5416666666306,
GWI_anthro_CGWL,43/3_Human_Induced,c,2.7345552008246794,0.08088417162806039,0,0,0.9982080221612943,0.9982080221612943,1.4472609879099225,0.03781330692907099,-0.0005757117079327803,102.7555301416045,102.75553014160451,0.037813306929071,0.037813306929071,-0.0005757117079327803,-0.011068398883702906,1986.0416666666538,2015.2916666666272,
GWI_anthro_SR15,43/3_Human_Induced,c,2.506250806964218,0.07260213975034036,0,0,0.9540063746240569,0.9540063746240569,1.4659700683037296,0.0446468416641687,0.002638470859297067,104.0838748495648,104.08387484956478,0.0446468416641687,0.0446468416641687,0.002638470859297067,-0.015039806742078604,1986.3749999999868,2015.3749999999604,
GWI_anthro,43/3_Human_Induced,c,2.5945416246966597,0.07583042990347559,0,0,0.9993364869302965,0.9993364869302965,1.4646698261523932,0.04117942784202881,0.0018447655938317014,103.99155765681991,103.99155765681991,0.04117942784202882,0.04117942784202882,0.0018447655938317014,-0.01249053709268616,1985.8749999999873,2015.2916666666272,
FaIR_nonat_unB,43/1_ERF_FaIR,c,2.124364664489344,0.02807709765411947,0,0,0.9900332225913622,0.9900332225913622,2.2499640725867596,0.024524398626663467,0.004166788537907024,204.74673060539513,204.74673060539516,0.024524398626663464,0.0236917796530215,0.004166788537907025,0.010151871151063042,1986.45833333332,2012.7083333332962,
