method_name,method_class,c/r,smooth_r,avg_unc.(1se),#q<0.5,#q<0.1,q_min,q_small5,log-likeli,RMS,bias,tlog-l,100log-l,100RMS,75RMS,100bias,bias50,xyear0.5,xyear1.0,xyear1.5
cent20y,42/1_Run_Means,r,1.0,0.032683734697645433,0,0,1.0,1.0,2.514574438452129,0.0,0.0,389.75903796008,232.66964713432867,0.0,0.0,0.0,0.0,1984.958333333315,2009.9583333332923,
lowess1dg20wnc,42/3_ST_Fits,c,3.8346594187249075,0.2003593989688541,0,0,0.9981878737236342,0.9981878737236342,0.648935385455687,0.05966903713515911,-0.006230292289486279,100.58498474563149,45.56330454687645,0.046065272858178206,0.042461797655227694,-0.011672692048099318,-0.03869777124155562,1987.541666666646,2012.3749999999568,
Kal_flexLin,42/5_Kalman,c,5.274980013392872,0.05317657451406971,20,4,0.08987871391431412,0.15078166289368314,1.4089052019873898,0.05729882868131581,-0.00846001498334653,218.38030630804542,149.65361525734858,0.04565457450916897,0.040237218571450045,-0.008214813974191234,-0.027976463430424814,1987.208333333313,2013.0416666666229,
GAM_AR1,42/4_GAM_AR1,c,6.600972530090072,0.0661258211875248,14,0,0.16043042688137932,0.16043042688137932,1.1983246826210945,0.06733915962809725,-0.0032421157295365608,162.97215683646886,138.79708444049734,0.046220284047580225,0.040365538583551165,-0.006159974377755394,-0.027878755133830257,1987.0416666666465,2012.791666666623,
CGWL10y_sfUKCP,44/44_EarthModel_CGWL,c,5.701728009966135,0.05057603963200123,0,0,0.9815126050420168,0.9815126050420168,1.6328956253632034,0.0452033412514246,0.0001274757108401818,238.40276130302772,147.70965965293266,0.043422969430093376,0.037842516544532155,-0.005390183095104798,0.0013254715572357542,1986.4583333333137,2009.9583333332923,
