method_name,method_class,c/r,smooth_r,avg_unc.(1se),#q<0.5,#q<0.1,q_min,q_small5,log-likeli,RMS,bias,tlog-l,100log-l,100RMS,75RMS,100bias,bias50,xyear0.5,xyear1.0,xyear1.5
cent20y,42/1_Run_Means,r,1.0,0.027095293646811312,0,0,1.0,1.0,2.699784786534402,0.0,0.0,418.4666419128323,243.5367000327922,0.0,0.0,0.0,0.0,1984.5416666666488,2010.6249999999584,
lowess1dg20wnc,42/3_ST_Fits,c,3.4308792233139527,0.16595246886899157,0,0,0.9999726748552015,0.9999726748552015,0.8290423071639826,0.04962881162809444,-0.012899208970881293,128.5015576104173,60.24991639937856,0.04878090999761598,0.04712669631674192,-0.015323461856663655,-0.03948036887124534,1987.0416666666465,2013.7916666666222,
Kal_flexLin,42/5_Kalman,c,4.642560398776303,0.05317657451406971,0,0,0.8169325105740449,0.8169325105740449,1.6419752251385498,0.046719862942683064,-0.01106814445200469,254.5061598964752,153.9683528372962,0.04305463771278685,0.04216330324381642,-0.00996360359454061,-0.027435454731016096,1986.4583333333137,2014.041666666622,
GAM_AR1,42/4_GAM_AR1,c,6.84737972508028,0.045168121848432066,51,1,0.05358187687284797,0.20876505525438957,1.4014233827475588,0.05122650610560389,-0.005499173975671394,190.593580053668,136.25071872320024,0.048321135639620226,0.04452200336247406,-0.01279356496366999,-0.027316417798356068,1986.3749999999804,2013.7916666666222,
CGWL10y_sfUKCP,44/44_EarthModel_CGWL,c,6.126881080094028,0.05029233649613396,0,0,0.889904761904762,0.889904761904762,1.601318627734619,0.04587549260966896,0.0014367791740215277,233.79251964925436,151.5856058982821,0.040211498225733125,0.037840905528827226,0.003427630540855743,0.00724056967501642,1985.6249999999811,2013.1249999999561,
