method_name,method_class,c/r,smooth_r,avg_unc.(1se),#q<0.5,#q<0.1,q_min,q_small5,log-likeli,RMS,bias,tlog-l,100log-l,100RMS,75RMS,100bias,bias50,xyear0.5,xyear1.0,xyear1.5
cent20y,42/1_Run_Means,r,1.0,0.02922150360038629,0,0,1.0,1.0,2.6329672469411642,0.0,0.0,408.1099232758805,237.95143874075876,0.0,0.0,0.0,0.0,1984.9583333333214,2010.2083333332985,
GWI_anthro_CGWL,43/3_Human_Induced,c,2.69893082264376,0.07092613602856294,0,0,0.7573625683026103,0.7573625683026103,1.3541131948136975,0.06091375339990287,-0.05352890240828336,96.14203683177253,96.14203683177254,0.060913753399902876,0.060913753399902876,-0.05352890240828336,-0.053419531221508415,1987.1249999999861,2014.291666666628,
GWI_anthro_SR15,43/3_Human_Induced,c,2.4654212801869124,0.06597144474421021,0,0,0.9121215617468431,0.9121215617468431,1.4889057538245192,0.05255012771130378,-0.04179265377243361,105.71230852154086,105.71230852154088,0.05255012771130378,0.05255012771130378,-0.04179265377243361,-0.043524145937423875,1987.0416666666529,2014.1249999999616,
GWI_anthro,43/3_Human_Induced,c,2.5208286903110673,0.06776844364668716,0,0,0.864509615394507,0.864509615394507,1.4474628201013269,0.05467337315416297,-0.04566905072010112,102.7698602271942,102.76986022719421,0.05467337315416297,0.05467337315416297,-0.04566905072010112,-0.0471673166806711,1986.9583333333196,2014.2083333332948,
FaIR_nonat_unB,43/1_ERF_FaIR,c,5.440029534354264,0.029251501592060185,68,52,1.5190202795737044e-24,1.3634223502049604e-23,-1137.4070086852441,0.41616551586041534,0.23985674868362322,-103504.03779035722,-103504.03779035722,0.4161655158604153,0.30232173262764916,0.2398567486836232,-0.01778267022767892,1986.6249999999866,2011.2916666666308,
