method_name,method_class,c/r,smooth_r,avg_unc.(1se),#q<0.5,#q<0.1,q_min,q_small5,log-likeli,RMS,bias,tlog-l,100log-l,100RMS,75RMS,100bias,bias50,xyear0.5,xyear1.0,xyear1.5
cent20y,42/1_Run_Means,r,1.0,0.028894750184306952,0,0,1.0,1.0,2.6353216496304297,0.0,0.0,408.4748556927166,238.124120984507,0.0,0.0,0.0,0.0,1987.6249999999857,2012.7083333332962,
GWI_anthro_CGWL,43/3_Human_Induced,c,2.6979449431491407,0.0831498639497144,0,0,0.992782390102486,0.992782390102486,1.3679806865460389,0.053846897270925204,-0.010975348516541741,97.12662874476877,97.12662874476877,0.053846897270925204,0.053846897270925204,-0.010975348516541741,0.016790287913716572,1987.0416666666529,2014.2083333332948,
GWI_anthro_SR15,43/3_Human_Induced,c,2.496838148450382,0.07534763703235792,0,0,0.9078841987337251,0.9078841987337251,1.4601453891744962,0.050206671489555973,-0.01072791329238216,103.67032263138923,103.67032263138923,0.05020667148955597,0.05020667148955597,-0.01072791329238216,0.006282022301187162,1987.5416666666524,2014.6249999999611,
GWI_anthro,43/3_Human_Induced,c,2.6283123904709895,0.07855542785444039,0,0,0.9753254228643395,0.9753254228643395,1.4367746426177475,0.05060170655548043,-0.010398870293105135,102.01099962586007,102.01099962586008,0.05060170655548043,0.05060170655548043,-0.010398870293105133,0.011245046594212615,1987.0416666666529,2014.3749999999613,
FaIR_nonat_unB,43/1_ERF_FaIR,c,2.3069324213772644,0.027785772290575387,46,13,0.09618179416039106,0.09618179416039106,1.1582239724365648,0.0505830155404384,0.037772870411046926,105.3983814917274,105.3983814917274,0.0505830155404384,0.039892693299848646,0.03777287041104693,0.017113831073994758,1988.1249999999852,2013.3749999999623,
FaIR_anthro_unB,43/1_ERF_FaIR,c,2.1912686723979093,0.024187880730448492,71,46,0.07814770775531775,0.07814770775531775,-0.06863904854760285,0.054736289038390264,0.04624559509951093,-6.246153417831859,-6.246153417831854,0.05473628903839026,0.049004553665048335,0.04624559509951093,0.02966843477598698,1986.124999999987,2013.2083333332957,
