method_name,method_class,c/r,smooth_r,avg_unc.(1se),#q<0.5,#q<0.1,q_min,q_small5,log-likeli,RMS,bias,tlog-l,100log-l,100RMS,75RMS,100bias,bias50,xyear0.5,xyear1.0,xyear1.5
cent20y,42/1_Run_Means,r,1.0,0.03208834849178158,0,0,1.0,1.0,2.5339336720313894,0.0,0.0,392.7597191648654,233.60073547589485,0.0,0.0,0.0,0.0,1986.1249999999807,2011.791666666624,
lowess1dg20wnc,42/3_ST_Fits,c,4.021117021258658,0.06878213559839269,4,0,0.23003982465327397,0.5916830024941835,1.3503260484307265,0.05876850286016988,-0.014082356588406474,209.3005375067626,136.7544261986357,0.04753718935472345,0.042275664713392086,-0.01078459610050096,-0.03930341847846226,1988.7083333333117,2014.041666666622,
Kal_flexLin,42/5_Kalman,c,5.661872034485609,0.05317657451406971,18,0,0.13650392760468513,0.18468764655390987,1.4590847941491858,0.05517144935808733,-0.008256182416409383,226.1581430931238,147.11430186379494,0.04711767893018432,0.03842647718833425,-0.007742406694419157,-0.028283340938141565,1987.7083333333126,2014.1249999999552,
GAM_AR1,42/4_GAM_AR1,c,6.09788514650767,0.062123121381558316,10,0,0.3026858628502384,0.36374998612820186,1.314175899220287,0.05926940442950051,-0.0023711734694755564,178.72792229395904,139.51944229958377,0.047567913642565504,0.038784803706514256,-0.007225112265936742,-0.03046732426670835,1987.6249999999793,2014.041666666622,
CGWL10y_sfUKCP,44/44_EarthModel_CGWL,c,6.155622188838897,0.050558222902397955,0,0,0.9426771653543307,0.9426771653543307,1.6524660789823526,0.04549229045141901,0.005287189931506279,241.26004753142348,147.3836575969442,0.04541455981753206,0.03868014247860222,-0.0015649920942255344,0.005516719434075393,1987.208333333313,2013.2083333332894,
