method_name,method_class,c/r,smooth_r,avg_unc.(1se),#q<0.5,#q<0.1,q_min,q_small5,log-likeli,RMS,bias,tlog-l,100log-l,100RMS,75RMS,100bias,bias50,xyear0.5,xyear1.0,xyear1.5
cent20y,42/1_Run_Means,r,1.0,0.03021889285564636,0,0,1.0,1.0,2.594077316301561,0.0,0.0,402.08198402674196,238.7021870794736,0.0,0.0,0.0,0.0,1985.0416666666547,2010.374999999965,
GWI_anthro_CGWL,43/3_Human_Induced,c,2.4712305359007063,0.08211513777142375,0,0,0.9371830288091539,0.9371830288091539,1.324303124373112,0.0618894799497678,0.004667689412428766,94.02552183049096,94.02552183049096,0.06188947994976781,0.06188947994976781,0.004667689412428766,0.04194610491879524,1982.87499999999,2009.1249999999661,
GWI_anthro_SR15,43/3_Human_Induced,c,2.2932089441954795,0.07390348112006279,0,0,0.9140922487905381,0.9140922487905381,1.4289662398715268,0.05613555096876267,0.002508904645873446,101.4566030308784,101.4566030308784,0.05613555096876267,0.05613555096876267,0.0025089046458734465,0.029104339854522814,1985.0416666666547,2009.2083333332994,
GWI_anthro,43/3_Human_Induced,c,2.424886398601131,0.0773524345958718,0,0,0.9215924049762251,0.9215924049762251,1.4017666684190742,0.057450370682477256,0.0033343207529709447,99.52543345775426,99.52543345775426,0.057450370682477256,0.057450370682477256,0.0033343207529709443,0.034750948387041944,1983.7083333333226,2009.5416666666324,
FaIR_nonat_unB,43/1_ERF_FaIR,c,4.717962958587808,0.027409483038474007,65,35,3.192886924078792e-22,7.974473619254467e-21,-1094.7006264932686,0.3907582537153296,0.23624425995845075,-99617.75701088745,-99617.75701088745,0.3907582537153296,0.274261325922722,0.23624425995845072,-0.0033125316791016942,1986.2916666666536,2011.374999999964,
