method_name,method_class,c/r,smooth_r,avg_unc.(1se),#q<0.5,#q<0.1,q_min,q_small5,log-likeli,RMS,bias,tlog-l,100log-l,100RMS,75RMS,100bias,bias50,xyear0.5,xyear1.0,xyear1.5
cent20y,42/1_Run_Means,r,1.0,0.03224894241452354,0,0,1.0,1.0,2.530616671113163,0.0,0.0,392.24558402254024,233.04785374889622,0.0,0.0,0.0,0.0,1985.0416666666547,2010.4583333332982,
GWI_anthro_CGWL,43/3_Human_Induced,c,2.3837496007054066,0.09259866052879892,0,0,0.7456366782977486,0.7456366782977486,1.0546749676785048,0.091403243975916,0.01018107847154537,74.88192270517384,74.88192270517382,0.091403243975916,0.091403243975916,0.01018107847154537,0.06477939456426263,1980.7916666666586,2009.1249999999661,
GWI_anthro_SR15,43/3_Human_Induced,c,2.1732351097412015,0.08314540193579713,0,0,0.8391958907979506,0.8391958907979506,1.1843244283782677,0.07763014702631467,0.004185033234702767,84.087034414857,84.087034414857,0.07763014702631468,0.07763014702631467,0.004185033234702768,0.04741006378059331,1983.541666666656,2009.2083333332994,
GWI_anthro,43/3_Human_Induced,c,2.409888303710177,0.08701172100026856,0,0,0.7417532940389033,0.7417532940389033,1.1273259681797279,0.08335238071038384,0.006353381890609597,80.04014374076068,80.04014374076067,0.08335238071038384,0.08335238071038384,0.006353381890609597,0.05483144765076088,1982.541666666657,2009.5416666666324,
FaIR_nonat_unB,43/1_ERF_FaIR,c,4.369387831053996,0.02463848302664457,48,39,6.143175708901865e-22,1.3381412114112927e-21,-1048.7136837023372,0.35624586833463784,0.22015292147193327,-95432.94521691269,-95432.94521691269,0.35624586833463784,0.2532473665863067,0.2201529214719333,0.0067994526681493875,1985.9583333333205,2011.2083333332976,
FaIR_anthro_unB,43/1_ERF_FaIR,c,4.10661806260011,0.02352212932406153,56,41,8.9485018627462e-27,1.2968234967082168e-23,-1294.535197979909,0.338035380779482,0.2167696627350742,-117802.70301617173,-117802.70301617173,0.338035380779482,0.24235175546253337,0.21676966273507417,0.018050282799255166,1985.0416666666547,2010.6249999999648,
