method_name,method_class,c/r,smooth_r,avg_unc.(1se),#q<0.5,#q<0.1,q_min,q_small5,log-likeli,RMS,bias,tlog-l,100log-l,100RMS,75RMS,100bias,bias50,xyear0.5,xyear1.0,xyear1.5
cent20y,42/1_Run_Means,r,1.0,0.032590659406139685,0,0,1.0,1.0,2.521344022372416,0.0,0.0,390.8083234677245,233.35714503048155,0.0,0.0,0.0,0.0,1984.8749999999882,2010.2083333332985,
GWI_anthro_CGWL,43/3_Human_Induced,c,2.38153280156319,0.09350268672015337,0,0,0.9120586474447815,0.9120586474447815,1.1060625828805548,0.0854487290281239,0.017446092973067855,78.53044338451939,78.5304433845194,0.0854487290281239,0.0854487290281239,0.017446092973067852,0.0667530369083713,1980.3749999999923,2008.8749999999663,
GWI_anthro_SR15,43/3_Human_Induced,c,2.158785209743299,0.08346508918541054,0,0,0.9646733472628679,0.9646733472628679,1.2338621706728488,0.07163453509961963,0.010474859754952909,87.60421411777226,87.60421411777227,0.07163453509961963,0.07163453509961963,0.010474859754952909,0.04733376796497607,1983.3749999999895,2009.0416666666329,
GWI_anthro,43/3_Human_Induced,c,2.3780646953263407,0.08762374447494616,0,0,0.91259563973194,0.91259563973194,1.17977740625327,0.07722330570378336,0.013013212916856915,83.76419584398217,83.76419584398217,0.07722330570378336,0.07722330570378336,0.013013212916856911,0.05571733980039047,1982.2916666666572,2009.5416666666324,
FaIR_nonat_unB,43/1_ERF_FaIR,c,4.3909402608350545,0.02441464390580067,54,40,4.56222619593179e-27,1.2529129884385221e-21,-1005.280502946665,0.3418721592426838,0.20564978177997326,-91480.52576814652,-91480.52576814652,0.3418721592426838,0.24320337739655948,0.20564978177997323,-0.004218916314102664,1986.3749999999868,2011.4583333332973,
