method_name,method_class,c/r,smooth_r,avg_unc.(1se),#q<0.5,#q<0.1,q_min,q_small5,log-likeli,RMS,bias,tlog-l,100log-l,100RMS,75RMS,100bias,bias50,xyear0.5,xyear1.0,xyear1.5
cent20y,42/1_Run_Means,r,1.0,0.03208834849178158,0,0,1.0,1.0,2.5339336720313894,0.0,0.0,392.7597191648654,233.60073547589485,0.0,0.0,0.0,0.0,1986.124999999987,2011.7916666666304,
GWI_anthro_CGWL,43/3_Human_Induced,c,2.274390372814701,0.09111677017333795,0,0,0.9393677954563551,0.9393677954563551,1.1590826440666064,0.08007864439192569,0.020099561186443803,82.29486772872906,82.29486772872906,0.08007864439192568,0.08007864439192568,0.0200995611864438,0.06748959075705366,1982.208333333324,2009.7916666666322,
GWI_anthro_SR15,43/3_Human_Induced,c,2.0908264484862333,0.0813626758020301,0,0,0.9451927019269584,0.9451927019269584,1.2828162112898684,0.06700094565390258,0.014095646910808423,91.07995100158067,91.07995100158067,0.06700094565390258,0.06700094565390258,0.014095646910808427,0.04910773332640978,1984.791666666655,2010.374999999965,
GWI_anthro,43/3_Human_Induced,c,2.2961883599758894,0.0854082740426568,0,0,0.9857565751646618,0.9857565751646618,1.2289658547163167,0.07218544369021071,0.016368879773361097,87.25657568485849,87.25657568485849,0.07218544369021071,0.07218544369021071,0.016368879773361097,0.057045683481416136,1983.208333333323,2010.708333333298,
FaIR_nonat_unB,43/1_ERF_FaIR,c,1.7817691559551916,0.024392920464837837,9,1,0.040618622054614924,0.38667681412587096,1.642224569060665,0.03204206736754085,-0.00034255104012563406,149.4424357845205,149.44243578452048,0.03204206736754085,0.023518442552897843,-0.00034255104012563406,-0.005019569623883947,1987.2083333333194,2012.5416666666297,
