method_name,method_class,c/r,smooth_r,avg_unc.(1se),#q<0.5,#q<0.1,q_min,q_small5,log-likeli,RMS,bias,tlog-l,100log-l,100RMS,75RMS,100bias,bias50,xyear0.5,xyear1.0,xyear1.5
cent20y,42/1_Run_Means,r,1.0,0.02936268050699291,0,0,1.0,1.0,2.6250397910168175,0.0,0.0,406.8811676076067,238.65772474886086,0.0,0.0,0.0,0.0,1988.6249999999848,2013.7916666666285,
GWI_anthro_CGWL,43/3_Human_Induced,c,2.344619532689918,0.08333508968742312,0,0,0.9879759528103778,0.9879759528103778,1.36467343323625,0.052605491429143086,-0.015887404965797762,96.89181375977375,96.89181375977377,0.052605491429143086,0.052605491429143086,-0.015887404965797762,0.011217608869018892,1988.374999999985,2015.1249999999607,
GWI_anthro_SR15,43/3_Human_Induced,c,2.1861696892095654,0.07588870863892508,0,0,0.9385459116322625,0.9385459116322625,1.469743087124555,0.04787329681713533,-0.014524232776785691,104.3517591858434,104.3517591858434,0.04787329681713533,0.04787329681713533,-0.014524232776785691,0.0023340364760095988,1988.9583333333178,2015.4583333332937,
GWI_anthro,43/3_Human_Induced,c,2.35546293204415,0.07892774410894574,0,0,0.9695852301119026,0.9695852301119026,1.4392489701762443,0.048954230430560824,-0.01448515370459011,102.18667688251334,102.18667688251335,0.048954230430560824,0.048954230430560824,-0.01448515370459011,0.00669800650759661,1988.4583333333183,2015.2916666666272,
FaIR_nonat_unB,43/1_ERF_FaIR,c,2.3361446874422103,0.0270530173122993,48,0,0.15148632580261595,0.15148632580261595,1.3227434276269785,0.04450704942098897,0.03535530799858343,120.36965191405504,120.36965191405507,0.04450704942098897,0.041650092171214695,0.03535530799858343,0.023798508287662293,1988.9583333333178,2013.7916666666285,
FaIR_anthro_unB,43/1_ERF_FaIR,c,2.1695402112664937,0.02378822003883929,69,24,0.05453681972472948,0.05453681972472948,-1.147316207732258,0.05374687966923189,0.04535386351201689,-104.40577490363549,-104.40577490363549,0.05374687966923189,0.05504877598676163,0.04535386351201689,0.03971990187803297,1987.374999999986,2013.5416666666288,
