method_name,method_class,c/r,smooth_r,avg_unc.(1se),#q<0.5,#q<0.1,q_min,q_small5,log-likeli,RMS,bias,tlog-l,100log-l,100RMS,75RMS,100bias,bias50,xyear0.5,xyear1.0,xyear1.5
cent20y,42/1_Run_Means,r,1.0,0.02922150360038629,0,0,1.0,1.0,2.6329672469411642,0.0,0.0,408.1099232758805,237.95143874075876,0.0,0.0,0.0,0.0,1984.958333333315,2010.208333333292,
lowess1dg20wnc,42/3_ST_Fits,c,3.7758641394568384,0.2252503874068091,0,0,0.9998611722602173,0.9998611722602173,0.5643509293647122,0.04453165932992245,-0.010211118381116144,87.4743940515304,35.29771614334801,0.044282134157546095,0.042164416484834474,-0.0178351825192505,-0.03092818302951737,1986.3749999999804,2013.0416666666229,
Kal_flexLin,42/5_Kalman,c,5.053697953353366,0.05317657451406971,0,0,0.9449195903951546,0.9449195903951546,1.6550354142244585,0.04593884831514083,-0.01004723486869737,256.5304892047911,153.76353026702742,0.043181597239733666,0.03956249698263399,-0.013333146489641057,-0.02175870625552232,1985.7916666666476,2013.2083333332894,
GAM_AR1,42/4_GAM_AR1,c,3.6775330387615393,0.03894661632472247,43,16,3.1496430217935203e-06,0.002387575958104494,1.0334857456974975,0.05546261383016732,-0.029986616504493052,140.55406141485966,51.535451181324156,0.06242536402214576,0.0641266423521973,-0.047978097862237806,-0.06105270939818439,1988.7083333333117,2012.8749999999563,
CGWL10y_sfUKCP,44/44_EarthModel_CGWL,c,6.090265787547862,0.05049207311484122,0,0,0.8864285714285716,0.8864285714285716,1.6274635627413625,0.0453068257121456,-0.010666720021019736,237.60968016023892,146.96293505397023,0.04352912675547294,0.04063423196670966,-0.010950524092700828,-0.006484972160101013,1985.874999999981,2011.6249999999575,
