method_name,method_class,c/r,smooth_r,avg_unc.(1se),#q<0.5,#q<0.1,q_min,q_small5,log-likeli,RMS,bias,tlog-l,100log-l,100RMS,75RMS,100bias,bias50,xyear0.5,xyear1.0,xyear1.5
cent20y,42/1_Run_Means,r,1.0,0.032683734697645433,0,0,1.0,1.0,2.514574438452129,0.0,0.0,389.75903796008,232.66964713432867,0.0,0.0,0.0,0.0,1984.9583333333214,2009.9583333332987,
GWI_anthro_CGWL,43/3_Human_Induced,c,2.31088540294468,0.0901378734428606,0,0,0.9714456019305439,0.9714456019305439,1.229674558552686,0.07387363501905334,0.02256904718955019,87.3068936572407,87.30689365724069,0.07387363501905334,0.07387363501905334,0.02256904718955019,0.06382404062353574,1980.624999999992,2008.6249999999666,
GWI_anthro_SR15,43/3_Human_Induced,c,2.120520879650588,0.08038119458496468,0,0,0.9844852715512818,0.9844852715512818,1.3343039057228847,0.06267229165409197,0.016764918768739506,94.73557730632481,94.73557730632481,0.06267229165409195,0.06267229165409195,0.016764918768739506,0.04604574825605617,1983.4583333333228,2008.5416666666333,
GWI_anthro,43/3_Human_Induced,c,2.3073047273766742,0.0843927403230421,0,0,0.9732678016179597,0.9732678016179597,1.2929925941692326,0.06680773909509029,0.018871961522865615,91.80247418601552,91.80247418601553,0.06680773909509029,0.06680773909509029,0.018871961522865615,0.05368510784187399,1982.3749999999905,2009.2916666666326,
FaIR_nonat_unB,43/1_ERF_FaIR,c,4.582880211615905,0.02484527957253557,58,39,3.9618508347874534e-22,4.574557103345447e-22,-1181.7695760077722,0.36582121973053866,0.21726292657217308,-107541.03141670726,-107541.03141670726,0.36582121973053866,0.261467959884196,0.21726292657217308,-0.008883398298068269,1986.2083333333203,2011.041666666631,
FaIR_anthro_unB,43/1_ERF_FaIR,c,4.3594857009613115,0.023376281912571753,51,41,3.272043765123001e-27,4.755030021309045e-25,-1501.290835193253,0.34890075415895744,0.21595406632654948,-136617.46600258604,-136617.46600258606,0.3489007541589575,0.25096341477254747,0.21595406632654954,0.0029676375455478894,1985.6249999999875,2010.8749999999645,
