method_name,method_class,c/r,smooth_r,avg_unc.(1se),#q<0.5,#q<0.1,q_min,q_small5,log-likeli,RMS,bias,tlog-l,100log-l,100RMS,75RMS,100bias,bias50,xyear0.5,xyear1.0,xyear1.5
cent20y,42/1_Run_Means,r,1.0,0.026845335278294972,0,0,1.0,1.0,2.7107088927521295,0.0,0.0,420.1598783765801,244.62726152756295,0.0,0.0,0.0,0.0,1984.458333333322,2010.708333333298,
GWI_anthro_CGWL,43/3_Human_Induced,c,3.0018339237820744,0.08096304771027629,0,0,0.9607875401764125,0.9607875401764125,1.3684260141272429,0.04426035507609799,-0.012419805502834329,97.15824700303425,97.15824700303423,0.04426035507609799,0.04426035507609799,-0.012419805502834332,-0.03473874422730285,1986.0416666666538,2015.3749999999604,
GWI_anthro_SR15,43/3_Human_Induced,c,2.750038248243559,0.07256223858045606,0,0,0.991952177783207,0.991952177783207,1.3991872243806425,0.049127865049160516,-0.005271942023559275,99.34229293102561,99.34229293102561,0.049127865049160516,0.049127865049160516,-0.005271942023559275,-0.03307297921166323,1986.124999999987,2015.3749999999604,
GWI_anthro,43/3_Human_Induced,c,2.862833682313496,0.07575316637063424,0,0,0.9988758851252806,0.9988758851252806,1.3925823255116443,0.04665275044401088,-0.007279880135204258,98.87334511132674,98.87334511132676,0.046652750444010876,0.04665275044401088,-0.007279880135204258,-0.03253066664693455,1985.7083333333208,2015.2916666666272,
FaIR_nonat_unB,43/1_ERF_FaIR,c,5.254504047394771,0.028317512717460025,63,39,1.1105653824343512e-16,2.6757453907350004e-15,-573.120090412158,0.3125762469319224,0.20832909375317252,-52153.92822750638,-52153.92822750639,0.3125762469319224,0.23303077450159015,0.20832909375317252,0.023907790181234057,1984.2083333333221,2010.9583333332978,
FaIR_anthro_unB,43/1_ERF_FaIR,c,5.46773564183143,0.02406153180376875,73,53,2.2556310691629575e-22,1.7653694742336165e-20,-991.8120191472682,0.29662159624497875,0.20787886925658777,-90254.8937424014,-90254.89374240141,0.29662159624497875,0.22474672398554887,0.20787886925658774,0.040214563337359406,1977.8749999999945,2010.4583333332982,
