method_name,method_class,c/r,smooth_r,avg_unc.(1se),#q<0.5,#q<0.1,q_min,q_small5,log-likeli,RMS,bias,tlog-l,100log-l,100RMS,75RMS,100bias,bias50,xyear0.5,xyear1.0,xyear1.5
cent20y,42/1_Run_Means,r,1.0,0.029227826307814588,0,0,1.0,1.0,2.6345343292723364,0.0,0.0,408.35282103721215,239.59225692155087,0.0,0.0,0.0,0.0,1976.9583333333287,2004.1249999999707,
GWI_anthro_CGWL,43/3_Human_Induced,c,2.7402241681666273,0.071163094371217,0,0,0.9047798040283576,0.9047798040283576,1.4443020229391133,0.05028057795353346,-0.02964236693738047,102.54544362867703,102.54544362867705,0.05028057795353347,0.05028057795353346,-0.029642366937380482,-0.0532567967628918,1980.291666666659,2005.1249999999698,
GWI_anthro_SR15,43/3_Human_Induced,c,2.4935422545222945,0.06551554775603059,0,0,0.9574120599187026,0.9574120599187026,1.5181608457353266,0.046381634847028105,-0.01635308406970554,107.7894200472082,107.78942004720818,0.0463816348470281,0.0463816348470281,-0.016353084069705537,-0.04085148030479069,1980.0416666666592,2004.2916666666372,
GWI_anthro,43/3_Human_Induced,c,2.578233490568614,0.06754532201994345,0,0,0.9295342292637641,0.9295342292637641,1.4928302544093017,0.04741308072684654,-0.020828495664755278,105.99094806306042,105.99094806306043,0.04741308072684653,0.047413080726846524,-0.020828495664755278,-0.04536197322808562,1980.0416666666592,2004.7916666666367,
FaIR_nonat_unB,43/1_ERF_FaIR,c,1.7809320891497562,0.028200689512476722,39,0,0.29662698412698413,0.29662698412698413,1.7582105290576626,0.03740198283436727,-0.021590682243722886,159.9971581442473,159.9971581442473,0.03740198283436727,0.03950339534198639,-0.021590682243722882,-0.01172633654951387,1979.0416666666601,2001.5416666666397,
