method_name,method_class,c/r,smooth_r,avg_unc.(1se),#q<0.5,#q<0.1,q_min,q_small5,log-likeli,RMS,bias,tlog-l,100log-l,100RMS,75RMS,100bias,bias50,xyear0.5,xyear1.0,xyear1.5
cent20y,42/1_Run_Means,r,1.0,0.028539211291600294,0,0,1.0,1.0,2.650731056948727,0.0,0.0,410.8633138270527,240.28669394317896,0.0,0.0,0.0,0.0,1992.041666666642,,
lowess1dg20wnc,42/3_ST_Fits,c,3.2839303672961404,0.046530818219462824,0,0,0.5466032167033591,0.5466032167033591,1.5410755678626866,0.04972168959810949,-0.014394966909846927,238.86671301871644,137.28549521369393,0.05024902950510922,0.04515918965266554,-0.016220383996788445,-0.035706911263067985,1994.4583333333064,2017.2083333332857,
Kal_flexLin,42/5_Kalman,c,4.546309075791323,0.05317657451406971,0,0,0.8371633899482824,0.8371633899482824,1.6023863147197104,0.048561664285951704,-0.009426271286384253,248.36987878155512,144.45466405557775,0.048602910812618076,0.04025209697011266,-0.011421748042237612,-0.02552734702686834,1990.7083333333098,2016.4583333332864,
GAM_AR1,42/4_GAM_AR1,c,6.398964378488268,0.047987543931053075,22,8,1.3172863472674807e-07,0.0010119705166779732,0.9400760430900542,0.060089299441540206,-0.010738215853733827,127.85034186024737,53.1210967616696,0.06675008290772809,0.04546706729897759,-0.023816431691768718,-0.03273295178302009,1990.791666666643,2016.4583333332864,
CGWL10y_sfUKCP,44/44_EarthModel_CGWL,c,5.880488395918942,0.05042537725981205,0,0,0.876,0.876,1.5865630614823125,0.04860840554477253,0.009797048396445181,231.63820697641762,139.80603069923762,0.04769436572575654,0.04213342757637013,0.004552130861909176,0.010793898252067573,1991.2083333333094,2017.1249999999525,
