method_name,method_class,c/r,smooth_r,avg_unc.(1se),#q<0.5,#q<0.1,q_min,q_small5,log-likeli,RMS,bias,tlog-l,100log-l,100RMS,75RMS,100bias,bias50,xyear0.5,xyear1.0,xyear1.5
cent20y,42/1_Run_Means,r,1.0,0.02749045808398101,0,0,1.0,1.0,2.685212456125413,0.0,0.0,416.20793069943903,238.9825172145615,0.0,0.0,0.0,0.0,1984.291666666649,2010.7083333332916,
lowess1dg20wnc,42/3_ST_Fits,c,3.222799488922311,0.1600359390917596,0,0,0.9960485744400462,0.9960485744400462,0.8942470008121104,0.045584026955275705,-0.013203138518560323,138.6082851258771,60.66619910251151,0.047136260319712985,0.0405106713787481,-0.01721287082514841,-0.033511910765244915,1986.208333333314,2014.041666666622,
Kal_flexLin,42/5_Kalman,c,4.444797002087595,0.05317657451406971,0,0,0.9801000997099791,0.9801000997099791,1.6908720626327585,0.04397641252333629,-0.009280928548424437,262.08516970807756,150.78632071451761,0.044986586542111476,0.03732375235706269,-0.011742785994229113,-0.023931790234996506,1982.7083333333171,2014.2083333332885,
GAM_AR1,42/4_GAM_AR1,c,6.5518628614564065,0.04241950163414473,22,5,0.0020827872389472092,0.08726342434607037,1.389837337157599,0.04895574131346159,-0.006228189053130974,189.01787785343345,116.34017873084127,0.05230929234675336,0.040314195981042744,-0.016717770507254443,-0.02792569359708122,1982.8749999999836,2013.9583333332887,
CGWL10y_sfUKCP,44/44_EarthModel_CGWL,c,6.23940327418067,0.050805705809785474,0,0,0.8588235294117647,0.8588235294117647,1.594785888986851,0.04830827204434714,0.010072403854182227,232.83873979208022,143.16962406103414,0.045838225587421004,0.04143450557307159,0.003784134500873212,0.011741491515564875,1984.958333333315,2013.5416666666224,
