method_name,method_class,c/r,smooth_r,avg_unc.(1se),#q<0.5,#q<0.1,q_min,q_small5,log-likeli,RMS,bias,tlog-l,100log-l,100RMS,75RMS,100bias,bias50,xyear0.5,xyear1.0,xyear1.5
cent20y,42/1_Run_Means,r,1.0,0.032537719226613186,0,0,1.0,1.0,2.5220853320933676,0.0,0.0,390.92322647447196,233.26558870898583,0.0,0.0,0.0,0.0,1985.124999999988,2010.2083333332985,
GWI_anthro_CGWL,43/3_Human_Induced,c,2.3005570780753373,0.08825145469341947,0,0,0.9702714424997627,0.9702714424997627,1.2663256342786433,0.06856136735649783,0.021108929885389913,89.90912003378368,89.90912003378367,0.06856136735649783,0.06856136735649783,0.021108929885389916,0.05937681988483015,1980.958333333325,2009.0416666666329,
GWI_anthro_SR15,43/3_Human_Induced,c,2.106898365387103,0.07908317471067677,0,0,0.9923988414349572,0.9923988414349572,1.3697223279275164,0.058710008431845956,0.016416275356508334,97.25028528285367,97.25028528285367,0.05871000843184596,0.058710008431845956,0.01641627535650833,0.04344931861697357,1984.0416666666556,2009.1249999999661,
GWI_anthro,43/3_Human_Induced,c,2.301018495790232,0.08287067655738042,0,0,0.9945399480080203,0.9945399480080203,1.3319416516446614,0.061900046465803556,0.01812802179664812,94.56785726677096,94.56785726677094,0.06190004646580356,0.06190004646580356,0.018128021796648127,0.050347243498279196,1982.7083333333235,2009.5416666666324,
FaIR_nonat_unB,43/1_ERF_FaIR,c,3.9127904467630215,0.02444415993757201,59,38,3.9953049582049655e-27,9.487164501119829e-23,-1098.7136798408849,0.3509250135431437,0.20990899890507336,-99982.94486552052,-99982.94486552052,0.35092501354314365,0.25145402247794696,0.20990899890507336,-0.007110078008884361,1986.6249999999866,2011.2083333332976,
