method_name,method_class,c/r,smooth_r,avg_unc.(1se),#q<0.5,#q<0.1,q_min,q_small5,log-likeli,RMS,bias,tlog-l,100log-l,100RMS,75RMS,100bias,bias50,xyear0.5,xyear1.0,xyear1.5
cent20y,42/1_Run_Means,r,1.0,0.03021666614353629,0,0,1.0,1.0,2.5941641233450063,0.0,0.0,402.095439118476,238.71542570923566,0.0,0.0,0.0,0.0,1982.7916666666567,2008.8749999999663,
GWI_anthro_CGWL,43/3_Human_Induced,c,2.4712328782799586,0.08211513792728203,0,0,0.9386855712111288,0.9386855712111288,1.326510843898297,0.062251635624322364,0.008035644139613283,94.18226991677909,94.18226991677909,0.062251635624322364,0.062251635624322364,0.008035644139613283,0.04532349526753011,1980.958333333325,2006.0416666666356,
GWI_anthro_SR15,43/3_Human_Induced,c,2.2931646934007164,0.07390348116631124,0,0,0.9380042142555193,0.9380042142555193,1.429522890507133,0.05640394642314516,0.005879221519672863,101.49612522600646,101.49612522600646,0.056403946423145154,0.05640394642314516,0.0058792215196728625,0.032484982418497045,1983.1249999999898,2004.9583333333032,
GWI_anthro,43/3_Human_Induced,c,2.425035404872826,0.0773524348046824,0,0,0.8940008340785734,0.8940008340785734,1.4027754491642503,0.05776063184486905,0.006703221413170192,99.59705689066178,99.59705689066176,0.057760631844869056,0.05776063184486905,0.006703221413170191,0.03812971894742284,1982.3749999999905,2006.5416666666351,
FaIR_nonat_unB,43/1_ERF_FaIR,c,1.95427177754159,0.027387868523279933,12,0,0.1862313927179597,0.222349316804088,1.613683302643584,0.03934441729066825,0.010052881193646668,146.84518054056613,146.84518054056616,0.03934441729066825,0.02396964252416101,0.010052881193646668,-0.0008219790327695037,1984.1249999999889,2009.7916666666322,
