method_name,method_class,c/r,smooth_r,avg_unc.(1se),#q<0.5,#q<0.1,q_min,q_small5,log-likeli,RMS,bias,tlog-l,100log-l,100RMS,75RMS,100bias,bias50,xyear0.5,xyear1.0,xyear1.5
cent20y,42/1_Run_Means,r,1.0,0.028345065094258937,0,0,1.0,1.0,2.6542299384947623,0.0,0.0,411.40564046668817,237.39563642495742,0.0,0.0,0.0,0.0,1985.5416666666542,2010.2083333332985,
GWI_anthro_CGWL,43/3_Human_Induced,c,2.7058567708808807,0.08362894012571992,0,0,0.9866865020138122,0.9866865020138122,1.4031671488422939,0.05563727116076001,-4.8203790604673465e-06,99.62486756780287,99.62486756780285,0.05563727116076001,0.05563727116076001,-4.820379060467151e-06,0.03156453902399821,1982.4583333333237,2010.2083333332985,
GWI_anthro_SR15,43/3_Human_Induced,c,2.4754663271278994,0.07559879280527512,0,0,0.98272493828843,0.98272493828843,1.5261188234565126,0.04426420635713162,-0.0005164943098240928,108.35443646541239,108.35443646541239,0.044264206357131616,0.044264206357131616,-0.000516494309824093,0.021175932432464933,1984.7083333333217,2010.8749999999645,
GWI_anthro,43/3_Human_Induced,c,2.672490945938388,0.07886094665261727,0,0,0.9956780074383327,0.9956780074383327,1.478531579661619,0.048968958323928634,-7.735116319838258e-05,104.97574215597494,104.97574215597494,0.048968958323928634,0.048968958323928634,-7.735116319838297e-05,0.026063186352419183,1983.0416666666565,2011.041666666631,
FaIR_nonat_unB,43/1_ERF_FaIR,c,5.028147846985235,0.02759990933359776,57,37,2.283221339491867e-19,2.8664843221958255e-16,-732.8168383991402,0.34091693912260845,0.22410171611648036,-66686.33229432176,-66686.33229432176,0.3409169391226085,0.24760023845600998,0.22410171611648033,0.02616378449398181,1984.1249999999889,2010.2083333332985,
FaIR_anthro_unB,43/1_ERF_FaIR,c,4.653034539105126,0.02410515325356507,69,53,3.2926686091257554e-23,3.7700855953316987e-20,-1137.932679977873,0.32669192996047297,0.22206022403982364,-103551.87387798644,-103551.87387798642,0.32669192996047297,0.23843396980738457,0.22206022403982364,0.03703321057757618,1979.0416666666601,2010.1249999999652,
