method_name,method_class,c/r,smooth_r,avg_unc.(1se),#q<0.5,#q<0.1,q_min,q_small5,log-likeli,RMS,bias,tlog-l,100log-l,100RMS,75RMS,100bias,bias50,xyear0.5,xyear1.0,xyear1.5
cent20y,42/1_Run_Means,r,1.0,0.02961696385895183,0,0,1.0,1.0,2.6140850822414987,0.0,0.0,405.18318774743227,233.31056461509678,0.0,0.0,0.0,0.0,1980.624999999992,2008.2916666666335,
GWI_anthro_CGWL,43/3_Human_Induced,c,2.649428948617557,0.08002362385159881,0,0,0.9996668151777974,0.9996668151777974,1.5087636337169932,0.04278603359035661,0.014450917841631019,107.12221799390652,107.12221799390652,0.04278603359035661,0.04278603359035661,0.014450917841631017,0.027958600512838872,1979.7083333333262,2008.124999999967,
GWI_anthro_SR15,43/3_Human_Induced,c,2.4503051043284385,0.07220103224343884,0,0,0.981772239740873,0.981772239740873,1.5438812549420806,0.04375974277580083,0.014386724728282655,109.61556910088773,109.61556910088771,0.04375974277580083,0.04375974277580083,0.014386724728282655,0.019838166177463847,1981.291666666658,2006.6249999999684,
GWI_anthro,43/3_Human_Induced,c,2.555229061369965,0.07534821977907948,0,0,0.998482932598035,0.998482932598035,1.541018708890559,0.04233596019382657,0.01454314750821835,109.41232833122969,109.41232833122969,0.04233596019382657,0.04233596019382657,0.014543147508218354,0.023761980068946992,1980.5416666666588,2008.4583333333,
FaIR_nonat_unB,43/1_ERF_FaIR,c,1.9184167062815873,0.027838763558681805,24,0,0.2885453824811732,0.2885453824811732,1.9463708880664252,0.03509452185171357,-0.000748781022001052,177.1197508140447,177.11975081404472,0.03509452185171357,0.029112426152077105,-0.0007487810220010517,0.01646011660319913,1980.624999999992,2008.124999999967,
FaIR_anthro_unB,43/1_ERF_FaIR,c,1.6459031145476493,0.024612399675475995,29,0,0.2164090368608799,0.2164090368608799,1.7049686902713597,0.03587634279693581,-0.008219507267645833,155.15215081469373,155.15215081469373,0.03587634279693581,0.02535995950870914,-0.008219507267645833,0.006995784454666855,1979.5416666666597,2008.9583333332996,
