method_name,method_class,c/r,smooth_r,avg_unc.(1se),#q<0.5,#q<0.1,q_min,q_small5,log-likeli,RMS,bias,tlog-l,100log-l,100RMS,75RMS,100bias,bias50,xyear0.5,xyear1.0,xyear1.5
cent20y,42/1_Run_Means,r,1.0,0.027119864233268946,0,0,1.0,1.0,2.6991530512374595,0.0,0.0,418.36872294180625,243.0349839123142,0.0,0.0,0.0,0.0,1986.6249999999802,2012.8749999999563,
lowess1dg20wnc,42/3_ST_Fits,c,3.3908744912034057,0.044595410413563935,44,3,0.016378896540186125,0.3352799297817274,1.4129559107618566,0.04789897732661457,-0.013075408706626709,219.00816616808777,139.56761734221135,0.04773633519572035,0.04662215820028862,-0.014837595221225216,-0.04009937189502316,1988.5416666666451,2015.041666666621,
Kal_flexLin,42/5_Kalman,c,4.777101073400317,0.05317657451406971,0,0,0.9211925951271559,0.9211925951271559,1.6675548232579895,0.04519193940642651,-0.010782032493186796,258.4709976049884,155.126610429194,0.04232952594987022,0.04174439626225752,-0.009751164301404856,-0.028363304498946806,1987.4583333333128,2015.041666666621,
GAM_AR1,42/4_GAM_AR1,c,7.054610034664105,0.04323856062736348,41,2,0.0079917773516621,0.24653691533523442,1.3874462175586937,0.050703675734957473,-0.0026845858777496843,188.69268558798234,130.22013890943654,0.04824212197041264,0.04372055259017592,-0.012378806829416148,-0.027264683292090097,1987.1249999999798,2014.8749999999545,
CGWL10y_sfUKCP,44/44_EarthModel_CGWL,c,6.199768355532995,0.05024317877907907,0,0,0.8827906976744186,0.8827906976744186,1.587668390050408,0.04510833373607913,-0.0007952119169640994,231.79958494735956,153.4089605705226,0.039300842463735844,0.03790621186306055,0.0013937257754686146,0.005937038573942188,1987.2916666666463,2014.6249999999548,
