method_name,method_class,c/r,smooth_r,avg_unc.(1se),#q<0.5,#q<0.1,q_min,q_small5,log-likeli,RMS,bias,tlog-l,100log-l,100RMS,75RMS,100bias,bias50,xyear0.5,xyear1.0,xyear1.5
cent20y,42/1_Run_Means,r,1.0,0.02814573827623934,0,0,1.0,1.0,2.666320733451911,0.0,0.0,413.2797136850462,242.98498037905767,0.0,0.0,0.0,0.0,1992.4583333333146,2016.9583333332923,
GWI_anthro_CGWL,43/3_Human_Induced,c,2.519508831189023,0.08535595940682977,0,0,0.8039850107416617,0.8039850107416617,1.199244571457708,0.07196147558556328,-0.0003570532245633499,85.14636457349727,85.14636457349728,0.07196147558556328,0.07196147558556328,-0.0003570532245633499,0.04625437121038657,1989.041666666651,2015.541666666627,
GWI_anthro_SR15,43/3_Human_Induced,c,2.3328431065900217,0.07651786183305359,0,0,0.8152506734707248,0.8152506734707248,1.3140683888355222,0.06349919314649309,-0.0018570185434378939,93.29885560732208,93.2988556073221,0.06349919314649309,0.06349919314649309,-0.0018570185434378943,0.03156363576629236,1989.4583333333173,2016.0416666666265,
GWI_anthro,43/3_Human_Induced,c,2.552442022087776,0.08021982758241522,0,0,0.776176392070442,0.776176392070442,1.271160917045207,0.06667891891365427,-0.0007589169441820638,90.2524251102097,90.25242511020971,0.06667891891365428,0.06667891891365428,-0.0007589169441820638,0.038251947667880114,1989.2083333333176,2015.7083333332935,
FaIR_nonat_unB,43/1_ERF_FaIR,c,3.0935982758636307,0.02758406728810521,53,41,0.001099527370097587,0.002066865721832291,-7.434512536730368,0.08353766661421352,0.06170839492538095,-676.5406408424635,-676.5406408424635,0.08353766661421352,0.06326619437875086,0.06170839492538094,0.026998725029358996,1992.0416666666483,2016.2916666666263,
FaIR_anthro_unB,43/1_ERF_FaIR,c,2.4355043425433283,0.024456482863249775,91,72,0.0005202226350084691,0.000597970310134322,-20.15704230998708,0.09378477087465897,0.08351903454442024,-1834.2908502088244,-1834.2908502088242,0.09378477087465897,0.07836682596232974,0.08351903454442024,0.05616348925948631,1989.041666666651,2015.7916666666267,
