method_name,method_class,c/r,smooth_r,avg_unc.(1se),#q<0.5,#q<0.1,q_min,q_small5,log-likeli,RMS,bias,tlog-l,100log-l,100RMS,75RMS,100bias,bias50,xyear0.5,xyear1.0,xyear1.5
cent20y,42/1_Run_Means,r,1.0,0.02887846207134827,0,0,1.0,1.0,2.637217243819404,0.0,0.0,408.76867279200764,236.55502451941751,0.0,0.0,0.0,0.0,1984.8749999999818,2010.2916666666254,
lowess1dg20wnc,42/3_ST_Fits,c,3.699457940411882,0.17798775855752663,0,0,0.7626437861830204,0.9999549202764526,0.7041237188474516,0.05279905467788308,-0.018717324948871232,109.139176421355,52.783741176694136,0.04915843427484347,0.04228360015103876,-0.014928728578616334,-0.034735189692347644,1986.7083333333135,2013.374999999956,
Kal_flexLin,42/5_Kalman,c,5.261232186369762,0.05317657451406971,0,0,0.8626155670263352,0.8626155670263352,1.6140425801603202,0.048072375070389785,-0.010017692838023538,250.17659992484963,143.7286144800991,0.04900053997628935,0.03873691158212603,-0.010831556183328645,-0.02482675270134275,1982.7916666666504,2013.7916666666222,
GAM_AR1,42/4_GAM_AR1,c,6.839822318877717,0.04958839419874062,82,3,0.07060758662484277,0.1780631015646499,1.1521801137290777,0.06381530687248482,-0.021472752827786278,156.69649546715456,115.13515005236188,0.05937140252737852,0.051168208724319285,-0.0223370548703674,-0.046283476250353714,1987.541666666646,2013.374999999956,
CGWL10y_sfUKCP,44/44_EarthModel_CGWL,c,5.999849068919326,0.050199792329822815,0,0,0.9733333333333333,0.9733333333333333,1.6534708582511377,0.044559793216980115,0.002404474030071825,241.40674530466612,141.47345662738513,0.04826987897649577,0.04078901920181248,-0.001974358152049087,0.005612763934922246,1985.6249999999811,2012.2916666666235,
