method_name,method_class,c/r,smooth_r,avg_unc.(1se),#q<0.5,#q<0.1,q_min,q_small5,log-likeli,RMS,bias,tlog-l,100log-l,100RMS,75RMS,100bias,bias50,xyear0.5,xyear1.0,xyear1.5
cent20y,42/1_Run_Means,r,1.0,0.026721883464822856,0,0,1.0,1.0,2.7130592206210764,0.0,0.0,420.52417919626686,244.8616634240129,0.0,0.0,0.0,0.0,1984.1249999999889,2010.7916666666313,
GWI_anthro_CGWL,43/3_Human_Induced,c,2.7300656152169855,0.07996024139798993,0,0,0.9938286443239734,0.9938286443239734,1.5059763401380069,0.028449335390138275,-0.003139911225145328,106.92432014979849,106.92432014979849,0.028449335390138275,0.028449335390138275,-0.003139911225145328,-0.009354336750568341,1984.9583333333214,2013.958333333295,
GWI_anthro_SR15,43/3_Human_Induced,c,2.520515213111503,0.07207262259417911,0,0,0.962317160441924,0.962317160441924,1.5016700225654434,0.04226798952801525,0.0010553023559343553,106.61857160214647,106.61857160214649,0.04226798952801525,0.04226798952801525,0.001055302355934355,-0.013816140792581595,1985.791666666654,2014.1249999999616,
GWI_anthro,43/3_Human_Induced,c,2.646200023272078,0.0751977200997556,0,0,0.9725748849110025,0.9725748849110025,1.5078328848072668,0.03655376609422019,0.00016889220124913365,107.05613482131595,107.05613482131595,0.03655376609422019,0.03655376609422019,0.00016889220124913375,-0.010960567788619176,1984.791666666655,2014.0416666666283,
FaIR_nonat_unB,43/1_ERF_FaIR,c,5.49776856010576,0.028307024841366095,52,42,1.0529290984519744e-16,2.1978413290843874e-16,-683.9169640932367,0.34252580089419365,0.22365785960589238,-62236.44373248454,-62236.44373248455,0.34252580089419365,0.26061849032956885,0.22365785960589232,0.020901949844936082,1984.458333333322,2011.2083333332976,
FaIR_anthro_unB,43/1_ERF_FaIR,c,5.002752652163616,0.024129762434278876,80,55,1.5769709941974035e-25,3.831030715683657e-21,-1186.9664364152889,0.3300793952637398,0.22895669232018814,-108013.94571379128,-108013.94571379127,0.3300793952637398,0.25409448465383316,0.2289566923201882,0.03972756089508917,1979.3749999999932,2010.7916666666313,
