method_name,method_class,c/r,smooth_r,avg_unc.(1se),#q<0.5,#q<0.1,q_min,q_small5,log-likeli,RMS,bias,tlog-l,100log-l,100RMS,75RMS,100bias,bias50,xyear0.5,xyear1.0,xyear1.5
cent20y,42/1_Run_Means,r,1.0,0.026077530017017313,0,0,1.0,1.0,2.7420156929598365,0.0,0.0,425.01243240877466,241.4527022086731,0.0,0.0,0.0,0.0,1984.0416666666556,2010.9583333332978,
GWI_anthro_CGWL,43/3_Human_Induced,c,2.878001990261875,0.08556009736964236,0,0,0.7852760619802246,0.7852760619802246,1.2736217215712733,0.0681288072634257,0.01849979521583315,90.42714223156041,90.42714223156042,0.06812880726342568,0.06812880726342568,0.018499795215833153,0.05954041925827814,1980.958333333325,2008.8749999999663,
GWI_anthro_SR15,43/3_Human_Induced,c,2.652935998277147,0.07600834268745729,0,0,0.9205590649635541,0.9205590649635541,1.3468004974677203,0.06231678256867436,0.015060258047940454,95.62283532020814,95.62283532020815,0.06231678256867436,0.06231678256867436,0.015060258047940454,0.04288440683696948,1983.2916666666563,2009.0416666666329,
GWI_anthro,43/3_Human_Induced,c,2.8797881157997267,0.08001244464718123,0,0,0.8392295082179064,0.8392295082179064,1.3189329635752658,0.06434038549602514,0.016695073125641884,93.64424041384387,93.64424041384389,0.06434038549602514,0.06434038549602514,0.01669507312564188,0.05033226154286449,1982.3749999999905,2009.4583333332992,
FaIR_nonat_unB,43/1_ERF_FaIR,c,6.1249140193692595,0.028405456140023804,55,37,4.4507224640989915e-17,1.265544529179441e-16,-769.1746179550821,0.3619546036741059,0.22806079174166893,-69994.89023391248,-69994.89023391248,0.3619546036741059,0.2652639146764659,0.228060791741669,0.013437635871091614,1983.6249999999893,2011.6249999999638,
