method_name,method_class,c/r,smooth_r,avg_unc.(1se),#q<0.5,#q<0.1,q_min,q_small5,log-likeli,RMS,bias,tlog-l,100log-l,100RMS,75RMS,100bias,bias50,xyear0.5,xyear1.0,xyear1.5
cent20y,42/1_Run_Means,r,1.0,0.02955034209890325,0,0,1.0,1.0,2.614745036536711,0.0,0.0,405.2854806631902,235.78957964399495,0.0,0.0,0.0,0.0,1988.5416666666515,2013.958333333295,
GWI_anthro_CGWL,43/3_Human_Induced,c,2.476282145151427,0.08421595621446407,0,0,0.919481587793349,0.919481587793349,1.3430891256155764,0.062188537955760695,0.016034006278210385,95.35932791870593,95.35932791870593,0.0621885379557607,0.0621885379557607,0.016034006278210385,0.049579045755710156,1984.791666666655,2014.9583333332941,
GWI_anthro_SR15,43/3_Human_Induced,c,2.294155128355343,0.07502910792189338,0,0,0.9680591305912506,0.9680591305912506,1.3930264132027674,0.059088468437718845,0.013612614886905624,98.90487533739649,98.90487533739648,0.059088468437718845,0.059088468437718845,0.013612614886905626,0.034791272172796574,1986.3749999999868,2015.2916666666272,
GWI_anthro,43/3_Human_Induced,c,2.4026063024991866,0.07884663347269344,0,0,0.9630308730931383,0.9630308730931383,1.3820314320242384,0.05955649515625432,0.01488793699810769,98.12423167372093,98.12423167372091,0.059556495156254316,0.059556495156254316,0.01488793699810769,0.04153700490804455,1985.0416666666547,2015.1249999999607,
FaIR_nonat_unB,43/1_ERF_FaIR,c,2.4691206188006154,0.027298531085219846,49,29,0.0035392373174509524,0.06854728195448989,-1.808012664650051,0.06657578274981359,0.04421598790900107,-164.52915248315463,-164.52915248315466,0.06657578274981359,0.050893274469459626,0.04421598790900107,0.019015957958067126,1987.6249999999857,2014.7083333332944,
FaIR_anthro_unB,43/1_ERF_FaIR,c,2.3159976088944143,0.024223677368509923,79,46,0.002772714316218404,0.01027347593820374,-6.488577951837136,0.07147733162022271,0.058889505133892295,-590.4605936171794,-590.4605936171794,0.07147733162022271,0.05769592611878379,0.058889505133892295,0.03854634432394173,1985.9583333333205,2014.291666666628,
