method_name,method_class,c/r,smooth_r,avg_unc.(1se),#q<0.5,#q<0.1,q_min,q_small5,log-likeli,RMS,bias,tlog-l,100log-l,100RMS,75RMS,100bias,bias50,xyear0.5,xyear1.0,xyear1.5
cent20y,42/1_Run_Means,r,1.0,0.03215442354209088,0,0,1.0,1.0,2.5334226187822195,0.0,0.0,392.68050591124404,232.8296524764571,0.0,0.0,0.0,0.0,1984.6249999999884,2010.2083333332985,
GWI_anthro_CGWL,43/3_Human_Induced,c,2.6057453361664553,0.0821151927907512,0,0,0.9985517805583946,0.9985517805583946,1.464105878513437,0.043600282987555965,0.0013855178127072088,103.95151737445403,103.95151737445401,0.04360028298755596,0.043600282987555965,0.0013855178127072088,0.026610485184078728,1983.208333333323,2009.7916666666322,
GWI_anthro_SR15,43/3_Human_Induced,c,2.399472897952459,0.07451495203111977,0,0,0.9966921883931975,0.9966921883931975,1.5357094321453602,0.040873995090157066,0.0032266031159148578,109.03536968232058,109.03536968232058,0.040873995090157066,0.040873995090157066,0.003226603115914858,0.01775229241346532,1985.2916666666545,2010.1249999999652,
GWI_anthro,43/3_Human_Induced,c,2.5224488657558344,0.0775497106011742,0,0,0.9995285667493871,0.9995285667493871,1.5120784705392345,0.04152662075023488,0.003148374459850324,107.35757140828565,107.35757140828565,0.04152662075023488,0.04152662075023488,0.003148374459850324,0.02213243868850872,1983.7916666666558,2010.4583333332982,
FaIR_nonat_unB,43/1_ERF_FaIR,c,4.635352845714039,0.025322054380903288,45,38,1.0073409265596987e-20,2.4005718995034784e-19,-983.7449216323726,0.3484608887266758,0.21817419928550372,-89520.7878685459,-89520.78786854589,0.3484608887266758,0.258523398786913,0.21817419928550366,0.006115217111553714,1986.124999999987,2010.8749999999645,
FaIR_anthro_unB,43/1_ERF_FaIR,c,4.553945845975028,0.02345629936702776,71,50,2.84974875749187e-27,6.73310282493245e-25,-1400.2614870914176,0.33968117438245127,0.23268267236693777,-127423.795325319,-127423.79532531902,0.3396811743824513,0.25534139933977307,0.2326826723669377,0.03580772035281825,1978.6249999999939,2010.1249999999652,
