method_name,method_class,c/r,smooth_r,avg_unc.(1se),#q<0.5,#q<0.1,q_min,q_small5,log-likeli,RMS,bias,tlog-l,100log-l,100RMS,75RMS,100bias,bias50,xyear0.5,xyear1.0,xyear1.5
cent20y,42/1_Run_Means,r,1.0,0.03246220640181819,0,0,1.0,1.0,2.5255280705389134,0.0,0.0,391.4568509335316,232.40386042216517,0.0,0.0,0.0,0.0,1984.2916666666554,2009.7916666666322,
GWI_anthro_CGWL,43/3_Human_Induced,c,2.4333225211284617,0.09636962479564883,0,0,0.8081354229309672,0.8081354229309672,1.0038921472838922,0.09369160179945367,0.034025376313032166,71.27634245715635,71.27634245715635,0.09369160179945368,0.09369160179945368,0.034025376313032166,0.08801166745841268,1980.1249999999925,2005.7916666666358,
GWI_anthro_SR15,43/3_Human_Induced,c,2.268508773525114,0.08543414604109656,0,0,0.8929401034423907,0.8929401034423907,1.1309976066493819,0.0795327811104048,0.02444294434392083,80.30083007210611,80.30083007210611,0.0795327811104048,0.0795327811104048,0.024442944343920827,0.06452903463745337,1983.0416666666565,2004.7083333333035,
GWI_anthro,43/3_Human_Induced,c,2.5042650949069416,0.09005060964173131,0,0,0.9031022180538878,0.9031022180538878,1.076851750079974,0.08489274016686355,0.027886350370697952,76.45647425567815,76.45647425567813,0.08489274016686356,0.08489274016686355,0.02788635037069795,0.07443204350373946,1982.1249999999907,2006.4583333333019,
FaIR_nonat_unB,43/1_ERF_FaIR,c,2.2072008262194616,0.024317401821695436,35,0,0.18544305838586347,0.2527777777777778,1.5872528028945643,0.03601465368691108,-0.011222757467906457,144.44000506340535,144.44000506340538,0.03601465368691107,0.030112787247077496,-0.011222757467906457,-0.011851614495775603,1986.3749999999868,2010.8749999999645,
