method_name,method_class,c/r,smooth_r,avg_unc.(1se),#q<0.5,#q<0.1,q_min,q_small5,log-likeli,RMS,bias,tlog-l,100log-l,100RMS,75RMS,100bias,bias50,xyear0.5,xyear1.0,xyear1.5
cent20y,42/1_Run_Means,r,1.0,0.02873455782438277,0,0,1.0,1.0,2.6452318827313057,0.0,0.0,410.01094182335237,234.17371230955695,0.0,0.0,0.0,0.0,1984.2916666666554,2010.8749999999645,
GWI_anthro_CGWL,43/3_Human_Induced,c,2.7365925489575975,0.08324383703458121,0,0,0.9916520597056848,0.9916520597056848,1.4693062311759373,0.04214516705859406,0.010051707611350755,104.32074241349154,104.32074241349156,0.04214516705859406,0.04214516705859406,0.010051707611350755,0.025819684563901452,1982.3749999999905,2012.5416666666297,
GWI_anthro_SR15,43/3_Human_Induced,c,2.5449788386177703,0.07470318966814887,0,0,0.9939622275497036,0.9939622275497036,1.4860687240442323,0.04758102746848526,0.00944159797473871,105.5108794071405,105.5108794071405,0.047581027468485255,0.047581027468485255,0.009441597974738708,0.014767257182243322,1984.0416666666556,2012.7916666666295,
GWI_anthro,43/3_Human_Induced,c,2.682548636938247,0.07822238948571582,0,0,0.9977692447942568,0.9977692447942568,1.488493707407311,0.044592023299215994,0.01009000980509171,105.68305322591908,105.68305322591908,0.04459202329921599,0.04459202329921599,0.010090009805091709,0.0201218759149552,1982.9583333333233,2012.7916666666295,
FaIR_nonat_unB,43/1_ERF_FaIR,c,5.019328721370537,0.027771706484365482,48,39,6.215618877765633e-19,2.4154289107301035e-17,-791.8506808278688,0.3505498387764856,0.2250148492464867,-72058.41195533607,-72058.41195533607,0.35054983877648555,0.2657023428508002,0.22501484924648665,0.01821652868218193,1984.0416666666556,2010.9583333332978,
FaIR_anthro_unB,43/1_ERF_FaIR,c,5.039879887818251,0.024120650922122514,65,45,1.242160281016917e-24,1.0786997717707599e-23,-1259.6707517721588,0.3349671946932032,0.22141023790831824,-114630.03841126645,-114630.03841126646,0.3349671946932032,0.254801095123274,0.22141023790831824,0.024341020817020328,1981.7083333333244,2011.2083333332976,
