method_name,method_class,c/r,smooth_r,avg_unc.(1se),#q<0.5,#q<0.1,q_min,q_small5,log-likeli,RMS,bias,tlog-l,100log-l,100RMS,75RMS,100bias,bias50,xyear0.5,xyear1.0,xyear1.5
cent20y,42/1_Run_Means,r,1.0,0.02880408877782842,0,0,1.0,1.0,2.6468166812446796,0.0,0.0,410.2565855929253,240.96575501955442,0.0,0.0,0.0,0.0,1978.3749999999877,2006.5416666666288,
lowess1dg20wnc,42/3_ST_Fits,c,3.9480314058929133,0.06364719667783646,0,0,0.9990340078305416,0.9990340078305416,1.6291228890910872,0.04350464890990345,-0.007881917123357104,252.5140478091185,139.80647023609203,0.04579413619320908,0.0430603388194573,-0.01553815745011328,-0.03256228686598554,1980.708333333319,2006.1249999999625,
Kal_flexLin,42/5_Kalman,c,5.1514899771523295,0.05317657451406971,0,0,0.9804538717150745,0.9804538717150745,1.7014432522886482,0.043591294117837645,-0.009666054900631776,263.7237041047405,152.63828842938108,0.043872526581042535,0.039542835398333004,-0.011801041457437449,-0.023211042271090075,1980.0416666666529,2005.5416666666297,
GAM_AR1,42/4_GAM_AR1,c,4.298134306148274,0.04084085827462396,29,20,8.933211562547252e-11,2.5759160124677462e-05,0.6170618658705984,0.05738942707982907,-0.02216616826077681,83.92041375840138,-5.430866921718848,0.0668850372007664,0.07048739123319203,-0.03887810071776581,-0.06731102067720521,1987.208333333313,2006.4583333332955,
CGWL10y_sfUKCP,44/44_EarthModel_CGWL,c,6.336647039677229,0.05033026022776481,0,0,0.876,0.876,1.6147686937397456,0.046124753946504504,-0.0075935067015243905,235.75622928600285,147.94130022360505,0.04426957336187671,0.03931977700457944,-0.0043111317628872995,0.001729923386556667,1979.45833333332,2004.5416666666306,
