method_name,method_class,c/r,smooth_r,avg_unc.(1se),#q<0.5,#q<0.1,q_min,q_small5,log-likeli,RMS,bias,tlog-l,100log-l,100RMS,75RMS,100bias,bias50,xyear0.5,xyear1.0,xyear1.5
cent20y,42/1_Run_Means,r,1.0,0.02789704342739599,0,0,1.0,1.0,2.673759718244236,0.0,0.0,414.43275632785657,236.17285509849307,0.0,0.0,0.0,0.0,1984.2083333333221,2010.7916666666313,
GWI_anthro_CGWL,43/3_Human_Induced,c,2.7008682714599783,0.08188927316463054,0,0,0.9945221842827743,0.9945221842827743,1.4861116955989695,0.04187359384793395,0.015335929910863912,105.51393038752684,105.51393038752686,0.041873593847933946,0.04187359384793395,0.015335929910863912,0.028231243452453397,1982.0416666666574,2012.624999999963,
GWI_anthro_SR15,43/3_Human_Induced,c,2.488303496046393,0.07361213291140324,0,0,0.986841390506771,0.986841390506771,1.5046136293409695,0.04622187781539643,0.014783443140232512,106.82756768320884,106.82756768320885,0.04622187781539643,0.04622187781539643,0.014783443140232512,0.018340159936794498,1983.541666666656,2012.7083333332962,
GWI_anthro,43/3_Human_Induced,c,2.6163120046101307,0.07694675318372658,0,0,0.9989752013977213,0.9989752013977213,1.5062655025630276,0.043306695509343796,0.015245479575048522,106.94485068197496,106.94485068197496,0.043306695509343796,0.043306695509343796,0.015245479575048519,0.023080085404522267,1982.7083333333235,2012.7916666666295,
FaIR_nonat_unB,43/1_ERF_FaIR,c,2.3085538698315697,0.02794117009977525,13,0,0.32461355529131986,0.32461355529131986,1.8778601809871027,0.03456522034460879,0.014289199366264958,170.88527646982635,170.88527646982632,0.03456522034460878,0.030538295227257498,0.014289199366264958,0.02214997037571314,1983.7083333333226,2010.8749999999645,
FaIR_anthro_unB,43/1_ERF_FaIR,c,2.1356468605464776,0.02411374064458224,39,0,0.36068172810146654,0.40576694411414976,1.9188557032953322,0.0340325242296002,0.012911380052583219,174.61586899987523,174.61586899987526,0.0340325242296002,0.027442129102542377,0.012911380052583219,0.020803834233994168,1983.208333333323,2011.2083333332976,
