method_name,method_class,c/r,smooth_r,avg_unc.(1se),#q<0.5,#q<0.1,q_min,q_small5,log-likeli,RMS,bias,tlog-l,100log-l,100RMS,75RMS,100bias,bias50,xyear0.5,xyear1.0,xyear1.5
cent20y,42/1_Run_Means,r,1.0,0.0313015724155922,0,0,1.0,1.0,2.5606096506830984,0.0,0.0,396.8944958558802,236.74972823563337,0.0,0.0,0.0,0.0,1984.791666666655,2010.2083333332985,
GWI_anthro_CGWL,43/3_Human_Induced,c,2.5958854400851057,0.08868730450692597,0,0,0.9981650064262317,0.9981650064262317,1.3142210824585085,0.06416674524865858,0.020952294912884507,93.3096968545541,93.30969685455412,0.06416674524865858,0.06416674524865858,0.020952294912884504,0.054364031467968726,1980.291666666659,2009.5416666666324,
GWI_anthro_SR15,43/3_Human_Induced,c,2.3769544022903593,0.07918538130310501,0,0,0.996566758331648,0.996566758331648,1.4235567832144493,0.05281059549440958,0.01663182272748372,101.0725316082259,101.07253160822589,0.052810595494409585,0.05281059549440958,0.01663182272748372,0.03844363097889169,1983.1249999999898,2009.708333333299,
GWI_anthro,43/3_Human_Induced,c,2.513915490938825,0.08307571372010102,0,0,0.9932347543586153,0.9932347543586153,1.37817022356519,0.05714636087722606,0.018340504915589393,97.85008587312849,97.8500858731285,0.057146360877226056,0.057146360877226056,0.01834050491558939,0.04553387446027831,1982.1249999999907,2009.9583333332987,
FaIR_nonat_unB,43/1_ERF_FaIR,c,4.605612739079843,0.025470367546039797,47,38,2.882110207303549e-20,1.0724037474523154e-18,-887.1405368284862,0.33105795270390753,0.20474891000441375,-80729.78885139225,-80729.78885139225,0.33105795270390753,0.23839942479744014,0.20474891000441378,0.0045850386293109805,1985.5416666666542,2011.374999999964,
