method_name,method_class,c/r,smooth_r,avg_unc.(1se),#q<0.5,#q<0.1,q_min,q_small5,log-likeli,RMS,bias,tlog-l,100log-l,100RMS,75RMS,100bias,bias50,xyear0.5,xyear1.0,xyear1.5
cent20y,42/1_Run_Means,r,1.0,0.0264800090696292,0,0,1.0,1.0,2.7240564123470543,0.0,0.0,422.22874391379344,244.5723489369969,0.0,0.0,0.0,0.0,1984.5416666666551,2010.374999999965,
GWI_anthro_CGWL,43/3_Human_Induced,c,2.6809918198283755,0.08021689879705708,0,0,0.9974837749729888,0.9974837749729888,1.5191156123651908,0.02586791798162925,-0.0044387318745215815,107.85720847792854,107.85720847792852,0.02586791798162925,0.02586791798162925,-0.0044387318745215815,-0.009879023307484256,1985.2916666666545,2013.4583333332955,
GWI_anthro_SR15,43/3_Human_Induced,c,2.458994646351271,0.07242621813664704,0,0,0.9510558585702802,0.9510558585702802,1.5289597911002804,0.03780896896809007,-0.0006229688465061152,108.55614516811991,108.55614516811993,0.03780896896809007,0.03780896896809007,-0.0006229688465061152,-0.014153547722610918,1985.9583333333205,2013.624999999962,
GWI_anthro,43/3_Human_Induced,c,2.58121743136421,0.07548201645494595,0,0,0.9805927987767878,0.9805927987767878,1.5320391009621195,0.03234558588976223,-0.001514373165998251,108.77477616831048,108.77477616831047,0.03234558588976223,0.03234558588976223,-0.001514373165998251,-0.011508240370457891,1985.124999999988,2013.5416666666288,
FaIR_nonat_unB,43/1_ERF_FaIR,c,5.175570004058778,0.028448932090048118,46,38,1.3348109286251558e-16,1.3348109286251558e-16,-717.4147034354777,0.34552257519027896,0.2228769893592819,-65284.73801262847,-65284.73801262847,0.34552257519027896,0.2597346001854183,0.22287698935928194,0.016002988870922715,1984.791666666655,2010.7916666666313,
FaIR_anthro_unB,43/1_ERF_FaIR,c,5.375571737027063,0.024215293548293014,64,44,3.1102928367162226e-23,3.4224591366858404e-22,-1227.209904688336,0.3303391967334379,0.22141324659469147,-111676.10132663859,-111676.10132663859,0.3303391967334379,0.2503402534429231,0.22141324659469147,0.026436215425047864,1980.8749999999918,2010.7916666666313,
