method_name,method_class,c/r,smooth_r,avg_unc.(1se),#q<0.5,#q<0.1,q_min,q_small5,log-likeli,RMS,bias,tlog-l,100log-l,100RMS,75RMS,100bias,bias50,xyear0.5,xyear1.0,xyear1.5
cent20y,42/1_Run_Means,r,1.0,0.029005350678487023,0,0,1.0,1.0,2.6394072707854366,0.0,0.0,409.10812697174265,241.19297627331906,0.0,0.0,0.0,0.0,1984.5416666666551,2010.2916666666317,
GWI_anthro_CGWL,43/3_Human_Induced,c,2.5178736991665,0.07073072697652094,0,0,0.622830756888821,0.622830756888821,1.266369896285214,0.06714606411362757,-0.060985404086554625,89.91226263625019,89.9122626362502,0.06714606411362757,0.06714606411362757,-0.060985404086554625,-0.058653986882489476,1987.0416666666529,2014.6249999999611,
GWI_anthro_SR15,43/3_Human_Induced,c,2.3011113606852525,0.06588734104233018,0,0,0.7946332822001455,0.7946332822001455,1.4250181928014916,0.056895650938415886,-0.04789559517729307,101.1762916889059,101.1762916889059,0.056895650938415886,0.056895650938415886,-0.04789559517729307,-0.04756323282301802,1986.8749999999864,2014.5416666666279,
GWI_anthro,43/3_Human_Induced,c,2.3422968841131864,0.06763593458327055,0,0,0.7337438140536157,0.7337438140536157,1.3763851737337456,0.05969250355154626,-0.05214645876626004,97.72334733509594,97.72334733509595,0.059692503551546254,0.05969250355154626,-0.05214645876626004,-0.05153977952522711,1986.8749999999864,2014.5416666666279,
FaIR_nonat_unB,43/1_ERF_FaIR,c,5.337904836879763,0.028571784790098757,73,49,4.506837774894935e-21,4.720666909641001e-20,-1057.8637902541493,0.39720148701248986,0.23315368343395182,-96265.60491312758,-96265.6049131276,0.39720148701248986,0.2900459565340484,0.23315368343395182,-0.01021813328665909,1985.458333333321,2011.5416666666306,
