method_name,method_class,c/r,smooth_r,avg_unc.(1se),#q<0.5,#q<0.1,q_min,q_small5,log-likeli,RMS,bias,tlog-l,100log-l,100RMS,75RMS,100bias,bias50,xyear0.5,xyear1.0,xyear1.5
cent20y,42/1_Run_Means,r,1.0,0.028878904907899433,0,0,1.0,1.0,2.6353023928641743,0.0,0.0,408.471870893947,237.55670446944913,0.0,0.0,0.0,0.0,1985.2083333333212,2010.4583333332982,
GWI_anthro_CGWL,43/3_Human_Induced,c,2.6936535190717823,0.0886735780902106,0,0,0.9816827151094604,0.9816827151094604,1.2355182687206268,0.06951194436378547,0.015304670437084063,87.7217970791645,87.72179707916452,0.06951194436378547,0.06951194436378547,0.015304670437084063,0.05621549721667898,1982.7916666666567,2008.4583333333,
GWI_anthro_SR15,43/3_Human_Induced,c,2.5139622747857264,0.07918195923238691,0,0,0.9359776784298007,0.9359776784298007,1.3483702484151625,0.06060022823409792,0.009978285473362608,95.73428763747654,95.73428763747654,0.06060022823409792,0.06060022823409792,0.009978285473362606,0.03807485033510918,1985.2916666666545,2008.6249999999666,
GWI_anthro,43/3_Human_Induced,c,2.7135635981148645,0.0832213251635735,0,0,0.939608801559381,0.939608801559381,1.3043659101984024,0.06387144518729412,0.01210374369848495,92.60997962408658,92.60997962408656,0.06387144518729414,0.06387144518729414,0.012103743698484952,0.04601797567175991,1983.7083333333226,2009.2916666666326,
FaIR_nonat_unB,43/1_ERF_FaIR,c,4.551915191930008,0.02747497639185288,48,38,1.1859822776401255e-20,1.1220524220088428e-18,-961.9332469723316,0.3734824795182225,0.2406002979181009,-87535.92547448218,-87535.92547448218,0.37348247951822255,0.26837856914267705,0.24060029791810084,0.017375065508912282,1985.6249999999875,2010.1249999999652,
FaIR_anthro_unB,43/1_ERF_FaIR,c,4.5889872414118855,0.024261812221886565,57,48,7.421267807751021e-27,1.9179248447275913e-22,-1452.745498835979,0.35874143639877193,0.23697059078716784,-132199.8403940741,-132199.8403940741,0.3587414363987719,0.25834727058745205,0.23697059078716784,0.022972510223896767,1984.5416666666551,2010.374999999965,
