method_name,method_class,c/r,smooth_r,avg_unc.(1se),#q<0.5,#q<0.1,q_min,q_small5,log-likeli,RMS,bias,tlog-l,100log-l,100RMS,75RMS,100bias,bias50,xyear0.5,xyear1.0,xyear1.5
cent20y,42/1_Run_Means,r,1.0,0.02875146747529464,0,0,1.0,1.0,2.6460212716187113,0.0,0.0,410.1332971009002,240.7100966910759,0.0,0.0,0.0,0.0,1974.7083333333244,2002.374999999966,
lowess1dg20wnc,42/3_ST_Fits,c,3.8237991014944823,0.06448803501576833,0,0,0.9977184156531677,0.9977184156531677,1.6553703430396922,0.040779606185778194,-0.006210008359601072,256.5824031711523,148.12957405161052,0.0371543304221875,0.037461015053755604,-0.015957296119251323,-0.02956821591315332,1979.0416666666538,2002.1249999999661,2023.5416666666133
Kal_flexLin,42/5_Kalman,c,5.189108470126683,0.05317657451406971,0,0,0.9924501017547919,0.9924501017547919,1.6993128992158584,0.04354704007574161,-0.010146786019739,263.39349937845805,162.83258481863186,0.03714668946725124,0.036380323826907805,-0.011771004779854224,-0.020662331425461186,1978.458333333321,2001.9583333332996,2023.2916666666135
GAM_AR1,42/4_GAM_AR1,c,3.9418920949009624,0.038205267115129934,21,16,1.9895099206434126e-10,2.01484222294624e-06,0.8538522871220311,0.055892987788353034,-0.01601899546959075,116.12391104859623,33.077502827325176,0.05906142798849766,0.06785261770219896,-0.03347465550172143,-0.06624884802338027,1982.2083333333176,2002.374999999966,2023.3749999999468
CGWL10y_sfUKCP,44/44_EarthModel_CGWL,c,6.228604827554416,0.05029131443269791,0,0,0.958125,0.958125,1.6067897463935585,0.04540215112899973,-0.013036205858893792,234.59130297345956,150.37497114627834,0.04069286588234565,0.0396905318573891,-0.007620615352309541,-0.0036434614638614473,1976.4583333333228,2001.124999999967,2022.458333333281
