method_name,method_class,c/r,smooth_r,avg_unc.(1se),#q<0.5,#q<0.1,q_min,q_small5,log-likeli,RMS,bias,tlog-l,100log-l,100RMS,75RMS,100bias,bias50,xyear0.5,xyear1.0,xyear1.5
cent20y,42/1_Run_Means,r,1.0,0.030639072646178586,0,0,1.0,1.0,2.5762899619425554,0.0,0.0,399.3249441010961,230.71946616196874,0.0,0.0,0.0,0.0,1984.7083333333217,2009.8749999999654,
GWI_anthro_CGWL,43/3_Human_Induced,c,2.6078702064089208,0.08314293555307932,0,0,0.9983563760769614,0.9983563760769614,1.4219844134639936,0.04749531775266771,-0.0050005052424320065,100.96089335594355,100.96089335594354,0.04749531775266771,0.04749531775266771,-0.005000505242432007,0.00973806645085953,1982.6249999999902,2013.291666666629,
GWI_anthro_SR15,43/3_Human_Induced,c,2.38950228111878,0.07529385706407134,0,0,0.9949798271788047,0.9949798271788047,1.479547056189266,0.04644478327840042,-0.004781307615553662,105.04784098943789,105.04784098943787,0.04644478327840042,0.04644478327840042,-0.004781307615553662,0.0015023600789234744,1984.458333333322,2013.291666666629,
GWI_anthro,43/3_Human_Induced,c,2.5376656497205943,0.07842579760148122,0,0,0.9812412073560071,0.9812412073560071,1.47054424337539,0.04577225613304028,-0.004658825087519019,104.40864127965268,104.4086412796527,0.04577225613304028,0.04577225613304028,-0.004658825087519019,0.005547489955488587,1983.208333333323,2013.291666666629,
FaIR_nonat_unB,43/1_ERF_FaIR,c,4.615334934163595,0.027108445804465035,49,37,9.132592209745392e-19,7.709920348789417e-18,-769.5311921766029,0.33747342383421725,0.20915594785655564,-70027.33848807086,-70027.33848807086,0.33747342383421725,0.25022545945089014,0.2091559478565557,0.00544186676462872,1985.0416666666547,2010.8749999999645,
