method_name,method_class,c/r,smooth_r,avg_unc.(1se),#q<0.5,#q<0.1,q_min,q_small5,log-likeli,RMS,bias,tlog-l,100log-l,100RMS,75RMS,100bias,bias50,xyear0.5,xyear1.0,xyear1.5
cent20y,42/1_Run_Means,r,1.0,0.028889482719928188,0,0,1.0,1.0,2.635509733186475,0.0,0.0,408.5040086439036,238.13760970043927,0.0,0.0,0.0,0.0,1984.8749999999818,2009.9583333332923,
lowess1dg20wnc,42/3_ST_Fits,c,3.4614919422831187,0.16900536101760366,0,0,0.9995473080720065,0.9995473080720065,0.8184960851110438,0.049176543023925455,-0.015220796004597142,126.86689319221178,57.01549293843355,0.04356320015207679,0.04683837323476752,-0.011887222867535439,-0.04199467537571292,1987.4583333333128,2013.0416666666229,
Kal_flexLin,42/5_Kalman,c,4.744460555629964,0.05317657451406971,0,0,0.7709327890802236,0.7709327890802236,1.659617790541468,0.0456044519622528,-0.009417803430653057,257.24075753392754,156.7961236015572,0.0412619345558293,0.04309582133994038,-0.008396361266240281,-0.029959546063976585,1986.87499999998,2013.5416666666224,
GAM_AR1,42/4_GAM_AR1,c,6.755288348730945,0.04777182469574378,11,4,0.005816806203029568,0.18932849407807995,1.4004380890444545,0.05025406481014528,-0.008852358577481173,190.4595801100458,150.48595977588732,0.043864952990463224,0.04611076792258978,-0.007453254540792989,-0.03345770299892549,1986.87499999998,2013.374999999956,
CGWL10y_sfUKCP,44/44_EarthModel_CGWL,c,6.072768495883817,0.0503578356677486,0,0,0.9733333333333334,0.9733333333333334,1.7502365062839953,0.03808810887654559,0.0061013248218145105,255.53452991746332,153.72980255923056,0.03871776324881842,0.037688088134187184,0.0033394739689389884,0.002593369081711771,1986.0416666666474,2009.7083333332926,
