method_name,method_class,c/r,smooth_r,avg_unc.(1se),#q<0.5,#q<0.1,q_min,q_small5,log-likeli,RMS,bias,tlog-l,100log-l,100RMS,75RMS,100bias,bias50,xyear0.5,xyear1.0,xyear1.5
cent20y,42/1_Run_Means,r,1.0,0.030845666037721316,0,0,1.0,1.0,2.5716370639823882,0.0,0.0,398.60374491727015,235.81504916597882,0.0,0.0,0.0,0.0,1984.8749999999882,2010.041666666632,
GWI_anthro_CGWL,43/3_Human_Induced,c,2.370553069825209,0.0804023866346915,0,0,0.9775320990623553,0.9775320990623553,1.4310655266053478,0.05066135441809205,-0.008059469041010518,101.60565238897969,101.6056523889797,0.05066135441809206,0.05066135441809206,-0.008059469041010516,0.01749791248644184,1984.0416666666556,2010.4583333332982,
GWI_anthro_SR15,43/3_Human_Induced,c,2.1824786175052733,0.0729716342202651,0,0,0.937008813088729,0.937008813088729,1.4943649832107728,0.05021375140059606,-0.007609444766561234,106.09991380796487,106.09991380796487,0.05021375140059606,0.05021375140059606,-0.007609444766561234,0.009153175086186389,1985.5416666666542,2010.6249999999648,
GWI_anthro,43/3_Human_Induced,c,2.2776436668222613,0.07597032661300065,0,0,0.9532211553039855,0.9532211553039855,1.4844769543928742,0.04933956601895215,-0.0076374980425652815,105.39786376189407,105.39786376189406,0.04933956601895215,0.049339566018952154,-0.007637498042565283,0.012967284006393007,1984.3749999999886,2011.041666666631,
FaIR_nonat_unB,43/1_ERF_FaIR,c,4.666686954558367,0.02756146627989582,62,37,3.252107516305565e-25,1.0317368542402298e-21,-1157.5836535583153,0.3973563650601291,0.2420903678381954,-105340.11247380669,-105340.11247380669,0.3973563650601291,0.28785781560284895,0.2420903678381954,-7.155327767083004e-05,1985.791666666654,2010.9583333332978,
FaIR_anthro_unB,43/1_ERF_FaIR,c,4.300587654957368,0.024929301199623315,57,35,4.896152074996858e-28,4.436566808795516e-25,-1706.6708844442353,0.37704783125809566,0.22482602619564615,-155307.05048442542,-155307.05048442545,0.37704783125809566,0.27379474531928144,0.22482602619564615,-0.011757648094010684,1985.9583333333205,2011.708333333297,
