method_name,method_class,c/r,smooth_r,avg_unc.(1se),#q<0.5,#q<0.1,q_min,q_small5,log-likeli,RMS,bias,tlog-l,100log-l,100RMS,75RMS,100bias,bias50,xyear0.5,xyear1.0,xyear1.5
cent20y,42/1_Run_Means,r,1.0,0.02787764370736767,0,0,1.0,1.0,2.6739183853751727,0.0,0.0,414.4573497331518,241.90378698530515,0.0,0.0,0.0,0.0,1984.2083333333221,2010.7916666666313,
GWI_anthro_CGWL,43/3_Human_Induced,c,2.9504467086957304,0.07555774734315299,43,0,0.35897158718775457,0.35897158718775457,0.84657957804745,0.0977187678885114,-0.06721047391037649,60.107150041368946,60.10715004136894,0.0977187678885114,0.0977187678885114,-0.06721047391037648,-0.11530503390557455,1989.4583333333173,2017.2916666666254,
GWI_anthro_SR15,43/3_Human_Induced,c,2.6805409630318744,0.06853569370336193,11,0,0.3751055812888267,0.3751055812888267,1.073284831951541,0.07908842062855581,-0.044692577174526925,76.2032230685594,76.20322306855941,0.07908842062855582,0.07908842062855582,-0.044692577174526925,-0.08818420926537056,1988.041666666652,2016.7083333332926,
GWI_anthro,43/3_Human_Induced,c,2.892417181536627,0.07116252136567015,13,0,0.3737084351654358,0.3737084351654358,0.9774489883077394,0.08652929802310964,-0.05231037138383828,69.3988781698495,69.3988781698495,0.08652929802310963,0.08652929802310963,-0.052310371383838275,-0.09844065853434063,1988.7916666666513,2016.7916666666258,
FaIR_nonat_unB,43/1_ERF_FaIR,c,5.265937048757958,0.028183249611911525,63,40,3.53314184829311e-24,6.872598878900573e-21,-1009.2037915681026,0.3837234299242789,0.23337607268231736,-91837.54503269734,-91837.54503269732,0.38372342992427894,0.28150261147904193,0.2333760726823173,0.0029684064353590923,1984.9583333333214,2011.7916666666304,
FaIR_anthro_unB,43/1_ERF_FaIR,c,5.119863678583029,0.025645307891298545,68,40,7.759143984064739e-32,1.300306906909487e-27,-1605.854221262944,0.35950395616861275,0.2101426474406861,-146132.73413492792,-146132.73413492792,0.3595039561686127,0.26719790157644197,0.21014264744068614,-0.012453301378096632,1985.458333333321,2012.7083333332962,
