method_name,method_class,c/r,smooth_r,avg_unc.(1se),#q<0.5,#q<0.1,q_min,q_small5,log-likeli,RMS,bias,tlog-l,100log-l,100RMS,75RMS,100bias,bias50,xyear0.5,xyear1.0,xyear1.5
cent20y,42/1_Run_Means,r,1.0,0.030566904144207485,0,0,1.0,1.0,2.5805526452722027,0.0,0.0,399.98566001719144,236.52459079855288,0.0,0.0,0.0,0.0,1981.6249999999911,2008.0416666666338,
GWI_anthro_CGWL,43/3_Human_Induced,c,2.52955039731255,0.08532588361307311,0,0,0.9338700606668396,0.9338700606668396,1.2800964991524826,0.06726622541020384,0.009399055564897948,90.88685143982626,90.88685143982626,0.06726622541020384,0.06726622541020384,0.009399055564897948,0.04907256120591521,1980.5416666666588,2004.7083333333035,
GWI_anthro_SR15,43/3_Human_Induced,c,2.3344205747536777,0.0765870029648552,0,0,0.9437359177857314,0.9437359177857314,1.3667207720282883,0.06181070551206601,0.006062901411361256,97.03717481400847,97.03717481400847,0.06181070551206601,0.06181070551206601,0.006062901411361257,0.034459416458974684,1982.7083333333235,2003.3749999999714,
GWI_anthro,43/3_Human_Induced,c,2.475319138582888,0.08026837090244865,0,0,0.9057775458606825,0.9057775458606825,1.3410853819887636,0.06338257263918094,0.007393420789708694,95.21706212120222,95.21706212120222,0.06338257263918094,0.06338257263918094,0.007393420789708694,0.0408935078016948,1982.0416666666574,2004.541666666637,
FaIR_nonat_unB,43/1_ERF_FaIR,c,1.6442761916978206,0.02717591005373266,12,0,0.18034086405073327,0.18034086405073327,1.9493952995877881,0.033870713317857126,0.009700913017245539,177.39497226248872,177.3949722624887,0.03387071331785713,0.02423238435697425,0.009700913017245539,0.007075265449469176,1983.1249999999898,2008.124999999967,
FaIR_anthro_unB,43/1_ERF_FaIR,c,1.5740226364426733,0.02448720086341989,4,0,0.4257437564785835,0.5049544193420531,2.0445892002165813,0.029960061036340465,0.006932593864976052,186.0576172197089,186.0576172197089,0.02996006103634046,0.018678474471807222,0.006932593864976052,0.0025437754913783576,1980.8749999999918,2008.7083333332998,
