method_name,method_class,c/r,smooth_r,avg_unc.(1se),#q<0.5,#q<0.1,q_min,q_small5,log-likeli,RMS,bias,tlog-l,100log-l,100RMS,75RMS,100bias,bias50,xyear0.5,xyear1.0,xyear1.5
cent20y,42/1_Run_Means,r,1.0,0.026733076479661277,0,0,1.0,1.0,2.7168124897894823,0.0,0.0,421.1059359173698,244.84977870206936,0.0,0.0,0.0,0.0,1987.1249999999798,2013.2083333332894,
lowess1dg20wnc,42/3_ST_Fits,c,3.6084063455839197,0.0467651050193241,37,0,0.4245997639026239,0.4245997639026239,1.5158366164832777,0.04913325689361458,-0.01261108421195826,234.95467555490805,135.0287237547239,0.05015058168038323,0.04889294644002791,-0.015222182364891422,-0.04185072802516675,1989.3749999999777,2015.374999999954,
Kal_flexLin,42/5_Kalman,c,5.008933543745266,0.05317657451406971,0,0,0.881012853164603,0.881012853164603,1.656263524609499,0.04598469403841583,-0.011368281257237321,256.72084631447234,153.49377194571073,0.04334823981827849,0.043091202698275044,-0.010217421383678883,-0.02973409673409062,1988.0416666666456,2015.2916666666208,
GAM_AR1,42/4_GAM_AR1,c,6.747502534523079,0.04253801059728458,20,2,0.004547535705279174,0.3046019278720643,1.434670192320538,0.04916226913968207,-0.003958768617145977,195.11514615559318,130.29849757404804,0.04847700229628823,0.044446267695049405,-0.013124891742239258,-0.027763326043593606,1987.6249999999793,2015.2083333332876,
CGWL10y_sfUKCP,44/44_EarthModel_CGWL,c,6.392859149878326,0.05010742414141855,0,0,0.8673267326732673,0.8673267326732673,1.6123912884136766,0.04537910934274144,-0.0012263775039533995,235.40912810839677,151.74020231739797,0.0409641449926786,0.03934735310801872,0.002295725284607148,0.004885049119172107,1988.1249999999789,2014.7916666666213,
