method_name,method_class,c/r,smooth_r,avg_unc.(1se),#q<0.5,#q<0.1,q_min,q_small5,log-likeli,RMS,bias,tlog-l,100log-l,100RMS,75RMS,100bias,bias50,xyear0.5,xyear1.0,xyear1.5
cent20y,42/1_Run_Means,r,1.0,0.02926349066131987,0,0,1.0,1.0,2.6265401669867425,0.0,0.0,407.11372588294506,235.7614414944819,0.0,0.0,0.0,0.0,1985.291666666648,2009.7916666666258,
lowess1dg20wnc,42/3_ST_Fits,c,3.8797015166570668,0.1679775043972484,0,0,0.9986078043348874,0.9986078043348874,0.7843467615559303,0.0558043992056149,-0.015709943736814794,121.5737480411692,57.51198728598706,0.05201306571466123,0.0462042427467513,-0.016058669537567575,-0.04359878107180272,1987.7916666666458,2012.5416666666233,
Kal_flexLin,42/5_Kalman,c,5.30928982312737,0.05317657451406971,0,0,0.6390239661169093,0.6390239661169093,1.5409891688522455,0.05154445339035385,-0.010696607056485953,238.85332117209805,142.43128710178894,0.04970311624442868,0.03938986606835317,-0.011016798140687668,-0.03224467001920662,1987.1249999999798,2013.1249999999561,
GAM_AR1,42/4_GAM_AR1,c,7.796788321161894,0.05487166149676855,22,0,0.44675770689150784,0.44675770689150784,1.3325150703848914,0.061577867337320936,-0.008794928169099086,181.2220495723452,132.43407592978286,0.054780245633012,0.04305781521971197,-0.008547919273825248,-0.03518414632451413,1987.0416666666465,2012.8749999999563,
CGWL10y_sfUKCP,44/44_EarthModel_CGWL,c,6.248008161793906,0.05047308171708738,0,0,0.8864285714285716,0.8864285714285716,1.6087134707642148,0.04804685918017972,0.005862018058104276,234.87216673157536,140.90880512976412,0.048661878656016344,0.04213762817861704,0.0012839368838969958,0.004169830830955554,1986.4583333333137,2009.7916666666258,
