method_name,method_class,c/r,smooth_r,avg_unc.(1se),#q<0.5,#q<0.1,q_min,q_small5,log-likeli,RMS,bias,tlog-l,100log-l,100RMS,75RMS,100bias,bias50,xyear0.5,xyear1.0,xyear1.5
cent20y,42/1_Run_Means,r,1.0,0.026479627148766678,0,0,1.0,1.0,2.724063687574247,0.0,0.0,422.22987157400826,244.5824124364144,0.0,0.0,0.0,0.0,1987.3749999999795,2013.2083333332894,
lowess1dg20wnc,42/3_ST_Fits,c,3.2740827496860327,0.04302539672628405,47,0,0.23460918296066677,0.23460918296066677,1.4703257649116237,0.048293915444354615,-0.012484546036173869,227.9004935613017,133.47377284328724,0.04969635569399225,0.04906780476262844,-0.014592385834780425,-0.04036542248709253,1989.458333333311,2015.2916666666208,
Kal_flexLin,42/5_Kalman,c,4.583171120608735,0.05317657451406971,0,0,0.9137753957885832,0.9137753957885832,1.6586363811905078,0.04584483775852622,-0.010787130925126934,257.0886390845287,151.50030614935991,0.04456038440844978,0.04383125598638252,-0.00957288899082238,-0.027557543093221115,1988.6249999999784,2015.2083333332876,
GAM_AR1,42/4_GAM_AR1,c,7.163135699308491,0.04235190082467675,45,4,0.010470142435772954,0.11266309111905794,1.3390725920408257,0.05100138672785499,-0.0063773448162835296,182.1138725175523,125.28653131861282,0.05071416578601732,0.04596267479885147,-0.013347813361727962,-0.026285618809526727,1987.6249999999793,2015.041666666621,
CGWL10y_sfUKCP,44/44_EarthModel_CGWL,c,5.943945986432622,0.05028929117946856,0,0,0.9125,0.9125,1.6117878080001928,0.04344265296626029,0.0009394294040785012,235.32101996802814,151.83580686297108,0.03904247204657018,0.03593196977899145,0.003031042556534332,0.006385754573683722,1988.791666666645,2014.708333333288,
