method_name,method_class,c/r,smooth_r,avg_unc.(1se),#q<0.5,#q<0.1,q_min,q_small5,log-likeli,RMS,bias,tlog-l,100log-l,100RMS,75RMS,100bias,bias50,xyear0.5,xyear1.0,xyear1.5
cent20y,42/1_Run_Means,r,1.0,0.032683734697645433,0,0,1.0,1.0,2.514574438452129,0.0,0.0,389.75903796008,232.66964713432867,0.0,0.0,0.0,0.0,1984.9583333333214,2009.9583333332987,
GWI_anthro_CGWL,43/3_Human_Induced,c,2.3108854029770205,0.09013787344287026,0,0,0.9714456019304574,0.9714456019304574,1.229674558553013,0.07387363501906569,0.022569047189571076,87.30689365726393,87.30689365726394,0.07387363501906569,0.07387363501906569,0.022569047189571072,0.06382404062357265,1980.624999999992,2008.6249999999666,
GWI_anthro_SR15,43/3_Human_Induced,c,2.120520879660641,0.08038119458498838,0,0,0.9844852715512818,0.9844852715512818,1.3343039057237613,0.06267229165410498,0.016764918768714585,94.73557730638706,94.73557730638706,0.06267229165410498,0.06267229165410498,0.016764918768714585,0.046045748256057936,1983.4583333333228,2008.5416666666333,
GWI_anthro,43/3_Human_Induced,c,2.307304727373121,0.08439274032305569,0,0,0.9732678016179597,0.9732678016179597,1.292992594170438,0.06680773909511112,0.018871961522822975,91.80247418610111,91.80247418610111,0.06680773909511112,0.06680773909511112,0.01887196152282297,0.05368510784184122,1982.3749999999905,2009.2916666666326,
FaIR_nonat_unB,43/1_ERF_FaIR,c,4.650415285236294,0.0249324775792294,63,44,8.694243594383331e-23,2.4521431566203696e-21,-1106.6187397542533,0.3595615510815861,0.21009152520050572,-100702.30531763704,-100702.30531763704,0.3595615510815861,0.25709843290171724,0.21009152520050578,-0.012612697285156743,1986.5416666666533,2010.7916666666313,
