method_name,method_class,c/r,smooth_r,avg_unc.(1se),#q<0.5,#q<0.1,q_min,q_small5,log-likeli,RMS,bias,tlog-l,100log-l,100RMS,75RMS,100bias,bias50,xyear0.5,xyear1.0,xyear1.5
cent20y,42/1_Run_Means,r,1.0,0.02678476981502025,0,0,1.0,1.0,2.711986093063938,0.0,0.0,420.35784442491035,244.58192041157128,0.0,0.0,0.0,0.0,1984.2083333333221,2010.374999999965,
GWI_anthro_CGWL,43/3_Human_Induced,c,2.810983588148354,0.07986427212564853,0,0,0.9996618434152924,0.9996618434152924,1.4672818227948439,0.035989133878791234,-0.0009418091931373569,104.17700941843391,104.17700941843393,0.035989133878791234,0.035989133878791234,-0.0009418091931373569,-0.011918717703452127,1982.7083333333235,2014.7083333332944,
GWI_anthro_SR15,43/3_Human_Induced,c,2.559613027634063,0.0718942973336009,0,0,0.9678179338790431,0.9678179338790431,1.4969253712403736,0.04160741047039457,0.0032908846835309103,106.28170135806653,106.28170135806653,0.04160741047039457,0.04160741047039457,0.00329088468353091,-0.014313139006751545,1984.6249999999884,2014.7916666666276,
GWI_anthro,43/3_Human_Induced,c,2.6606934412886125,0.07496370006881033,0,0,0.9857048934436563,0.9857048934436563,1.490579902182168,0.038853076005242154,0.0021658342895527318,105.83117305493393,105.83117305493394,0.038853076005242154,0.038853076005242154,0.0021658342895527318,-0.012339626238342288,1983.208333333323,2014.7083333332944,
FaIR_nonat_unB,43/1_ERF_FaIR,c,5.2993138840621095,0.028168808125714484,53,41,9.233660571367303e-17,2.0830834417152167e-16,-627.2663708848701,0.3233894092706115,0.2126322121159119,-57081.23975052318,-57081.23975052318,0.32338940927061144,0.24090801931752998,0.21263221211591188,0.023451913009065403,1984.0416666666556,2010.8749999999645,
FaIR_anthro_unB,43/1_ERF_FaIR,c,5.122522322493021,0.024012743452790523,67,49,1.0528961698654102e-21,7.350197956170975e-21,-1055.4738342676328,0.3065074773154882,0.2081678612630349,-96048.1189183546,-96048.11891835462,0.30650747731548816,0.23035635347380726,0.2081678612630349,0.03254201684030917,1979.2083333333267,2010.7916666666313,
