method_name,method_class,c/r,smooth_r,avg_unc.(1se),#q<0.5,#q<0.1,q_min,q_small5,log-likeli,RMS,bias,tlog-l,100log-l,100RMS,75RMS,100bias,bias50,xyear0.5,xyear1.0,xyear1.5
cent20y,42/1_Run_Means,r,1.0,0.028343686504549274,0,0,1.0,1.0,2.6542958692669645,0.0,0.0,411.4158597363795,237.4003559822051,0.0,0.0,0.0,0.0,1988.041666666652,2013.1249999999625,
GWI_anthro_CGWL,43/3_Human_Induced,c,2.7070137727887778,0.0836289402122148,0,0,0.9948518870914645,0.9948518870914645,1.4042579878297528,0.05565114409560953,0.001181867619836409,99.70231713591244,99.70231713591244,0.055651144095609534,0.055651144095609534,0.001181867619836409,0.032729709771843266,1986.2916666666536,2014.291666666628,
GWI_anthro_SR15,43/3_Human_Induced,c,2.476504470753763,0.07559879283328698,0,0,0.9821451532466201,0.9821451532466201,1.5269233180726158,0.04426964415469555,0.0006718464977139125,108.41155558315573,108.41155558315575,0.04426964415469556,0.04426964415469556,0.0006718464977139125,0.022343447162559055,1986.791666666653,2014.6249999999611,
GWI_anthro,43/3_Human_Induced,c,2.6736896115883093,0.0788609467118807,0,0,0.9923040580131889,0.9923040580131889,1.4794386099673895,0.04898434175210207,0.0011103331230297847,105.04014130768465,105.04014130768465,0.048984341752102076,0.048984341752102076,0.0011103331230297847,0.027229715133566635,1986.2083333333203,2014.3749999999613,
FaIR_nonat_unB,43/1_ERF_FaIR,c,2.340395668192985,0.02754919721913927,4,0,0.1972784791889027,0.525564803804994,1.792553153720029,0.03671285211421395,0.0263090471117059,163.12233698852265,163.12233698852265,0.03671285211421395,0.02974001915805383,0.0263090471117059,0.027332542954723576,1987.4583333333192,2012.5416666666297,
FaIR_anthro_unB,43/1_ERF_FaIR,c,2.1181201755618058,0.024093673224366608,37,14,0.08323424494649229,0.08323424494649229,0.5717309382259486,0.04446713410505368,0.03177605728158428,52.02751537856132,52.02751537856133,0.04446713410505368,0.041584707987243334,0.03177605728158427,0.03821374809670709,1985.3749999999877,2012.624999999963,
