method_name,method_class,c/r,smooth_r,avg_unc.(1se),#q<0.5,#q<0.1,q_min,q_small5,log-likeli,RMS,bias,tlog-l,100log-l,100RMS,75RMS,100bias,bias50,xyear0.5,xyear1.0,xyear1.5
cent20y,42/1_Run_Means,r,1.0,0.027119294177871966,0,0,1.0,1.0,2.6991643298356274,0.0,0.0,418.3704711245222,243.04016849318953,0.0,0.0,0.0,0.0,1984.6249999999884,2010.6249999999648,
GWI_anthro_CGWL,43/3_Human_Induced,c,2.8409436385186178,0.07931361604335783,0,0,0.9970699324171384,0.9970699324171384,1.5254091528330755,0.02693445100618964,-0.0018951207760015088,108.30404985114836,108.30404985114836,0.02693445100618964,0.02693445100618964,-0.0018951207760015088,-0.00882775579169376,1984.3749999999886,2014.2083333332948,
GWI_anthro_SR15,43/3_Human_Induced,c,2.5889013982080478,0.07154932958476672,0,0,0.9748039393977844,0.9748039393977844,1.543876172784334,0.03698926204159091,0.0024033717833843236,109.61520826768772,109.61520826768772,0.03698926204159091,0.03698926204159091,0.0024033717833843236,-0.011754156503266925,1985.5416666666542,2014.2083333332948,
GWI_anthro,43/3_Human_Induced,c,2.6917948332476462,0.07457915512488693,0,0,0.9917834488420231,0.9917834488420231,1.541988449760037,0.03233884779863831,0.0012713425800066436,109.48117993296262,109.48117993296262,0.032338847798638305,0.032338847798638305,0.0012713425800066436,-0.009657800572391238,1984.458333333322,2014.2083333332948,
FaIR_nonat_unB,43/1_ERF_FaIR,c,4.919446083257676,0.028304686182324967,46,38,4.9708772658453076e-17,9.984317885303133e-17,-721.4949112649258,0.3440679533153454,0.22296159499945487,-65656.03692510824,-65656.03692510824,0.3440679533153454,0.2554771312651484,0.22296159499945487,0.019138647507846437,1984.6249999999884,2010.7916666666313,
FaIR_anthro_unB,43/1_ERF_FaIR,c,5.004733856019367,0.02407719481192221,60,44,9.266623918951957e-23,8.190956714782866e-22,-1249.6927455287127,0.3273978677776988,0.2179102483730513,-113722.03984311286,-113722.03984311286,0.32739786777769886,0.24476437664541725,0.2179102483730513,0.02539583083692934,1980.7083333333253,2010.9583333332978,
