method_name,method_class,c/r,smooth_r,avg_unc.(1se),#q<0.5,#q<0.1,q_min,q_small5,log-likeli,RMS,bias,tlog-l,100log-l,100RMS,75RMS,100bias,bias50,xyear0.5,xyear1.0,xyear1.5
cent20y,42/1_Run_Means,r,1.0,0.03169350683629165,0,0,1.0,1.0,2.5462620925808044,0.0,0.0,394.6706243500247,233.71234542301508,0.0,0.0,0.0,0.0,1985.0416666666547,2010.6249999999648,
GWI_anthro_CGWL,43/3_Human_Induced,c,2.4021334060768935,0.08616291353927001,0,0,0.955534278959776,0.955534278959776,1.3510237325837104,0.05651274135631324,0.006314757626009419,95.92268501344344,95.92268501344344,0.056512741356313234,0.056512741356313234,0.006314757626009419,0.038533198332535996,1982.9583333333233,2009.374999999966,
GWI_anthro_SR15,43/3_Human_Induced,c,2.2208458190576845,0.07751045560435903,0,0,0.9955337175225296,0.9955337175225296,1.4145160568257396,0.05419379082612654,0.00357202129559527,100.4306400346275,100.43064003462749,0.05419379082612654,0.05419379082612654,0.003572021295595271,0.024148788252920623,1985.2916666666545,2009.6249999999657,
GWI_anthro,43/3_Human_Induced,c,2.396784567747163,0.08114488220705202,0,0,0.9429977771055859,0.9429977771055859,1.4048050302844812,0.05376570822771693,0.004794465994950382,99.74115715019816,99.74115715019815,0.05376570822771693,0.05376570822771693,0.004794465994950382,0.030587666784088814,1983.7916666666558,2009.8749999999654,
FaIR_nonat_unB,43/1_ERF_FaIR,c,1.9543533705371905,0.026082719034972876,3,0,0.36068172810146654,0.7883472057074911,1.973322769084666,0.030254957260331564,0.005669869190667716,179.5723719867046,179.5723719867046,0.03025495726033157,0.023280942568655632,0.005669869190667716,0.0016348980149348909,1986.0416666666538,2011.4583333332973,
