method_name,method_class,c/r,smooth_r,avg_unc.(1se),#q<0.5,#q<0.1,q_min,q_small5,log-likeli,RMS,bias,tlog-l,100log-l,100RMS,75RMS,100bias,bias50,xyear0.5,xyear1.0,xyear1.5
cent20y,42/1_Run_Means,r,1.0,0.02737284230909709,0,0,1.0,1.0,2.694461881170914,0.0,0.0,417.6415915814917,237.39075621676062,0.0,0.0,0.0,0.0,1984.2083333333157,2011.0416666666247,
lowess1dg20wnc,42/3_ST_Fits,c,3.4041422879518217,0.17542708598331827,0,0,0.9994920300553018,0.9994920300553018,0.8010474509107952,0.05065713436039129,-0.013904176972029333,124.16235489117325,51.77189050649317,0.054586794719464656,0.044095021332798065,-0.015421344405104431,-0.0352053766244544,1986.4583333333137,2014.2916666666217,
Kal_flexLin,42/5_Kalman,c,4.658390042718219,0.05317657451406971,0,0,0.8528125836353506,0.9251982728842234,1.6244722987734674,0.04740862845756564,-0.009204485375077549,251.79320630988747,139.89984030718438,0.0510462022321901,0.03847718804400805,-0.010386670412527983,-0.026052135050017224,1982.958333333317,2014.2916666666217,
GAM_AR1,42/4_GAM_AR1,c,8.504081549682896,0.04308589217989622,31,12,4.224195915225353e-06,0.03752196112614098,1.2230041891803292,0.05435437134574942,-0.008978832197620912,166.32856972852477,101.81993856899268,0.05780008986093564,0.04041122176742625,-0.013411867791111733,-0.02440241186706717,1982.7916666666504,2014.1249999999552,
CGWL10y_sfUKCP,44/44_EarthModel_CGWL,c,6.113453307366349,0.050384461290894016,0,0,0.8558620689655173,0.8558620689655173,1.604116408143407,0.04896883955117858,0.005427979880645987,234.20099558893742,144.58205790156205,0.04804246640895748,0.04037542545882646,-0.002393686293961953,0.008265670061969748,1983.7083333333162,2013.2916666666226,
