method_name,method_class,c/r,smooth_r,avg_unc.(1se),#q<0.5,#q<0.1,q_min,q_small5,log-likeli,RMS,bias,tlog-l,100log-l,100RMS,75RMS,100bias,bias50,xyear0.5,xyear1.0,xyear1.5
cent20y,42/1_Run_Means,r,1.0,0.03125693270651891,0,0,1.0,1.0,2.559025824158943,0.0,0.0,396.64900274463616,230.44439496514858,0.0,0.0,0.0,0.0,1983.541666666656,2009.0416666666329,
GWI_anthro_CGWL,43/3_Human_Induced,c,2.4937506533976843,0.08281120969908451,0,0,0.9925571812531676,0.9925571812531676,1.4118671277688601,0.040534395669571475,-0.014415987407504284,100.24256607158907,100.24256607158907,0.040534395669571475,0.040534395669571475,-0.014415987407504284,-0.02172077431891173,1983.9583333333223,2013.0416666666292,
GWI_anthro_SR15,43/3_Human_Induced,c,2.2827532687999357,0.0751560010488843,0,0,0.9652052510540046,0.9652052510540046,1.4635507439133715,0.04384528642569673,-0.01040330847434083,103.91210281784937,103.91210281784936,0.04384528642569674,0.04384528642569673,-0.01040330847434083,-0.023695834177933306,1985.2083333333212,2012.8749999999627,
GWI_anthro,43/3_Human_Induced,c,2.4053927031181446,0.07810863135103639,0,0,0.9788478387000032,0.9788478387000032,1.4605487133677513,0.04122249042752141,-0.011426377103085252,103.69895864911034,103.69895864911035,0.0412224904275214,0.04122249042752141,-0.011426377103085252,-0.021982072507111976,1984.2083333333221,2012.958333333296,
FaIR_nonat_unB,43/1_ERF_FaIR,c,1.8853039677572963,0.026841890442236713,30,0,0.10079704485343832,0.10079704485343832,0.5785190064205475,0.05277800341317282,-0.019073086015912812,52.64522958426983,52.64522958426983,0.05277800341317282,0.037322376041929346,-0.019073086015912816,0.010699426087372345,1984.0416666666556,2009.9583333332987,
