method_name,method_class,c/r,smooth_r,avg_unc.(1se),#q<0.5,#q<0.1,q_min,q_small5,log-likeli,RMS,bias,tlog-l,100log-l,100RMS,75RMS,100bias,bias50,xyear0.5,xyear1.0,xyear1.5
cent20y,42/1_Run_Means,r,1.0,0.03238996198099068,0,0,1.0,1.0,2.5234841643973747,0.0,0.0,391.14004548159306,231.9723287026497,0.0,0.0,0.0,0.0,1985.1249999999816,2010.208333333292,
lowess1dg20wnc,42/3_ST_Fits,c,3.7824905115759244,0.19051419939361977,0,0,0.9999283316050972,0.9999283316050972,0.69651086962133,0.05913099999777235,-0.006144936906447656,107.95918479130616,50.522946647553894,0.04854180383180361,0.04489486002350776,-0.010860217286228139,-0.040442001575229036,1987.7083333333126,2013.2916666666226,
Kal_flexLin,42/5_Kalman,c,5.126805562120527,0.05317657451406971,18,3,0.02835040719744175,0.25268828366336155,1.4169391171532735,0.056922630947794636,-0.008428678288804111,219.6255631587574,145.7202185496182,0.04790192549941775,0.04170802935578635,-0.00795801678550285,-0.029683667291035786,1987.1249999999798,2013.708333333289,
GAM_AR1,42/4_GAM_AR1,c,6.466372322909424,0.06512865774131772,13,0,0.2571046505187381,0.4448505833516226,1.2953465495557903,0.061529984953537835,-0.00452108103530445,176.1671307395875,136.79133035485148,0.04824550698990198,0.042783966460601064,-0.006116783307749619,-0.030345272617733086,1986.9583333333132,2013.4583333332891,
CGWL10y_sfUKCP,44/44_EarthModel_CGWL,c,6.222413345279982,0.05043215888642496,0,0,0.888695652173913,0.888695652173913,1.6263873279280596,0.04613218956137628,0.0004885953519268695,237.4525498774967,145.62323280558581,0.04627688262995496,0.04127368995683953,-0.0015462426963408404,0.0018160540167332009,1986.208333333314,2011.8749999999573,
