method_name,method_class,c/r,smooth_r,avg_unc.(1se),#q<0.5,#q<0.1,q_min,q_small5,log-likeli,RMS,bias,tlog-l,100log-l,100RMS,75RMS,100bias,bias50,xyear0.5,xyear1.0,xyear1.5
cent20y,42/1_Run_Means,r,1.0,0.031194540547683478,0,0,1.0,1.0,2.5633441698385444,0.0,0.0,397.3183463249744,234.92766148685251,0.0,0.0,0.0,0.0,1985.0416666666547,2010.2916666666317,
GWI_anthro_CGWL,43/3_Human_Induced,c,2.3349326150942002,0.08429616209638528,0,0,0.8607388154907827,0.8607388154907827,1.1611160243459846,0.07120220496625572,-0.028868302442735534,82.4392377285649,82.43923772856492,0.07120220496625572,0.0712022049662557,-0.028868302442735534,0.008298071224501467,1986.124999999987,2009.6249999999657,
GWI_anthro_SR15,43/3_Human_Induced,c,2.17966419189908,0.07692672381708193,0,0,0.7974356612896184,0.7974356612896184,1.26956636697516,0.06536790766158783,-0.027768803754087423,90.13921205523636,90.13921205523636,0.06536790766158782,0.06536790766158783,-0.027768803754087426,-0.0019283263081688112,1986.6249999999866,2009.9583333332987,
GWI_anthro,43/3_Human_Induced,c,2.364822542151578,0.07996875063092258,0,0,0.7786149145726511,0.7786149145726511,1.2429666195323499,0.06655914576976245,-0.02752945590257973,88.25062998679684,88.25062998679684,0.06655914576976245,0.06655914576976245,-0.027529455902579734,0.0029571612858049026,1985.9583333333205,2010.2916666666317,
FaIR_nonat_unB,43/1_ERF_FaIR,c,4.4133868717979725,0.026028468782065,49,38,2.299617407109512e-22,1.7123639108971354e-19,-1035.5236532791967,0.3577325731381434,0.23040826353049518,-94232.6524484069,-94232.65244840688,0.35773257313814333,0.2693109604072411,0.23040826353049523,0.014644675368910951,1985.7083333333208,2010.2916666666317,
FaIR_anthro_unB,43/1_ERF_FaIR,c,4.249934144548139,0.023642192510723567,70,57,2.0162326224534022e-25,4.751674089144544e-24,-1471.9998761208578,0.34613293656045974,0.23604179559940675,-133951.98872699807,-133951.98872699804,0.34613293656045974,0.26320241933088095,0.2360417955994068,0.031598149521448377,1980.7916666666586,2010.2083333332985,
