method_name,method_class,c/r,smooth_r,avg_unc.(1se),#q<0.5,#q<0.1,q_min,q_small5,log-likeli,RMS,bias,tlog-l,100log-l,100RMS,75RMS,100bias,bias50,xyear0.5,xyear1.0,xyear1.5
cent20y,42/1_Run_Means,r,1.0,0.031195781715020042,0,0,1.0,1.0,2.563304084080391,0.0,0.0,397.3121330324606,234.9284316417045,0.0,0.0,0.0,0.0,1988.708333333318,2013.8749999999618,
GWI_anthro_CGWL,43/3_Human_Induced,c,2.3351924842372624,0.0842961621404382,0,0,0.8485906795492437,0.8485906795492437,1.1708862765446197,0.07046747680145542,-0.026974886532126124,83.132925634668,83.13292563466797,0.07046747680145542,0.07046747680145542,-0.026974886532126124,0.01020195819722427,1988.708333333318,2014.5416666666279,
GWI_anthro_SR15,43/3_Human_Induced,c,2.1800237007627765,0.07692672392895614,0,0,0.8191352470257918,0.8191352470257918,1.2799045265252247,0.06459358929515227,-0.025875381056286104,90.87322138329095,90.87322138329097,0.06459358929515227,0.06459358929515227,-0.025875381056286104,-2.4313969068126914e-05,1989.2083333333176,2015.0416666666274,
GWI_anthro,43/3_Human_Induced,c,2.3656936071428993,0.07996875214298765,0,0,0.7982570016156989,0.7982570016156989,1.2529715445413718,0.06580622706738547,-0.025637892007745845,88.9609796624374,88.96097966243738,0.06580622706738547,0.06580622706738547,-0.025637892007745848,0.004858251920050361,1988.8749999999845,2014.7916666666276,
FaIR_nonat_unB,43/1_ERF_FaIR,c,2.1342298600945027,0.025984665697235097,50,20,0.010563849200532579,0.03663095947811646,-1.0252545733878524,0.05568305432732746,0.04018066626840228,-93.29816617829458,-93.29816617829457,0.05568305432732746,0.0470929736687206,0.040180666268402276,0.016555390872766484,1989.2916666666508,2013.7083333332953,
FaIR_anthro_unB,43/1_ERF_FaIR,c,2.0677919110403784,0.02365601941375663,70,42,0.008242115026446948,0.008242115026446948,-4.3793590340490685,0.0626249126336562,0.05291899580657387,-398.5216720984652,-398.5216720984653,0.0626249126336562,0.05843568932483498,0.05291899580657387,0.033495182235849075,1987.7916666666522,2013.4583333332955,
