method_name,method_class,c/r,smooth_r,avg_unc.(1se),#q<0.5,#q<0.1,q_min,q_small5,log-likeli,RMS,bias,tlog-l,100log-l,100RMS,75RMS,100bias,bias50,xyear0.5,xyear1.0,xyear1.5
cent20y,42/1_Run_Means,r,1.0,0.028183064151438786,0,0,1.0,1.0,2.662833009533797,0.0,0.0,412.73911647773855,237.98742239734096,0.0,0.0,0.0,0.0,1991.7916666666422,,
lowess1dg20wnc,42/3_ST_Fits,c,3.5437296296660583,0.04627264244028972,2,0,0.44241170303754496,0.5149924503365897,1.5352732286573552,0.04951492579060569,-0.014314605378271323,237.96735044189003,137.78794727732804,0.04922394646155535,0.04226050027323333,-0.01726415085289311,-0.037482624989534793,1990.8749999999764,2016.7083333332862,
Kal_flexLin,42/5_Kalman,c,4.707929841270094,0.05317657451406971,0,0,0.5184149266664392,0.7715539000477689,1.608256355982224,0.04836240302990441,-0.009525233971083761,249.27973517724473,144.55950616198794,0.04854522375296395,0.0393106467704109,-0.01221468537346498,-0.02746602215097147,1990.124999999977,2016.2083333332866,
GAM_AR1,42/4_GAM_AR1,c,7.478614100059822,0.045657594751090144,26,11,4.2234844265476664e-06,0.06162848515399021,1.1647062019422754,0.05638045665127398,-0.010306175842419723,158.40004346414946,93.03757798883322,0.06034341816273995,0.04479946037343061,-0.020636163269021884,-0.03683740628831089,1990.3749999999768,2015.9583333332869,
CGWL10y_sfUKCP,44/44_EarthModel_CGWL,c,6.024243701222233,0.05093698966647348,0,0,0.88,0.88,1.6162901689872848,0.04756922435075698,0.010653048003322767,235.97836467214358,141.07804936356757,0.04679759125955266,0.04092062411065195,0.003635225949848025,0.010413316677212703,1990.791666666643,2015.9583333332869,
