method_name,method_class,c/r,smooth_r,avg_unc.(1se),#q<0.5,#q<0.1,q_min,q_small5,log-likeli,RMS,bias,tlog-l,100log-l,100RMS,75RMS,100bias,bias50,xyear0.5,xyear1.0,xyear1.5
cent20y,42/1_Run_Means,r,1.0,0.03199270825253571,0,0,1.0,1.0,2.535634591970514,0.0,0.0,393.0233617554297,231.92368391532972,0.0,0.0,0.0,0.0,1984.8749999999882,2010.374999999965,
GWI_anthro_CGWL,43/3_Human_Induced,c,2.4590049907372498,0.09278744962877768,0,0,0.9462774375943015,0.9462774375943015,1.154378779056587,0.07811319948743858,0.028424293621002707,81.96089331301766,81.96089331301766,0.0781131994874386,0.07811319948743858,0.028424293621002707,0.07307922594791293,1980.624999999992,2008.2916666666335,
GWI_anthro_SR15,43/3_Human_Induced,c,2.256176088167333,0.08233204226226212,0,0,0.9615393908061922,0.9615393908061922,1.257262513012867,0.06759182982141543,0.021210877600843808,89.26563842391356,89.26563842391357,0.06759182982141543,0.06759182982141543,0.021210877600843815,0.05224267790266632,1983.541666666656,2006.7083333333017,
GWI_anthro,43/3_Human_Induced,c,2.403209799660736,0.08673843455672611,0,0,0.9626815200074611,0.9626815200074611,1.2113736800550432,0.07162231740880137,0.023960557504286332,86.00753128390807,86.00753128390808,0.07162231740880136,0.07162231740880137,0.023960557504286332,0.061250416761597655,1982.3749999999905,2009.2083333332994,
FaIR_nonat_unB,43/1_ERF_FaIR,c,4.300263538492775,0.024723041597703197,47,37,1.6511645423313324e-24,1.9626656774600647e-20,-1039.7409342134902,0.34937052115892003,0.21654415175420036,-94616.42501342761,-94616.42501342761,0.34937052115892003,0.2559589019139546,0.21654415175420036,0.00366385721230211,1986.124999999987,2011.1249999999643,
FaIR_anthro_unB,43/1_ERF_FaIR,c,4.215904867758192,0.023072628606202825,54,45,1.137532559099457e-28,7.20629272290063e-24,-1414.3194934986614,0.33549968053279206,0.22147722854995786,-128703.07390837818,-128703.07390837818,0.335499680532792,0.24843714497481578,0.2214772285499578,0.02251205746671501,1980.7916666666586,2010.4583333332982,
