method_name,method_class,c/r,smooth_r,avg_unc.(1se),#q<0.5,#q<0.1,q_min,q_small5,log-likeli,RMS,bias,tlog-l,100log-l,100RMS,75RMS,100bias,bias50,xyear0.5,xyear1.0,xyear1.5
cent20y,42/1_Run_Means,r,1.0,0.02900997289153699,0,0,1.0,1.0,2.6392317181921183,0.0,0.0,409.08091631977834,241.1699609526177,0.0,0.0,0.0,0.0,1977.374999999995,2005.3749999999695,
GWI_anthro_CGWL,43/3_Human_Induced,c,2.5171582094081733,0.07073072714647881,0,0,0.6841622410850597,0.6841622410850597,1.3223832417926307,0.06283182288736401,-0.05619837195324884,93.88921016727677,93.88921016727676,0.06283182288736401,0.06283182288736401,-0.056198371953248845,-0.05391489759143973,1982.208333333324,2007.2083333333012,
GWI_anthro_SR15,43/3_Human_Induced,c,2.3005677169498777,0.06588734105964456,0,0,0.8715650059430834,0.8715650059430834,1.476480950420564,0.05293586476683117,-0.04310709572597738,104.83014747986005,104.83014747986005,0.052935864766831174,0.05293586476683117,-0.04310709572597739,-0.04282147964209611,1981.6249999999911,2006.0416666666356,
GWI_anthro,43/3_Human_Induced,c,2.3416823156578777,0.06763593458788741,0,0,0.806271113829098,0.806271113829098,1.429268050671492,0.055565855301642826,-0.047358677657290904,101.47803159767594,101.47803159767594,0.055565855301642826,0.055565855301642826,-0.047358677657290925,-0.04679883133496488,1981.7916666666576,2007.2083333333012,
FaIR_nonat_unB,43/1_ERF_FaIR,c,2.0749794794436607,0.028538018162971638,19,0,0.3390461997019374,0.3390461997019374,1.89496047913209,0.03468314587930361,-0.01610778629870204,172.4414036010202,172.44140360102023,0.0346831458793036,0.037171520799290925,-0.01610778629870204,-0.006685531045797516,1979.3749999999932,2004.0416666666374,
