method_name,method_class,c/r,smooth_r,avg_unc.(1se),#q<0.5,#q<0.1,q_min,q_small5,log-likeli,RMS,bias,tlog-l,100log-l,100RMS,75RMS,100bias,bias50,xyear0.5,xyear1.0,xyear1.5
cent20y,42/1_Run_Means,r,1.0,0.026730870092850807,0,0,1.0,1.0,2.7207783702336377,0.0,0.0,421.72064738621384,238.05942544167937,0.0,0.0,0.0,0.0,1984.791666666655,2010.2083333332985,
GWI_anthro_CGWL,43/3_Human_Induced,c,2.841962148688788,0.08727993941126985,0,0,0.8876112912697991,0.8876112912697991,1.2918451469973378,0.06615771859848671,0.026241550589735298,91.72100543681098,91.721005436811,0.06615771859848671,0.06615771859848671,0.026241550589735294,0.06476827074268048,1980.958333333325,2008.2083333333003,
GWI_anthro_SR15,43/3_Human_Induced,c,2.632517933939387,0.07726847133991158,0,0,0.9227119648864582,0.9227119648864582,1.3657276895461048,0.05927966728817513,0.0210114137226405,96.96666595777344,96.96666595777344,0.05927966728817513,0.05927966728817513,0.0210114137226405,0.04582989712297171,1983.4583333333228,2008.2083333333003,
GWI_anthro,43/3_Human_Induced,c,2.938547045553014,0.08150374483106206,0,0,0.9367322792943474,0.9367322792943474,1.334930291855789,0.06169050898888626,0.02316699087189457,94.78005072176101,94.78005072176103,0.06169050898888626,0.06169050898888626,0.02316699087189457,0.05411479946561686,1982.4583333333237,2009.0416666666329,
FaIR_nonat_unB,43/1_ERF_FaIR,c,5.822209055662885,0.02809815728386995,47,40,1.291715941342368e-16,1.291715941342368e-16,-827.3826883370673,0.3703018176983818,0.2369802111122607,-75291.82463867312,-75291.82463867312,0.3703018176983818,0.2721820613943903,0.23698021111226075,0.018670253819709916,1984.3749999999886,2010.374999999965,
FaIR_anthro_unB,43/1_ERF_FaIR,c,5.014319058636568,0.02429079088638471,74,42,2.6540045538121665e-23,7.864793133917458e-23,-1340.9930797473257,0.3603977182645275,0.24225767215298666,-122030.37025700664,-122030.37025700664,0.36039771826452754,0.26474919942324954,0.2422576721529867,0.033837091577283075,1980.291666666659,2010.1249999999652,
