method_name,method_class,c/r,smooth_r,avg_unc.(1se),#q<0.5,#q<0.1,q_min,q_small5,log-likeli,RMS,bias,tlog-l,100log-l,100RMS,75RMS,100bias,bias50,xyear0.5,xyear1.0,xyear1.5
cent20y,42/1_Run_Means,r,1.0,0.026081818000908828,0,0,1.0,1.0,2.7418421513632762,0.0,0.0,424.9855334613078,241.44541731397928,0.0,0.0,0.0,0.0,1988.9583333333178,2015.3749999999604,
GWI_anthro_CGWL,43/3_Human_Induced,c,2.8768333317777537,0.08556009751894939,0,0,0.7852510218757515,0.7852510218757515,1.272115162258451,0.06832552938584763,0.019215148114604896,90.32017652035002,90.32017652035003,0.06832552938584763,0.06832552938584763,0.019215148114604896,0.06025195878327614,1985.3749999999877,2014.5416666666279,
GWI_anthro_SR15,43/3_Human_Induced,c,2.6517297607964463,0.07600834275451956,0,0,0.9258674709365756,0.9258674709365756,1.3450090785203128,0.06249443193521901,0.015777171065064734,95.4956445749422,95.49564457494222,0.06249443193521901,0.06249443193521901,0.015777171065064738,0.043597968874189756,1986.6249999999866,2015.0416666666274,
GWI_anthro,43/3_Human_Induced,c,2.8788031242518763,0.08001244701323595,0,0,0.8399193672030963,0.8399193672030963,1.3171707496403289,0.06452522796537498,0.017409063786620757,93.51912322446334,93.51912322446336,0.06452522796537499,0.06452522796537499,0.017409063786620757,0.05104137104085875,1985.458333333321,2014.7916666666276,
FaIR_nonat_unB,43/1_ERF_FaIR,c,3.2252029338102335,0.02843610054401574,52,24,0.0022698361134505882,0.037522909202590986,-2.541101454908441,0.07421322358534656,0.05399855121781581,-231.24023239666812,-231.2402323966681,0.07421322358534656,0.05556604506300245,0.05399855121781581,0.0275241605299206,1987.9583333333187,2014.7916666666276,
FaIR_anthro_unB,43/1_ERF_FaIR,c,3.044391078622842,0.024420543027683036,88,53,0.0023372843505693962,0.0026607174344933414,-10.145271079261535,0.08027106201562201,0.06918864975825,-923.2196682127998,-923.2196682127997,0.08027106201562201,0.06387156519329701,0.06918864975825,0.04667287795651067,1985.9583333333205,2014.2083333332948,
