method_name,method_class,c/r,smooth_r,avg_unc.(1se),#q<0.5,#q<0.1,q_min,q_small5,log-likeli,RMS,bias,tlog-l,100log-l,100RMS,75RMS,100bias,bias50,xyear0.5,xyear1.0,xyear1.5
cent20y,42/1_Run_Means,r,1.0,0.03241209439376533,0,0,1.0,1.0,2.5255314198173333,0.0,0.0,391.4573700716867,233.60437116151542,0.0,0.0,0.0,0.0,1980.708333333319,2006.7083333332953,
lowess1dg20wnc,42/3_ST_Fits,c,3.9675792326679695,0.06921185426103381,8,4,0.07590514807850077,0.18764266361074222,1.2291829220499675,0.0642922788033032,-0.017166490662968516,190.52335291774494,133.0680770054864,0.04827211105704625,0.04448596393456639,-0.009260122565616709,-0.03984976320729404,1985.2083333333148,2006.7916666666285,
Kal_flexLin,42/5_Kalman,c,5.26761135285396,0.05317657451406971,31,5,0.020357697727565693,0.03542194776092823,1.3297435844306507,0.06122775651267826,-0.0071456915015656,206.11025558675084,146.5017657737055,0.047463859301920444,0.03990605837057886,-0.00677907711442574,-0.028919121732964757,1982.2083333333176,2006.291666666629,
GAM_AR1,42/4_GAM_AR1,c,10.013802248280449,0.06626303484168812,14,7,0.025882669481101215,0.04079218838912211,1.1146053819003094,0.06995187635932931,-0.002195178291823564,151.58633193844207,135.13150534881095,0.04956658449583346,0.04365631340304759,-0.0051913914417577025,-0.03251612300936903,1982.7083333333171,2006.5416666666288,
CGWL10y_sfUKCP,44/44_EarthModel_CGWL,c,5.860673845423236,0.05113765145501783,0,0,0.9397701149425287,0.9397701149425287,1.6141000627867947,0.04576076240316179,0.0009355134293642638,235.65860916687203,141.2640194700949,0.04622359616887945,0.038632328021754765,-0.007180124128318897,0.00011335803197193157,1982.8749999999836,2004.8749999999636,
