method_name,method_class,c/r,smooth_r,avg_unc.(1se),#q<0.5,#q<0.1,q_min,q_small5,log-likeli,RMS,bias,tlog-l,100log-l,100RMS,75RMS,100bias,bias50,xyear0.5,xyear1.0,xyear1.5
cent20y,42/1_Run_Means,r,1.0,0.03266631596129667,0,0,1.0,1.0,2.515351089329868,0.0,0.0,389.8794188461295,230.5788084195588,0.0,0.0,0.0,0.0,1986.0416666666538,2012.2083333332967,
GWI_anthro_CGWL,43/3_Human_Induced,c,2.4403529760342,0.08616104617693839,0,0,0.9890454415645966,0.9890454415645966,1.3477449550427876,0.05854450663861066,0.0033227060825887322,95.68989180803791,95.68989180803791,0.05854450663861066,0.05854450663861066,0.0033227060825887322,0.03758435220545229,1984.458333333322,2011.7916666666304,
GWI_anthro_SR15,43/3_Human_Induced,c,2.2334636289439542,0.07792387082462139,0,0,0.989430083471408,0.989430083471408,1.4241476738941459,0.053180424658434804,0.0017789739870749846,101.11448484648436,101.11448484648437,0.0531804246584348,0.053180424658434804,0.0017789739870749846,0.025150019207472653,1986.0416666666538,2012.29166666663,
GWI_anthro,43/3_Human_Induced,c,2.3711388052353612,0.08124958548328882,0,0,0.9787945246082996,0.9787945246082996,1.3990548295839542,0.0547169648648226,0.002674911023967027,99.33289290046075,99.33289290046076,0.0547169648648226,0.0547169648648226,0.002674911023967027,0.03078189823246998,1984.791666666655,2012.2083333332967,
FaIR_nonat_unB,43/1_ERF_FaIR,c,1.8465973446968855,0.02468021946039743,3,0,0.23281893292805486,0.5280380499405469,1.5416116841877798,0.03370085033470583,0.002926602667577348,140.28666326108797,140.28666326108794,0.03370085033470583,0.0267416914632399,0.002926602667577348,-0.008230259676818093,1987.5416666666524,2012.624999999963,
