method_name,method_class,c/r,smooth_r,avg_unc.(1se),#q<0.5,#q<0.1,q_min,q_small5,log-likeli,RMS,bias,tlog-l,100log-l,100RMS,75RMS,100bias,bias50,xyear0.5,xyear1.0,xyear1.5
cent20y,42/1_Run_Means,r,1.0,0.028728306138772502,0,0,1.0,1.0,2.647754624557361,0.0,0.0,410.40196680639093,240.96227069821015,0.0,0.0,0.0,0.0,1984.624999999982,2010.791666666625,
lowess1dg20wnc,42/3_ST_Fits,c,3.4629143856545106,0.21326783229927118,0,0,0.9993789550172645,0.9993789550172645,0.606611406310432,0.0450269624559513,-0.012820210197448022,94.02476797811696,40.47853379824858,0.042644198793100885,0.04435190559875101,-0.015323792137886075,-0.03155821757223557,1986.541666666647,2014.2916666666217,
Kal_flexLin,42/5_Kalman,c,4.772542069643004,0.05317657451406971,0,0,0.9857574446455329,0.9857574446455329,1.6994450062812358,0.04384887238682642,-0.010604073797919786,263.41397597359156,157.55735188497545,0.040765878338119566,0.04152644037924997,-0.011641690992087691,-0.02216549473314375,1985.9583333333142,2014.374999999955,
GAM_AR1,42/4_GAM_AR1,c,3.575357391341596,0.039206862562626704,25,13,3.5961177393218774e-08,6.368364044085476e-05,0.973403455410434,0.05311660733788921,-0.026766728263034736,132.38286993581903,45.03815127240265,0.05932419846190142,0.06216102469072761,-0.03617394844051524,-0.05605593288122024,1987.7916666666458,2014.041666666622,
CGWL10y_sfUKCP,44/44_EarthModel_CGWL,c,6.46608207074969,0.050300998841562576,0,0,0.9236734693877551,0.9236734693877551,1.6832808946737663,0.04255624661221398,-0.008466002315056956,245.75901062236989,151.54549501086757,0.04117783072147192,0.04046980037564047,-0.006721458846939976,-0.00271789248399739,1985.9583333333142,2013.2083333332894,
