method_name,method_class,c/r,smooth_r,avg_unc.(1se),#q<0.5,#q<0.1,q_min,q_small5,log-likeli,RMS,bias,tlog-l,100log-l,100RMS,75RMS,100bias,bias50,xyear0.5,xyear1.0,xyear1.5
cent20y,42/1_Run_Means,r,1.0,0.02737284230909709,0,0,1.0,1.0,2.694461881170914,0.0,0.0,417.6415915814917,237.39075621676062,0.0,0.0,0.0,0.0,1984.2083333333221,2011.041666666631,
GWI_anthro_CGWL,43/3_Human_Induced,c,2.7750901811868323,0.08729692470455787,0,0,0.9958274062888312,0.9958274062888312,1.2498433007377612,0.0726026138642515,0.03368848884101296,88.73887435238105,88.73887435238106,0.0726026138642515,0.0726026138642515,0.03368848884101297,0.07172410371349684,1979.8749999999927,2009.5416666666324,
GWI_anthro_SR15,43/3_Human_Induced,c,2.5805685291904377,0.07722947822005172,0,0,0.9629520243433446,0.9629520243433446,1.3298088673544228,0.06410790030717194,0.028332673889387525,94.41642958216401,94.41642958216403,0.06410790030717194,0.06410790030717194,0.02833267388938753,0.05406640421929141,1982.3749999999905,2009.6249999999657,
GWI_anthro,43/3_Human_Induced,c,2.780099173502681,0.08147249074076073,0,0,0.9822857343095999,0.9822857343095999,1.2953428909139908,0.06728805245717083,0.030389641873011405,91.96934525489334,91.96934525489334,0.06728805245717083,0.06728805245717083,0.030389641873011405,0.06190258788861063,1981.2083333333248,2009.9583333332987,
FaIR_nonat_unB,43/1_ERF_FaIR,c,5.02541140955766,0.027715193739688657,55,35,2.2781831068437633e-18,1.2478526183975867e-16,-790.3316978710401,0.353157671559193,0.22108053998240787,-71920.18450626465,-71920.18450626463,0.353157671559193,0.2556385340950899,0.22108053998240781,0.012024026101251282,1983.7916666666558,2011.9583333332969,
