method_name,method_class,c/r,smooth_r,avg_unc.(1se),#q<0.5,#q<0.1,q_min,q_small5,log-likeli,RMS,bias,tlog-l,100log-l,100RMS,75RMS,100bias,bias50,xyear0.5,xyear1.0,xyear1.5
cent20y,42/1_Run_Means,r,1.0,0.02998826221127695,0,0,1.0,1.0,2.599170391339223,0.0,0.0,402.87141065757953,237.0064668249709,0.0,0.0,0.0,0.0,1984.8749999999818,2010.5416666666251,
lowess1dg20wnc,42/3_ST_Fits,c,3.5977477468733063,0.18180826546466328,0,0,0.9999659110747761,0.9999659110747761,0.7358009486558459,0.052801143404379546,-0.012078750470175079,114.04914704165611,53.07329071021287,0.04481277509234346,0.04130612165545535,-0.012670972603953572,-0.03952481156999227,1987.2916666666463,2013.0416666666229,
Kal_flexLin,42/5_Kalman,c,4.818848580849881,0.05317657451406971,11,0,0.30715387828681767,0.30715387828681767,1.4811988371980755,0.0542854340281836,-0.009982483438459632,229.5858197657017,149.30803407396468,0.04585643619025779,0.038928046062748925,-0.008744507001650314,-0.028487072426114996,1986.7916666666467,2013.5416666666224,
GAM_AR1,42/4_GAM_AR1,c,7.511536450357113,0.054144141942633964,32,0,0.10506036759847986,0.21298091368162667,1.193603594341554,0.06657343384738745,-0.013237322798568648,162.33008883045133,128.76703995662544,0.054168740434530314,0.051852285414457536,-0.014575048161101006,-0.04691735999191681,1989.124999999978,2013.2916666666226,
CGWL10y_sfUKCP,44/44_EarthModel_CGWL,c,5.829627126146609,0.050318319927300174,0,0,0.98,0.98,1.6904453008006044,0.04267137907858095,-0.000588875070000759,246.80501391688824,147.57337498911244,0.04453076375365505,0.03944942113680792,0.00013692817268901492,0.007535029057741169,1985.4583333333146,2009.7916666666258,
