method_name,method_class,c/r,smooth_r,avg_unc.(1se),#q<0.5,#q<0.1,q_min,q_small5,log-likeli,RMS,bias,tlog-l,100log-l,100RMS,75RMS,100bias,bias50,xyear0.5,xyear1.0,xyear1.5
cent20y,42/1_Run_Means,r,1.0,0.028720925668913776,0,0,1.0,1.0,2.649032922871871,0.0,0.0,410.60010304514003,241.2338466807788,0.0,0.0,0.0,0.0,1979.7916666666595,2007.3749999999677,
GWI_anthro_CGWL,43/3_Human_Induced,c,2.581374165592893,0.06987237418112004,0,0,0.8766940268714792,0.8766940268714792,1.44817930058202,0.05373251466960887,-0.045629923281296406,102.82073034132343,102.82073034132341,0.05373251466960887,0.05373251466960887,-0.045629923281296406,-0.05176745791428349,1984.2083333333221,2009.708333333299,
GWI_anthro_SR15,43/3_Human_Induced,c,2.368746953687775,0.06494198203889663,0,0,0.9959866832334132,0.9959866832334132,1.5608097420390241,0.04549182434197737,-0.032968928093176454,110.81749168477072,110.81749168477072,0.04549182434197737,0.04549182434197737,-0.03296892809317645,-0.04141004976514016,1983.7916666666558,2009.4583333332992,
GWI_anthro,43/3_Human_Induced,c,2.403460451913048,0.06673613986669066,0,0,0.9969090315353374,0.9969090315353374,1.531771616409401,0.047393113699956003,-0.037034733622081775,108.75578476506747,108.75578476506746,0.047393113699956003,0.047393113699956003,-0.037034733622081775,-0.045031208365120576,1983.7916666666558,2009.7916666666322,
FaIR_nonat_unB,43/1_ERF_FaIR,c,1.5731237415655999,0.027907179564996453,0,0,0.7941405641265389,0.7941405641265389,2.1873788406944907,0.026831408992863744,-0.003642917104912164,199.05147450319868,199.05147450319868,0.026831408992863744,0.02847617793701257,-0.003642917104912164,0.0008606906735268258,1981.2083333333248,2008.7083333332998,
