method_name,method_class,c/r,smooth_r,avg_unc.(1se),#q<0.5,#q<0.1,q_min,q_small5,log-likeli,RMS,bias,tlog-l,100log-l,100RMS,75RMS,100bias,bias50,xyear0.5,xyear1.0,xyear1.5
cent20y,42/1_Run_Means,r,1.0,0.026734369819201898,0,0,1.0,1.0,2.716754555248457,0.0,0.0,421.09695606351085,244.84472513489735,0.0,0.0,0.0,0.0,1984.458333333322,2010.4583333332982,
GWI_anthro_CGWL,43/3_Human_Induced,c,2.867412563381947,0.0806597341779932,0,0,0.9988597669570174,0.9988597669570174,1.4607938948137158,0.03316213402187519,-0.0065775557740904555,103.71636653177382,103.71636653177382,0.03316213402187519,0.03316213402187519,-0.0065775557740904555,-0.01974651468219951,1985.5416666666542,2014.4583333332946,
GWI_anthro_SR15,43/3_Human_Induced,c,2.614074487610661,0.07244757025231847,0,0,0.98497903615321,0.98497903615321,1.4667363901657338,0.044496640520415895,-0.0019108152712723652,104.1382837017671,104.13828370176708,0.044496640520415895,0.044496640520415895,-0.0019108152712723652,-0.022538875476977464,1986.0416666666538,2014.5416666666279,
GWI_anthro,43/3_Human_Induced,c,2.7171574215980336,0.07565262734369455,0,0,0.9979291781727074,0.9979291781727074,1.4699827052619636,0.0395331113817165,-0.003095010268663353,104.36877207359942,104.36877207359942,0.0395331113817165,0.0395331113817165,-0.003095010268663353,-0.02039545270199535,1985.3749999999877,2014.4583333332946,
FaIR_nonat_unB,43/1_ERF_FaIR,c,4.755278402814085,0.0283462492617984,51,35,2.530484544915631e-18,9.341041611065182e-16,-674.8866405214158,0.3316521655335252,0.2088350793515114,-61414.684287448836,-61414.684287448836,0.33165216553352517,0.25065897860404585,0.20883507935151144,0.00693581653215129,1985.0416666666547,2011.8749999999636,
