method_name,method_class,c/r,smooth_r,avg_unc.(1se),#q<0.5,#q<0.1,q_min,q_small5,log-likeli,RMS,bias,tlog-l,100log-l,100RMS,75RMS,100bias,bias50,xyear0.5,xyear1.0,xyear1.5
cent20y,42/1_Run_Means,r,1.0,0.028519187612561937,0,0,1.0,1.0,2.6514316155468403,0.0,0.0,410.9719004097602,240.82072545866265,0.0,0.0,0.0,0.0,1984.2916666666554,2011.1249999999643,
GWI_anthro_CGWL,43/3_Human_Induced,c,2.66566704792284,0.07081257812323015,0,0,0.6980234871846228,0.6980234871846228,1.2267860071513057,0.07333494245191141,-0.06567457643740707,87.10180650774271,87.10180650774272,0.07333494245191141,0.07333494245191141,-0.06567457643740707,-0.08084221400153035,1987.708333333319,2016.2916666666263,
GWI_anthro_SR15,43/3_Human_Induced,c,2.410688162719123,0.0655866000005314,0,0,0.900282304956275,0.900282304956275,1.4237914250399326,0.05816246049740721,-0.048336907664932635,101.08919117783522,101.0891911778352,0.05816246049740721,0.05816246049740721,-0.04833690766493263,-0.061345315501541466,1987.2083333333194,2015.87499999996,
GWI_anthro,43/3_Human_Induced,c,2.541226881752511,0.0674611187810417,0,0,0.8610850877189039,0.8610850877189039,1.3588461445619224,0.06327087809972397,-0.05425105092904162,96.4780762638965,96.4780762638965,0.06327087809972398,0.06327087809972398,-0.05425105092904163,-0.06877674171637911,1987.374999999986,2015.9583333332932,
FaIR_nonat_unB,43/1_ERF_FaIR,c,5.532572108948914,0.029187572178408623,68,47,3.796998634763419e-24,3.247101440437707e-23,-1133.5859446801826,0.41238164380499903,0.24567359225621396,-103156.32096589662,-103156.32096589662,0.41238164380499903,0.2975188260867351,0.245673592256214,-0.001413807956901651,1985.7083333333208,2011.374999999964,
FaIR_anthro_unB,43/1_ERF_FaIR,c,5.130692904588767,0.0265004907660912,75,54,8.139277698145008e-32,2.1384708117626477e-30,-1875.686821782039,0.38660177569550086,0.21573643164268547,-170687.50078216556,-170687.50078216556,0.3866017756955009,0.2822634258428405,0.21573643164268544,-0.024837571940543136,1986.7083333333198,2012.3749999999632,
