method_name,method_class,c/r,smooth_r,avg_unc.(1se),#q<0.5,#q<0.1,q_min,q_small5,log-likeli,RMS,bias,tlog-l,100log-l,100RMS,75RMS,100bias,bias50,xyear0.5,xyear1.0,xyear1.5
cent20y,42/1_Run_Means,r,1.0,0.02961696385895183,0,0,1.0,1.0,2.6140850822414987,0.0,0.0,405.18318774743227,233.31056461509678,0.0,0.0,0.0,0.0,1980.624999999992,2008.2916666666335,
GWI_anthro_CGWL,43/3_Human_Induced,c,2.649428948617557,0.08002362385159881,0,0,0.9996668151777974,0.9996668151777974,1.5087636337169932,0.04278603359035661,0.014450917841631019,107.12221799390652,107.12221799390652,0.04278603359035661,0.04278603359035661,0.014450917841631017,0.027958600512838872,1979.7083333333262,2008.124999999967,
GWI_anthro_SR15,43/3_Human_Induced,c,2.4503051043284385,0.07220103224343884,0,0,0.981772239740873,0.981772239740873,1.5438812549420806,0.04375974277580083,0.014386724728282655,109.61556910088773,109.61556910088771,0.04375974277580083,0.04375974277580083,0.014386724728282655,0.019838166177463847,1981.291666666658,2006.6249999999684,
GWI_anthro,43/3_Human_Induced,c,2.555229061369965,0.07534821977907948,0,0,0.998482932598035,0.998482932598035,1.541018708890559,0.04233596019382657,0.01454314750821835,109.41232833122969,109.41232833122969,0.04233596019382657,0.04233596019382657,0.014543147508218354,0.023761980068946992,1980.5416666666588,2008.4583333333,
FaIR_nonat_unB,43/1_ERF_FaIR,c,1.9308719505218268,0.02781308195434958,26,0,0.3516646848989298,0.3516646848989298,1.9414609124565347,0.03512750639214939,-0.0008375006683616184,176.67294303354467,176.6729430335447,0.0351275063921494,0.029181284792240268,-0.0008375006683616187,0.01642757245143405,1980.624999999992,2008.124999999967,
FaIR_anthro_unB,43/1_ERF_FaIR,c,1.6429331797371118,0.024661285072499064,29,0,0.21640903686087987,0.21640903686087987,1.700045388929687,0.035822475571136755,-0.008152384707554826,154.7041303926015,154.7041303926015,0.035822475571136755,0.025322151532975592,-0.008152384707554826,0.007009992000657614,1979.5416666666597,2008.9583333332996,
