method_name,method_class,c/r,smooth_r,avg_unc.(1se),#q<0.5,#q<0.1,q_min,q_small5,log-likeli,RMS,bias,tlog-l,100log-l,100RMS,75RMS,100bias,bias50,xyear0.5,xyear1.0,xyear1.5
cent20y,42/1_Run_Means,r,1.0,0.026730870092850807,0,0,1.0,1.0,2.7207783702336377,0.0,0.0,421.72064738621384,238.05942544167937,0.0,0.0,0.0,0.0,1984.791666666655,2010.2083333332985,
GWI_anthro_CGWL,43/3_Human_Induced,c,2.8419621486460556,0.08727993941129322,0,0,0.8876112912697991,0.8876112912697991,1.2918451469972416,0.0661577185984493,0.026241550589764604,91.72100543680416,91.72100543680418,0.06615771859844928,0.06615771859844928,0.026241550589764604,0.06476827074267297,1980.958333333325,2008.2083333333003,
GWI_anthro_SR15,43/3_Human_Induced,c,2.632517933902806,0.07726847133990292,0,0,0.9227119648864582,0.9227119648864582,1.3657276895457724,0.0592796672881737,0.021011413722647254,96.96666595774984,96.96666595774983,0.059279667288173694,0.0592796672881737,0.021011413722647254,0.045829897122987295,1983.4583333333228,2008.2083333333003,
GWI_anthro,43/3_Human_Induced,c,2.938547045551003,0.08150374483104167,0,0,0.9367322792943473,0.9367322792943473,1.3349302918543315,0.06169050898881011,0.023166990871868756,94.78005072165755,94.78005072165753,0.06169050898881011,0.06169050898881011,0.023166990871868756,0.054114799465534526,1982.4583333333237,2009.0416666666329,
FaIR_nonat_unB,43/1_ERF_FaIR,c,5.8090290805681475,0.028050695867998895,50,36,1.4033127030570524e-16,2.7237300608500015e-16,-800.55981541265,0.3636603802169114,0.22616858802819723,-72850.94320255115,-72850.94320255116,0.3636603802169114,0.2670116772746773,0.22616858802819728,0.007612787040341163,1984.8749999999882,2010.8749999999645,
