method_name,method_class,c/r,smooth_r,avg_unc.(1se),#q<0.5,#q<0.1,q_min,q_small5,log-likeli,RMS,bias,tlog-l,100log-l,100RMS,75RMS,100bias,bias50,xyear0.5,xyear1.0,xyear1.5
cent20y,42/1_Run_Means,r,1.0,0.027119864233268946,0,0,1.0,1.0,2.6991530512374595,0.0,0.0,418.36872294180625,243.0349839123142,0.0,0.0,0.0,0.0,1986.6249999999866,2012.8749999999627,
GWI_anthro_CGWL,43/3_Human_Induced,c,2.8405002170955598,0.07931361611126184,0,0,0.9993256192913276,0.9993256192913276,1.5280596060719236,0.026941292475595104,0.0016539237583292547,108.49223203110658,108.49223203110658,0.0269412924755951,0.0269412924755951,0.0016539237583292547,-0.0052912953208737205,1986.3749999999868,2015.3749999999604,
GWI_anthro_SR15,43/3_Human_Induced,c,2.5884101276326,0.07154932955335894,0,0,0.9655384167520814,0.9655384167520814,1.5443231177259957,0.03740080241311675,0.005953921112159361,109.64694135854569,109.6469413585457,0.03740080241311675,0.03740080241311675,0.005953921112159361,-0.008214734491351655,1986.7083333333198,2015.4583333332937,
GWI_anthro,43/3_Human_Induced,c,2.691409600193731,0.07457915497399817,0,0,0.9916966757768559,0.9916966757768559,1.5427463046466852,0.032686240095745944,0.004820808124017137,109.53498762991464,109.53498762991464,0.03268624009574594,0.03268624009574594,0.004820808124017137,-0.0061189287588310865,1986.2916666666536,2015.3749999999604,
FaIR_nonat_unB,43/1_ERF_FaIR,c,2.0767793607370435,0.028276856952532056,10,0,0.43281807372175973,0.49774078478002376,2.019777404888692,0.0315049697013795,0.022954133564432763,183.79974384487096,183.79974384487096,0.0315049697013795,0.029620799389289104,0.022954133564432763,0.022661722062412754,1986.124999999987,2012.958333333296,
FaIR_anthro_unB,43/1_ERF_FaIR,c,2.253056987295188,0.024137891562290816,32,0,0.2164090368608799,0.2164090368608799,1.7293807245141104,0.03516127893783428,0.02563651565832706,157.37364593078405,157.37364593078402,0.03516127893783427,0.035517183342538124,0.02563651565832706,0.028942190049903827,1985.124999999988,2012.8749999999627,
