method_name,method_class,c/r,smooth_r,avg_unc.(1se),#q<0.5,#q<0.1,q_min,q_small5,log-likeli,RMS,bias,tlog-l,100log-l,100RMS,75RMS,100bias,bias50,xyear0.5,xyear1.0,xyear1.5
cent20y,42/1_Run_Means,r,1.0,0.029220050261845133,0,0,1.0,1.0,2.6348047163183934,0.0,0.0,408.39473102935096,239.60824956928803,0.0,0.0,0.0,0.0,1984.8749999999882,2010.2083333332985,
GWI_anthro_CGWL,43/3_Human_Induced,c,2.742472778374329,0.0711630939640805,0,0,0.8513305024260479,0.8513305024260479,1.4156699176755745,0.05397723066732395,-0.03554482354204759,100.51256415496579,100.51256415496577,0.053977230667323954,0.053977230667323954,-0.03554482354204759,-0.059158547887864454,1987.4583333333192,2014.7916666666276,
GWI_anthro_SR15,43/3_Human_Induced,c,2.49558596914756,0.06551554771874558,0,0,0.9341823816040977,0.9341823816040977,1.4981317870583468,0.04878743104797696,-0.02225839319946597,106.36735688114263,106.36735688114264,0.04878743104797697,0.04878743104797697,-0.02225839319946597,-0.04675785779525404,1987.1249999999861,2014.5416666666279,
GWI_anthro,43/3_Human_Induced,c,2.580293257535873,0.06754532194723341,0,0,0.8848759936965606,0.8848759936965606,1.4706240671346729,0.05029554201160148,-0.02673280253900038,104.41430876656177,104.41430876656179,0.05029554201160148,0.05029554201160148,-0.026732802539000376,-0.051267130328256263,1987.2083333333194,2014.6249999999611,
FaIR_nonat_unB,43/1_ERF_FaIR,c,5.202126910893614,0.028206927345046314,72,43,3.1203540439764885e-24,6.432596939160387e-23,-1238.9236167876593,0.41280217389241175,0.2436247371690923,-112742.049127677,-112742.049127677,0.41280217389241175,0.300856799499031,0.2436247371690923,-0.011172730130218323,1986.2083333333203,2011.6249999999638,
FaIR_anthro_unB,43/1_ERF_FaIR,c,5.335861274365732,0.025558847211341832,81,50,5.293189920622029e-31,4.5594501797196255e-29,-1943.2990301126194,0.3909777455261027,0.22099694878549309,-176840.21174024837,-176840.21174024837,0.39097774552610276,0.28693902871458893,0.22099694878549309,-0.028694306363938486,1986.8749999999864,2012.4583333332964,
