method_name,method_class,c/r,smooth_r,avg_unc.(1se),#q<0.5,#q<0.1,q_min,q_small5,log-likeli,RMS,bias,tlog-l,100log-l,100RMS,75RMS,100bias,bias50,xyear0.5,xyear1.0,xyear1.5
cent20y,42/1_Run_Means,r,1.0,0.026479627148766678,0,0,1.0,1.0,2.724063687574247,0.0,0.0,422.22987157400826,244.5824124364144,0.0,0.0,0.0,0.0,1987.374999999986,2013.2083333332957,
GWI_anthro_CGWL,43/3_Human_Induced,c,2.6803435210185227,0.08021689884104749,0,0,0.9910603083191645,0.9910603083191645,1.5225123054017422,0.02548522276080517,-0.0012387987525490714,108.0983736835237,108.0983736835237,0.025485222760805167,0.02548522276080517,-0.0012387987525490714,-0.006662000718835004,1987.1249999999861,2015.3749999999604,
GWI_anthro_SR15,43/3_Human_Induced,c,2.458323468030701,0.07242621810479007,0,0,0.9397044385375808,0.9397044385375808,1.5303317531382499,0.037869308343627214,0.0025784427824985987,108.65355447281574,108.65355447281574,0.03786930834362722,0.037869308343627214,0.0025784427824985987,-0.010933755613369256,1987.4583333333192,2015.6249999999602,
GWI_anthro,43/3_Human_Induced,c,2.5806106917875393,0.07548201640513226,0,0,0.9618300810776518,0.9618300810776518,1.533639711137882,0.032328861034151384,0.00168609008038532,108.88841949078962,108.8884194907896,0.032328861034151384,0.03232886103415139,0.00168609008038532,-0.008289027466129213,1987.0416666666529,2015.4583333332937,
FaIR_nonat_unB,43/1_ERF_FaIR,c,2.2793018407940444,0.028456251783384724,23,0,0.27051129607609986,0.27051129607609986,1.8361908335177983,0.03635092187441066,0.027129287158092794,167.09336585011965,167.09336585011965,0.03635092187441066,0.034143156576028906,0.027129287158092798,0.01919435126541272,1987.2083333333194,2013.291666666629,
FaIR_anthro_unB,43/1_ERF_FaIR,c,2.592909407207153,0.024183319776936853,48,13,0.09988109393579074,0.09988109393579074,1.3157797953216597,0.041516383933610075,0.033079210875013164,119.73596137427103,119.73596137427104,0.041516383933610075,0.04232878389935083,0.033079210875013164,0.02967573608209697,1985.791666666654,2013.291666666629,
