method_name,method_class,c/r,smooth_r,avg_unc.(1se),#q<0.5,#q<0.1,q_min,q_small5,log-likeli,RMS,bias,tlog-l,100log-l,100RMS,75RMS,100bias,bias50,xyear0.5,xyear1.0,xyear1.5
cent20y,42/1_Run_Means,r,1.0,0.028889482719928188,0,0,1.0,1.0,2.635509733186475,0.0,0.0,408.5040086439036,238.13760970043927,0.0,0.0,0.0,0.0,1984.8749999999882,2009.9583333332987,
GWI_anthro_CGWL,43/3_Human_Induced,c,2.6988579816741955,0.0831498638883863,0,0,0.989700082728918,0.989700082728918,1.3644916198399204,0.05407557472369646,-0.012021425888629478,96.87890500863435,96.87890500863435,0.05407557472369646,0.05407557472369646,-0.012021425888629478,0.015754418535701448,1985.124999999988,2009.8749999999654,
GWI_anthro_SR15,43/3_Human_Induced,c,2.4976789727111055,0.07534763700774101,0,0,0.8935955467385424,0.8935955467385424,1.4571999335772712,0.05044742913550517,-0.011775147407293803,103.46119528398626,103.46119528398626,0.05044742913550517,0.05044742913550517,-0.011775147407293803,0.00524426476623177,1986.0416666666538,2010.374999999965,
GWI_anthro,43/3_Human_Induced,c,2.6290626447251735,0.07855542767200561,0,0,0.9639432471535727,0.9639432471535727,1.4336675025887753,0.05083450821554462,-0.01144509033842403,101.79039268380305,101.79039268380305,0.050834508215544624,0.050834508215544624,-0.011445090338424032,0.010208848899476555,1985.124999999988,2010.6249999999648,
FaIR_nonat_unB,43/1_ERF_FaIR,c,4.7210569137891705,0.02776001955217697,46,38,1.0125045575216916e-18,3.2935639183761613e-18,-858.645372469806,0.36242313906536905,0.23420618398301835,-78136.72889475235,-78136.72889475236,0.36242313906536905,0.2663939276151603,0.23420618398301832,0.016075324222943912,1985.124999999988,2010.4583333332982,
FaIR_anthro_unB,43/1_ERF_FaIR,c,4.472639332211064,0.02415727621023433,71,52,1.7068320374088037e-24,4.1692443639332357e-22,-1371.7500842513218,0.34891752880668625,0.23532474628988337,-124829.25766687028,-124829.25766687027,0.3489175288066863,0.25866097497980717,0.23532474628988337,0.02863173727289241,1983.541666666656,2010.4583333332982,
