method_name,method_class,c/r,smooth_r,avg_unc.(1se),#q<0.5,#q<0.1,q_min,q_small5,log-likeli,RMS,bias,tlog-l,100log-l,100RMS,75RMS,100bias,bias50,xyear0.5,xyear1.0,xyear1.5
cent20y,42/1_Run_Means,r,1.0,0.026919981432262798,0,0,1.0,1.0,2.7079950458197652,0.0,0.0,419.7392321020636,244.31965651344305,0.0,0.0,0.0,0.0,1984.8749999999882,2010.2083333332985,
GWI_anthro_CGWL,43/3_Human_Induced,c,2.909833058007339,0.08180767603436861,0,0,0.9970897543178749,0.9970897543178749,1.5261826539352787,0.024614003541081134,-0.0006903111807721408,108.3589684294048,108.35896842940481,0.02461400354108113,0.02461400354108113,-0.0006903111807721408,-0.0006930270655064952,1984.8749999999882,2012.5416666666297,
GWI_anthro_SR15,43/3_Human_Induced,c,2.6601789851766813,0.07353985365229884,0,0,0.9615735882627214,0.9615735882627214,1.5454502664969338,0.03484441072037294,0.0011491178201956931,109.7269689212823,109.7269689212823,0.03484441072037294,0.03484441072037294,0.0011491178201956927,-0.007844448757725518,1985.8749999999873,2012.8749999999627,
GWI_anthro,43/3_Human_Induced,c,2.7143794214271493,0.07684360468007818,0,0,0.9792554524212198,0.9792554524212198,1.5426538738308804,0.030253032724641676,0.0009007980208382533,109.5284250419925,109.52842504199253,0.030253032724641676,0.030253032724641676,0.0009007980208382531,-0.004082838300666818,1984.8749999999882,2012.7916666666295,
FaIR_nonat_unB,43/1_ERF_FaIR,c,5.7927263105434275,0.028283931800346364,42,35,1.5774714640962772e-17,7.168558180763639e-17,-714.4194053081634,0.3429801432642436,0.21386385895329152,-65012.165883042864,-65012.16588304287,0.3429801432642436,0.2549785629751441,0.21386385895329152,0.0038236146293834246,1985.6249999999875,2011.1249999999643,
