method_name,method_class,c/r,smooth_r,avg_unc.(1se),#q<0.5,#q<0.1,q_min,q_small5,log-likeli,RMS,bias,tlog-l,100log-l,100RMS,75RMS,100bias,bias50,xyear0.5,xyear1.0,xyear1.5
cent20y,42/1_Run_Means,r,1.0,0.032537719226613186,0,0,1.0,1.0,2.5220853320933676,0.0,0.0,390.92322647447196,233.26558870898583,0.0,0.0,0.0,0.0,1985.1249999999816,2010.208333333292,
lowess1dg20wnc,42/3_ST_Fits,c,3.7211937757527664,0.18894031375862191,0,0,0.9962433228825857,0.9962433228825857,0.7020046267397405,0.058981819959492414,-0.017122483819657967,108.81071714465978,48.89607531019207,0.04574769912026624,0.043723328086046356,-0.009823009731370833,-0.03926765456030512,1987.874999999979,2013.4583333332891,
Kal_flexLin,42/5_Kalman,c,5.172563949166515,0.05317657451406971,3,3,0.07667210265469157,0.5580531622921685,1.4563736273923547,0.055305966528645154,-0.008878530772135119,225.73791224581498,147.96646368320378,0.046631797444599186,0.04154294330392197,-0.007082827918853143,-0.029119838482211703,1987.3749999999795,2013.9583333332887,
GAM_AR1,42/4_GAM_AR1,c,5.7234685691262435,0.06148249648100255,13,3,0.06527272068160227,0.20442217824139353,1.278065295290261,0.057857910891019576,-0.006618199881824084,173.8168801594755,137.82519801438696,0.047985235662300174,0.043809657502812016,-0.005004780705953488,-0.033349605268536295,1987.3749999999795,2013.6249999999557,
CGWL10y_sfUKCP,44/44_EarthModel_CGWL,c,5.80009172564485,0.05036073643113336,0,0,0.8716417910447761,0.8716417910447761,1.63705996425149,0.04607191598287008,0.0030985617200102963,239.01075478071755,146.0551458869914,0.04571032852643581,0.041265101385811895,-0.0026682866607441453,0.00210117995185845,1986.9583333333132,2012.0416666666238,
