method_name,method_class,c/r,smooth_r,avg_unc.(1se),#q<0.5,#q<0.1,q_min,q_small5,log-likeli,RMS,bias,tlog-l,100log-l,100RMS,75RMS,100bias,bias50,xyear0.5,xyear1.0,xyear1.5
cent20y,42/1_Run_Means,r,1.0,0.026816798036614742,0,0,1.0,1.0,2.7118268291911076,0.0,0.0,420.3331585246217,244.68881583654218,0.0,0.0,0.0,0.0,1987.2083333333194,2013.1249999999625,
GWI_anthro_CGWL,43/3_Human_Induced,c,2.746132685844388,0.08078540288442412,0,0,0.9903417773294116,0.9903417773294116,1.5216554051232989,0.0243107879511555,-0.002265269213233936,108.03753376375423,108.03753376375423,0.0243107879511555,0.024310787951155495,-0.002265269213233936,-0.0071172854619540125,1987.2083333333194,2015.1249999999607,
GWI_anthro_SR15,43/3_Human_Induced,c,2.5098069077075142,0.07280048601510548,0,0,0.945531541014984,0.945531541014984,1.530443044164897,0.03723201496342775,0.0010738357084652836,108.6614561357077,108.66145613570768,0.03723201496342775,0.03723201496342775,0.0010738357084652836,-0.012176180643959169,1987.5416666666524,2015.3749999999604,
GWI_anthro,43/3_Human_Induced,c,2.5980065925198725,0.07596110262567213,0,0,0.9714647266353252,0.9714647266353252,1.5312086139196168,0.031795337152628785,0.00034927407536981326,108.7158115882928,108.71581158829281,0.031795337152628785,0.03179533715262879,0.00034927407536981326,-0.009206520368903844,1987.1249999999861,2015.208333333294,
FaIR_nonat_unB,43/1_ERF_FaIR,c,2.597322541354494,0.028182305633309077,0,0,0.6732725591227375,0.6732725591227375,2.125471471687488,0.028632961886352986,0.016405950962018256,193.4179039235614,193.41790392356143,0.028632961886352983,0.027554157994503517,0.016405950962018256,0.008468171382027106,1988.2083333333185,2013.291666666629,
