method_name,method_class,c/r,smooth_r,avg_unc.(1se),#q<0.5,#q<0.1,q_min,q_small5,log-likeli,RMS,bias,tlog-l,100log-l,100RMS,75RMS,100bias,bias50,xyear0.5,xyear1.0,xyear1.5
cent20y,42/1_Run_Means,r,1.0,0.030837955863302183,0,0,1.0,1.0,2.5719149212446766,0.0,0.0,398.6468127929249,235.84804780700665,0.0,0.0,0.0,0.0,1979.7083333333262,2005.9583333333023,
GWI_anthro_CGWL,43/3_Human_Induced,c,2.3706083840639893,0.08040238678483666,0,0,0.9713376127340468,0.9713376127340468,1.4408286766937926,0.050165873885280314,-0.004214234087420701,102.29883604525926,102.29883604525926,0.050165873885280314,0.050165873885280314,-0.004214234087420701,0.021327292111917674,1980.0416666666592,2004.2916666666372,
GWI_anthro_SR15,43/3_Human_Induced,c,2.182595060162673,0.07297163426688066,0,0,0.9587729370734975,0.9587729370734975,1.5012501657241502,0.0497551644464912,-0.003761993495771587,106.58876176641466,106.58876176641465,0.0497551644464912,0.0497551644464912,-0.003761993495771587,0.012985954428073878,1981.7083333333244,2002.4583333333055,
GWI_anthro,43/3_Human_Induced,c,2.2778248889820936,0.07597032668542389,0,0,0.9666182373287211,0.9666182373287211,1.492415485434194,0.04886636673293738,-0.003790890344134113,105.96149946582777,105.96149946582777,0.04886636673293738,0.04886636673293738,-0.003790890344134113,0.01679894216337186,1980.7916666666586,2002.2083333333057,
FaIR_nonat_unB,43/1_ERF_FaIR,c,1.8030337470171056,0.02756668562963047,0,0,0.5838960805869023,0.5838960805869023,2.052366082318171,0.031160869397623824,-0.010870106196069353,186.7653134909536,186.7653134909536,0.031160869397623824,0.030675237351431177,-0.010870106196069353,-0.00473391385638615,1981.291666666658,2004.7916666666367,
