method_name,method_class,c/r,smooth_r,avg_unc.(1se),#q<0.5,#q<0.1,q_min,q_small5,log-likeli,RMS,bias,tlog-l,100log-l,100RMS,75RMS,100bias,bias50,xyear0.5,xyear1.0,xyear1.5
cent20y,42/1_Run_Means,r,1.0,0.027538787603032435,0,0,1.0,1.0,2.6864766206568373,0.0,0.0,416.4038762018098,242.21340499086128,0.0,0.0,0.0,0.0,1984.2916666666554,2010.1249999999652,
GWI_anthro_CGWL,43/3_Human_Induced,c,2.782827927322823,0.07980076146635635,0,0,0.9983086100104743,0.9983086100104743,1.485962510858909,0.03303080708118242,-0.00746914310463921,105.50333827098254,105.50333827098254,0.03303080708118242,0.03303080708118242,-0.00746914310463921,-0.01476874326707117,1985.0416666666547,2013.958333333295,
GWI_anthro_SR15,43/3_Human_Induced,c,2.5395924667179743,0.07194120879140291,0,0,0.9262990536233526,0.9262990536233526,1.4910980489845649,0.0429064613422218,-0.003796586318107941,105.8679614779041,105.86796147790412,0.0429064613422218,0.0429064613422218,-0.003796586318107941,-0.018828578768631244,1985.9583333333205,2014.0416666666283,
GWI_anthro,43/3_Human_Induced,c,2.6322788973994635,0.07501113113390791,0,0,0.9605963906637925,0.9605963906637925,1.4952934228125925,0.03832492342439092,-0.004679926029406787,106.16583301969406,106.16583301969406,0.03832492342439092,0.03832492342439092,-0.004679926029406788,-0.016315430882891228,1984.9583333333214,2013.958333333295,
FaIR_nonat_unB,43/1_ERF_FaIR,c,5.364333257266488,0.028110739562441485,49,38,1.1944325610411768e-18,1.8109715056328895e-17,-738.3513475917878,0.3442991249471046,0.21472323107141789,-67189.97263085269,-67189.97263085269,0.3442991249471046,0.2577366085117823,0.21472323107141789,0.004995866129229351,1985.2083333333212,2011.2916666666308,
