method_name,method_class,c/r,smooth_r,avg_unc.(1se),#q<0.5,#q<0.1,q_min,q_small5,log-likeli,RMS,bias,tlog-l,100log-l,100RMS,75RMS,100bias,bias50,xyear0.5,xyear1.0,xyear1.5
cent20y,42/1_Run_Means,r,1.0,0.028957260742125235,0,0,1.0,1.0,2.6385093950596215,0.0,0.0,408.9689562342413,239.4351502511165,0.0,0.0,0.0,0.0,1977.5416666666551,2006.4583333332955,
lowess1dg20wnc,42/3_ST_Fits,c,3.6975263350153376,0.06498177716397166,0,0,0.9946208808271747,0.9946208808271747,1.5701569331948868,0.04847527087445574,-0.009314937573853165,243.37432464520745,138.59445656115756,0.045384519785663296,0.04060840421283957,-0.01537119859677593,-0.029160221574438074,1980.2083333333194,2006.1249999999625,
Kal_flexLin,42/5_Kalman,c,4.935717122945321,0.05317657451406971,0,0,0.5394922735343387,0.6411743361726483,1.630996830572459,0.04880316357527809,-0.011631015859595143,252.80450873873113,150.46845654851353,0.04517503690270182,0.039393098372485745,-0.011836890561341056,-0.020998596203330312,1979.6249999999866,2005.4583333332964,
GAM_AR1,42/4_GAM_AR1,c,3.4612162687138466,0.0386175721920323,47,15,1.877214863053561e-09,2.025519825023578e-06,0.7104186046360644,0.05623557853041492,-0.014947183476136435,96.61693023050476,4.130939989504492,0.06459463873680008,0.07219742284817605,-0.030643101364146445,-0.06924165039464676,1986.7916666666467,2008.4583333332937,
CGWL10y_sfUKCP,44/44_EarthModel_CGWL,c,6.333782950539305,0.05021354636598018,0,0,0.6870588235294118,0.6870588235294118,1.5399928098387672,0.04927816335350431,-0.009133834437089577,224.83895023646,141.7098487127309,0.04809290659438946,0.0428479775158372,-0.003824044522231429,0.003140711169304826,1979.124999999987,2004.4583333332973,
