method_name,method_class,c/r,smooth_r,avg_unc.(1se),#q<0.5,#q<0.1,q_min,q_small5,log-likeli,RMS,bias,tlog-l,100log-l,100RMS,75RMS,100bias,bias50,xyear0.5,xyear1.0,xyear1.5
cent20y,42/1_Run_Means,r,1.0,0.0282029858862352,0,0,1.0,1.0,2.6617644149165267,0.0,0.0,412.5734843120616,236.98317607710936,0.0,0.0,0.0,0.0,1985.0416666666547,2010.1249999999652,
GWI_anthro_CGWL,43/3_Human_Induced,c,2.5980536471719384,0.08213997262049995,0,0,0.9679150427150949,0.9679150427150949,1.4089014839902405,0.04458807111525498,-0.010802119147633025,100.03200536330708,100.03200536330709,0.044588071115254986,0.044588071115254986,-0.010802119147633025,0.007592967135871781,1986.0416666666538,2009.2916666666326,
GWI_anthro_SR15,43/3_Human_Induced,c,2.4222340290946924,0.0743673198535257,0,0,0.9701569493656834,0.9701569493656834,1.4288693312169858,0.047779900643282094,-0.008769008005243748,101.449722516406,101.449722516406,0.047779900643282094,0.047779900643282094,-0.00876900800524375,-0.0029766236077493876,1986.45833333332,2009.708333333299,
GWI_anthro,43/3_Human_Induced,c,2.59878088858049,0.07757545938058798,0,0,0.9864252883237319,0.9864252883237319,1.428507904948191,0.045486841559489406,-0.008666167821465827,101.42406125132156,101.42406125132155,0.045486841559489406,0.045486841559489406,-0.008666167821465827,0.0021818992866241564,1985.791666666654,2009.8749999999654,
FaIR_nonat_unB,43/1_ERF_FaIR,c,5.641087438897406,0.0284642720312734,55,39,2.519934153794205e-17,5.85945792819996e-16,-730.8723952354131,0.35549420857100517,0.2323197229377642,-66509.3879664226,-66509.38796642257,0.35549420857100517,0.27922162242178505,0.2323197229377642,0.019760412411025843,1985.3749999999877,2010.2916666666317,
FaIR_anthro_unB,43/1_ERF_FaIR,c,4.765163945177095,0.024555763223980405,91,74,9.233107984251918e-28,2.5096786614818445e-22,-1258.8514612074066,0.35151899937768,0.25389672670905133,-114555.48296987399,-114555.48296987399,0.35151899937768,0.28105840396576404,0.25389672670905133,0.057460918249560795,1978.5416666666606,2009.2083333332994,
