method_name,method_class,c/r,smooth_r,avg_unc.(1se),#q<0.5,#q<0.1,q_min,q_small5,log-likeli,RMS,bias,tlog-l,100log-l,100RMS,75RMS,100bias,bias50,xyear0.5,xyear1.0,xyear1.5
cent20y,42/1_Run_Means,r,1.0,0.028183064151438786,0,0,1.0,1.0,2.662833009533797,0.0,0.0,412.73911647773855,237.98742239734096,0.0,0.0,0.0,0.0,1991.7916666666486,2015.541666666627,
GWI_anthro_CGWL,43/3_Human_Induced,c,2.640434347156903,0.08653631182234645,0,0,0.8645359489697757,0.8645359489697757,1.238418339485905,0.07277105841490003,0.019142674018981305,87.92770210349926,87.92770210349926,0.07277105841490003,0.07277105841490003,0.019142674018981308,0.0626523934313573,1986.2916666666536,2015.208333333294,
GWI_anthro_SR15,43/3_Human_Induced,c,2.4331736855373176,0.07672828872020925,0,0,0.9592605599796793,0.9592605599796793,1.3343567912587238,0.06400882586051758,0.015201778160871402,94.73933217936938,94.7393321793694,0.06400882586051758,0.06400882586051758,0.015201778160871406,0.045306502729966315,1987.1249999999861,2015.541666666627,
GWI_anthro,43/3_Human_Induced,c,2.631235358108208,0.08083828649778493,0,0,0.8711284212755012,0.8711284212755012,1.298563926817111,0.06692495989029144,0.016976379643011703,92.19803880401487,92.19803880401487,0.06692495989029144,0.06692495989029144,0.016976379643011703,0.053012583967106945,1986.2916666666536,2015.3749999999604,
FaIR_nonat_unB,43/1_ERF_FaIR,c,2.6330421417382226,0.027764321552353425,49,36,0.001546106594087183,0.009327720073476974,-4.934556983581651,0.07939269130181728,0.055211128699437645,-449.0446855059303,-449.0446855059304,0.07939269130181727,0.055299918372085206,0.055211128699437666,0.022736278381276464,1989.2916666666508,2015.7916666666267,
FaIR_anthro_unB,43/1_ERF_FaIR,c,2.237456966311258,0.024569712789982136,82,67,0.0010824413779362571,0.001962535520923944,-13.308843042670297,0.08769735245783156,0.07440115481596951,-1211.104716882997,-1211.1047168829969,0.08769735245783156,0.06718290859212468,0.07440115481596953,0.048552892411854336,1987.6249999999857,2014.9583333332941,
