method_name,method_class,c/r,smooth_r,avg_unc.(1se),#q<0.5,#q<0.1,q_min,q_small5,log-likeli,RMS,bias,tlog-l,100log-l,100RMS,75RMS,100bias,bias50,xyear0.5,xyear1.0,xyear1.5
cent20y,42/1_Run_Means,r,1.0,0.02688306436520014,0,0,1.0,1.0,2.70736534970113,0.0,0.0,419.64162920367517,242.51870705014647,0.0,0.0,0.0,0.0,1984.791666666655,2010.2916666666317,
GWI_anthro_CGWL,43/3_Human_Induced,c,2.877097050046206,0.08056709067870362,0,0,0.9957427542463861,0.9957427542463861,1.5411619505544027,0.025519066182063947,0.001106681591386673,109.4224984893626,109.4224984893626,0.025519066182063944,0.025519066182063944,0.001106681591386673,0.00140627373485692,1983.7916666666558,2012.7083333332962,
GWI_anthro_SR15,43/3_Human_Induced,c,2.6497186947769524,0.072561626780807,0,0,0.9524646819809771,0.9524646819809771,1.5677210468596319,0.03329155041185227,0.0030918720565303822,111.30819432703386,111.30819432703386,0.03329155041185227,0.03329155041185227,0.003091872056530383,-0.004837580721525338,1985.5416666666542,2012.8749999999627,
GWI_anthro,43/3_Human_Induced,c,2.829343495989138,0.07572059824230919,0,0,0.9858181101901726,0.9858181101901726,1.5626930374821313,0.029430316950690438,0.0027143342281280075,110.95120566123133,110.95120566123134,0.02943031695069044,0.02943031695069044,0.0027143342281280075,-0.001496098703764083,1984.2083333333221,2012.8749999999627,
FaIR_nonat_unB,43/1_ERF_FaIR,c,5.244042790365888,0.028331367414008615,41,35,3.653705367452067e-17,5.944974504803352e-17,-720.287696256619,0.34378909351661063,0.2153790748275641,-65546.18035935234,-65546.18035935235,0.34378909351661063,0.2539516023390489,0.2153790748275642,0.00712364089029908,1985.458333333321,2011.2083333332976,
