method_name,method_class,c/r,smooth_r,avg_unc.(1se),#q<0.5,#q<0.1,q_min,q_small5,log-likeli,RMS,bias,tlog-l,100log-l,100RMS,75RMS,100bias,bias50,xyear0.5,xyear1.0,xyear1.5
cent20y,42/1_Run_Means,r,1.0,0.028107667207801557,0,0,1.0,1.0,2.6661120310827964,0.0,0.0,413.24736481783344,239.4970534684365,0.0,0.0,0.0,0.0,1976.7083333333226,2004.9583333332969,
lowess1dg20wnc,42/3_ST_Fits,c,3.5566736710230464,0.05833836966771451,0,0,0.9972502052953165,0.9972502052953165,1.7324546657549706,0.03931215825648212,-0.008351779148773596,268.53047319202045,147.2226042275464,0.04178047800623621,0.03988146859613293,-0.01741557400984647,-0.030728603580453172,1980.0416666666529,2004.374999999964,
Kal_flexLin,42/5_Kalman,c,4.792513505234197,0.05317657451406971,0,0,0.9901023106802214,0.9901023106802214,1.730875114983824,0.04206061797514483,-0.010853669040972208,268.2856428224927,155.86773184856239,0.04185896736877186,0.03803527721203126,-0.013475478293984683,-0.022275208797631132,1979.45833333332,2004.2083333332976,2023.8749999999463
GAM_AR1,42/4_GAM_AR1,c,3.0871766415262694,0.035272328799769576,41,14,3.04638833206145e-09,7.503275600713687e-05,0.9873682496268986,0.05079275236301518,-0.018547568325648064,134.2820819492582,41.860842237350134,0.05715133739919905,0.06216601558922615,-0.040192991705482004,-0.06034745262875989,1982.8749999999836,2004.6249999999638,
CGWL10y_sfUKCP,44/44_EarthModel_CGWL,c,6.172239732661788,0.05013566481009606,0,0,0.9196850393700787,0.9196850393700787,1.6175575394015644,0.045846999987333256,-0.009936837647326868,236.1634007526284,150.215144716299,0.04199233428444816,0.03926134154436808,-0.008269052740680929,-0.0020351758439445798,1978.2916666666545,2002.708333333299,
