method_name,method_class,c/r,smooth_r,avg_unc.(1se),#q<0.5,#q<0.1,q_min,q_small5,log-likeli,RMS,bias,tlog-l,100log-l,100RMS,75RMS,100bias,bias50,xyear0.5,xyear1.0,xyear1.5
cent20y,42/1_Run_Means,r,1.0,0.03161666432955249,0,0,1.0,1.0,2.549567015877462,0.0,0.0,395.18288746100666,234.65446150157737,0.0,0.0,0.0,0.0,1984.5416666666551,2010.5416666666315,
GWI_anthro_CGWL,43/3_Human_Induced,c,2.6927119380455364,0.08843919307996612,0,0,0.9857659093859125,0.9857659093859125,1.3158371620633103,0.06361600315752472,0.017079988680272107,93.42443850649502,93.42443850649502,0.06361600315752472,0.06361600315752472,0.017079988680272114,0.052326414312758585,1980.8749999999918,2009.4583333332992,
GWI_anthro_SR15,43/3_Human_Induced,c,2.4391803565980545,0.0791311774579567,0,0,0.9868190570662245,0.9868190570662245,1.3983484127395525,0.05644009919211168,0.013762120561536657,99.28273730450822,99.28273730450822,0.05644009919211168,0.05644009919211168,0.013762120561536658,0.037073707933653076,1983.7916666666558,2009.6249999999657,
GWI_anthro,43/3_Human_Induced,c,2.552797543894028,0.08296981537575879,0,0,0.995447667225289,0.995447667225289,1.3668873811939717,0.058912197852841755,0.01523047774629755,97.04900406477199,97.049004064772,0.05891219785284175,0.058912197852841755,0.01523047774629755,0.043931613990043535,1982.541666666657,2009.9583333332987,
FaIR_nonat_unB,43/1_ERF_FaIR,c,4.624803016763914,0.025724129234818937,44,37,8.834325818131249e-24,6.085353427695761e-20,-974.2200783172193,0.34855088648458493,0.21942107652294085,-88654.02712686696,-88654.02712686695,0.34855088648458493,0.25539224998300497,0.21942107652294085,0.010294313460519929,1985.3749999999877,2010.9583333332978,
FaIR_anthro_unB,43/1_ERF_FaIR,c,4.489899669118221,0.023529470215122045,58,44,5.000404822171631e-23,1.865788253846023e-22,-1399.9178119187723,0.3344687430566482,0.2228704162515553,-127392.52088460827,-127392.52088460828,0.3344687430566482,0.24719731868209358,0.22287041625155526,0.027397638026722532,1980.624999999992,2010.6249999999648,
