method_name,method_class,c/r,smooth_r,avg_unc.(1se),#q<0.5,#q<0.1,q_min,q_small5,log-likeli,RMS,bias,tlog-l,100log-l,100RMS,75RMS,100bias,bias50,xyear0.5,xyear1.0,xyear1.5
cent20y,42/1_Run_Means,r,1.0,0.031194540547683478,0,0,1.0,1.0,2.5633441698385444,0.0,0.0,397.3183463249744,234.92766148685251,0.0,0.0,0.0,0.0,1985.0416666666483,2010.2916666666254,
lowess1dg20wnc,42/3_ST_Fits,c,3.581978265930948,0.16999223244853262,0,0,0.9949010583646539,0.9949010583646539,0.7114317870995327,0.06365286081475245,-0.02151516734684367,110.27192700042757,57.486820950827735,0.05375937143766685,0.05125394987895845,-0.014469198508635742,-0.03915834201162508,1987.3749999999795,2012.791666666623,
Kal_flexLin,42/5_Kalman,c,4.907399683882023,0.05317657451406971,10,0,0.21844706107667075,0.21844706107667075,1.4470962574935633,0.05577453123099957,-0.009540648802078364,224.29991991150231,138.8715471351438,0.051581787013127385,0.04448475696531638,-0.010198390150279813,-0.026220317842391448,1986.87499999998,2013.374999999956,
GAM_AR1,42/4_GAM_AR1,c,7.016808047545072,0.061497314216045186,62,0,0.2214499810932616,0.23239754033826712,1.0429254134030292,0.07677341607438012,-0.024146250635339726,141.83785622281198,111.62783100429255,0.0653443351765588,0.06093878139406236,-0.023774846332611232,-0.05294441673989898,1989.2083333333112,2013.2083333332894,
CGWL10y_sfUKCP,44/44_EarthModel_CGWL,c,5.83746377856564,0.04999610231288018,0,0,0.9650847457627119,0.9650847457627119,1.718017089550294,0.04103881638088179,0.006303145276913695,250.83049507434293,147.6253169766701,0.043838731847693435,0.033809375706593536,0.002545459479007457,0.005800919439673433,1985.7083333333144,2009.7083333332926,
