method_name,method_class,c/r,smooth_r,avg_unc.(1se),#q<0.5,#q<0.1,q_min,q_small5,log-likeli,RMS,bias,tlog-l,100log-l,100RMS,75RMS,100bias,bias50,xyear0.5,xyear1.0,xyear1.5
cent20y,42/1_Run_Means,r,1.0,0.03262685864220635,0,0,1.0,1.0,2.5209117549478055,0.0,0.0,390.74132201690986,233.5892823895373,0.0,0.0,0.0,0.0,1985.124999999988,2010.041666666632,
GWI_anthro_CGWL,43/3_Human_Induced,c,2.4966360356314246,0.09339606883034132,0,0,0.8333363099811129,0.8333363099811129,1.0994155187335426,0.08591757339266956,0.0230585765577246,78.05850183008152,78.05850183008152,0.08591757339266956,0.08591757339266956,0.0230585765577246,0.0754318011467496,1981.291666666658,2007.2083333333012,
GWI_anthro_SR15,43/3_Human_Induced,c,2.2704891599336983,0.08307258556015999,0,0,0.8730763292553225,0.8730763292553225,1.222068792267937,0.07269167861986352,0.01615512829659722,86.76688425102353,86.76688425102353,0.07269167861986352,0.07269167861986352,0.016155128296597217,0.05437184180310326,1984.2083333333221,2006.3749999999686,
GWI_anthro,43/3_Human_Induced,c,2.537465655103206,0.08738624973646651,0,0,0.8966634521073401,0.8966634521073401,1.1690947251889112,0.07805211795701354,0.01888091638193445,83.0057254884127,83.0057254884127,0.07805211795701354,0.07805211795701354,0.01888091638193445,0.06345133678483632,1982.7916666666567,2008.5416666666333,
FaIR_nonat_unB,43/1_ERF_FaIR,c,4.834611850110709,0.024405895583214723,65,38,3.407748896360315e-23,2.654174268433382e-21,-1140.6800718942497,0.36346898832565544,0.2145467840967061,-103801.88654237673,-103801.88654237671,0.36346898832565544,0.26257051846601603,0.21454678409670608,-0.01366345689351869,1987.0416666666529,2011.6249999999638,
FaIR_anthro_unB,43/1_ERF_FaIR,c,4.459459763678041,0.02309600100541612,54,39,1.4434306998981578e-27,1.3492326512537655e-24,-1483.4322065950355,0.34924235354569316,0.222512755588642,-134992.33080014822,-134992.33080014822,0.3492423535456932,0.254605432719995,0.222512755588642,0.008766036085755513,1985.9583333333205,2010.8749999999645,
