method_name,method_class,c/r,smooth_r,avg_unc.(1se),#q<0.5,#q<0.1,q_min,q_small5,log-likeli,RMS,bias,tlog-l,100log-l,100RMS,75RMS,100bias,bias50,xyear0.5,xyear1.0,xyear1.5
cent20y,42/1_Run_Means,r,1.0,0.029219305738226974,0,0,1.0,1.0,2.6330503571087234,0.0,0.0,408.1228053518521,237.95147269358077,0.0,0.0,0.0,0.0,1975.541666666657,2002.708333333299,
lowess1dg20wnc,42/3_ST_Fits,c,3.7753137200556033,0.06044294831551116,0,0,0.9997546151562855,0.9997546151562855,1.6259750024766488,0.04452681474664244,-0.010207583075265321,252.02612538388058,142.7784969424413,0.04426878931178292,0.04215288807341226,-0.017829612775755364,-0.03091101920143762,1979.45833333332,2002.1249999999661,2023.3749999999468
Kal_flexLin,42/5_Kalman,c,5.053134888537023,0.05317657451406971,0,0,0.9446486539447316,0.9446486539447316,1.6551414624423428,0.04593313016075198,-0.010043734578180584,256.5469266785631,153.786530947164,0.04316735885538839,0.039550427945683496,-0.013327631921452476,-0.02174397794294906,1978.9583333333205,2001.8749999999663,2023.2083333332803
GAM_AR1,42/4_GAM_AR1,c,3.6769828577397936,0.03894614168162561,43,16,3.1289317827079193e-06,0.0023684527501113494,1.0336057526635622,0.05545980877301531,-0.02998762827410837,140.57038236224446,51.561385219282336,0.062418863625656934,0.06412097590501682,-0.04798281961777783,-0.0610462414200039,1980.7916666666522,2002.4583333332992,2023.2916666666135
CGWL10y_sfUKCP,44/44_EarthModel_CGWL,c,6.102834345828742,0.05050347708165646,0,0,0.8984615384615385,0.8984615384615385,1.6263867505881757,0.045326072441433,-0.010650846450005828,237.45246558587365,146.87183328608927,0.043541964909691366,0.04063471407683772,-0.01092145124425836,-0.006460756127195365,1976.874999999989,2001.4583333333,2022.3749999999477
