method_name,method_class,c/r,smooth_r,avg_unc.(1se),#q<0.5,#q<0.1,q_min,q_small5,log-likeli,RMS,bias,tlog-l,100log-l,100RMS,75RMS,100bias,bias50,xyear0.5,xyear1.0,xyear1.5
cent20y,42/1_Run_Means,r,1.0,0.032622373927811664,0,0,1.0,1.0,2.5210580980127704,0.0,0.0,390.76400519197944,233.60249852757985,0.0,0.0,0.0,0.0,1987.208333333313,2012.6249999999566,
lowess1dg20wnc,42/3_ST_Fits,c,3.9117631213509525,0.06977179433637842,13,0,0.1488232491773795,0.25723545012837284,1.2192910536510813,0.06798983181910263,-0.0023749686950043677,188.9901133159176,137.0393744618242,0.04665242115622881,0.0414743088905068,-0.010355040500081448,-0.03946384996165768,1989.2083333333112,2014.708333333288,
Kal_flexLin,42/5_Kalman,c,5.525342034410244,0.05317657451406971,24,11,0.01700556847294559,0.02885201990156494,1.2506791993915176,0.06355731626396674,-0.0072382112168641625,193.85527590568523,143.7386350096878,0.04899507407017094,0.04050749031448153,-0.007412783307793879,-0.028824811946025743,1988.1249999999789,2014.708333333288,
GAM_AR1,42/4_GAM_AR1,c,7.890374129176005,0.06995747730507156,19,8,0.018381744443613963,0.035134703796668804,0.9589801222977166,0.08121897149955473,-0.001012931888464078,130.42129663248946,127.87619999720172,0.055208726668014727,0.04091526860214095,-0.006819821763369663,-0.024257779907965328,1987.6249999999793,2014.5416666666215,
CGWL10y_sfUKCP,44/44_EarthModel_CGWL,c,6.322769409360257,0.050940462970925915,0,0,0.8984615384615385,0.8984615384615385,1.5921446690176126,0.049450705606731885,0.005913531822504186,232.45312167657144,142.98369263146657,0.04774949609268709,0.03910871199198792,0.0009072088665768924,0.002704076644029606,1987.7916666666458,2014.1249999999552,
