method_name,method_class,c/r,smooth_r,avg_unc.(1se),#q<0.5,#q<0.1,q_min,q_small5,log-likeli,RMS,bias,tlog-l,100log-l,100RMS,75RMS,100bias,bias50,xyear0.5,xyear1.0,xyear1.5
cent20y,42/1_Run_Means,r,1.0,0.03136842355818376,0,0,1.0,1.0,2.556338079085453,0.0,0.0,396.2324022582452,232.56722560610316,0.0,0.0,0.0,0.0,1984.791666666655,2010.1249999999652,
GWI_anthro_CGWL,43/3_Human_Induced,c,2.495172909925936,0.08098253149100582,0,0,0.982431961923661,0.982431961923661,1.4906870984235405,0.04176058344413907,-0.0005054476183602546,105.83878398807138,105.83878398807137,0.04176058344413907,0.04176058344413907,-0.0005054476183602547,0.015042567357111167,1982.7916666666567,2012.4583333332964,
GWI_anthro_SR15,43/3_Human_Induced,c,2.297852178034748,0.07335257759078566,0,0,0.9878674500116873,0.9878674500116873,1.5386396253506993,0.043138548058534766,0.0004105117956932753,109.24341339989965,109.24341339989967,0.04313854805853477,0.04313854805853477,0.0004105117956932753,0.00800386123009678,1984.7083333333217,2012.3749999999632,
GWI_anthro,43/3_Human_Induced,c,2.4055724915605365,0.07638396793914068,0,0,0.9832925362231623,0.9832925362231623,1.5354787529168454,0.041149851128302495,0.00022251104420264951,109.01899145709602,109.01899145709602,0.041149851128302495,0.041149851128302495,0.00022251104420264992,0.011411329238874458,1983.4583333333228,2012.5416666666297,
FaIR_nonat_unB,43/1_ERF_FaIR,c,4.739444130451565,0.027099175984684903,51,37,1.788816119636976e-22,6.470177373653406e-21,-1011.8102825058195,0.37328015311804247,0.22915400199778493,-92074.73570802958,-92074.73570802959,0.37328015311804247,0.27286027680924635,0.22915400199778485,0.0038293638773573314,1985.3749999999877,2011.041666666631,
FaIR_anthro_unB,43/1_ERF_FaIR,c,4.378201724237137,0.024649792421933818,49,35,8.539640384436016e-28,9.721941404320666e-25,-1459.908755787575,0.3531157258242968,0.2141417822426534,-132851.69677666933,-132851.69677666936,0.3531157258242968,0.2590735306798569,0.2141417822426534,-0.0036516102168112816,1985.124999999988,2011.5416666666306,
