method_name,method_class,c/r,smooth_r,avg_unc.(1se),#q<0.5,#q<0.1,q_min,q_small5,log-likeli,RMS,bias,tlog-l,100log-l,100RMS,75RMS,100bias,bias50,xyear0.5,xyear1.0,xyear1.5
cent20y,42/1_Run_Means,r,1.0,0.03238589717495197,0,0,1.0,1.0,2.5236008164071793,0.0,0.0,391.15812654311276,231.98492259216158,0.0,0.0,0.0,0.0,1985.6249999999811,2010.9583333332914,
lowess1dg20wnc,42/3_ST_Fits,c,3.7822838782533506,0.06728754637228294,3,0,0.2053487771838772,0.5272455786688668,1.3567985599397265,0.05911981323255819,-0.006147962329030371,210.30377679065762,136.9353349756106,0.048539457569576415,0.044891143900428976,-0.010860808387231365,-0.04044141620014405,1988.208333333312,2014.041666666622,
Kal_flexLin,42/5_Kalman,c,5.126873278720943,0.05317657451406971,18,3,0.028373816837694854,0.25267620267866964,1.417160329743212,0.05691332704999308,-0.008428682950499884,219.65985111019788,145.7295910364212,0.04789669584847608,0.04169976946299043,-0.00795814171049361,-0.029681487795281347,1987.4583333333128,2014.2083333332885,
GAM_AR1,42/4_GAM_AR1,c,6.4673242193077805,0.06511755783315999,13,0,0.25538752713343954,0.44467270556284233,1.2952030882754157,0.061531072691680774,-0.004528924398966381,176.14762000545653,136.80377891877424,0.04823957995831568,0.042774376889273394,-0.006119492301592993,-0.030345149434988374,1987.3749999999795,2014.041666666622,
CGWL10y_sfUKCP,44/44_EarthModel_CGWL,c,6.231408656176658,0.0504328879137193,0,0,0.8868148148148147,0.8868148148148147,1.6262482549396322,0.04610847592204445,0.0004906038211786563,237.4322452211863,145.65345120375986,0.04625908871599836,0.04126335643200231,-0.0015185893190885248,0.0019045595459203563,1986.87499999998,2013.2083333332894,
