method_name,method_class,c/r,smooth_r,avg_unc.(1se),#q<0.5,#q<0.1,q_min,q_small5,log-likeli,RMS,bias,tlog-l,100log-l,100RMS,75RMS,100bias,bias50,xyear0.5,xyear1.0,xyear1.5
cent20y,42/1_Run_Means,r,1.0,0.026845335278294972,0,0,1.0,1.0,2.7107088927521295,0.0,0.0,420.1598783765801,244.62726152756295,0.0,0.0,0.0,0.0,1984.4583333333155,2010.7083333332916,
lowess1dg20wnc,42/3_ST_Fits,c,3.7027781537268822,0.1574813482774978,0,0,0.9926404392869522,0.9926404392869522,0.8784900074280786,0.049196076621737916,-0.012652456240716651,136.16595115135217,65.04559725180758,0.04937965687583196,0.050017280800503605,-0.014109241043196313,-0.04677649754212717,1987.3749999999795,2014.1249999999552,
Kal_flexLin,42/5_Kalman,c,4.990417452121356,0.05317657451406971,0,0,0.8205730372557807,0.8205730372557807,1.6223220000136271,0.04763455212738142,-0.01141390248983132,251.45991000211222,151.43463904979095,0.04459975339261502,0.04662890101187781,-0.009570413675070336,-0.03461527157498221,1986.6249999999802,2014.2083333332885,
GAM_AR1,42/4_GAM_AR1,c,8.908155424408701,0.041034116733386986,67,21,2.107613227349926e-07,2.4186005445326558e-05,0.440129476148687,0.06347560187401739,-0.01028500173294286,59.85760875622144,10.420589033598613,0.06488438089020933,0.06803736402909365,-0.022259993542315185,-0.05703983112477377,1990.2083333333103,2014.1249999999552,
CGWL10y_sfUKCP,44/44_EarthModel_CGWL,c,6.804057354018753,0.050329203759470295,0,0,0.8539622641509433,0.8539622641509433,1.5555769033802975,0.04690183473075288,-0.00021603296648356588,227.11422789352343,149.67992349777904,0.04285039909679906,0.04308905305339935,0.0056019392159859785,0.006676451257872619,1985.4583333333146,2013.4583333332891,
