method_name,method_class,c/r,smooth_r,avg_unc.(1se),#q<0.5,#q<0.1,q_min,q_small5,log-likeli,RMS,bias,tlog-l,100log-l,100RMS,75RMS,100bias,bias50,xyear0.5,xyear1.0,xyear1.5
cent20y,42/1_Run_Means,r,1.0,0.03199270825253571,0,0,1.0,1.0,2.535634591970514,0.0,0.0,393.0233617554297,231.92368391532972,0.0,0.0,0.0,0.0,1984.8749999999882,2010.374999999965,
GWI_anthro_CGWL,43/3_Human_Induced,c,2.4590049907574167,0.09278744962881048,0,0,0.9462774375943015,0.9462774375943015,1.154378779055175,0.0781131994874332,0.02842429362097929,81.96089331291742,81.96089331291739,0.0781131994874332,0.0781131994874332,0.02842429362097929,0.07307922594788044,1980.624999999992,2008.2916666666335,
GWI_anthro_SR15,43/3_Human_Induced,c,2.2561760881414052,0.08233204226227829,0,0,0.9615393908061922,0.9615393908061922,1.2572625130097916,0.06759182982142406,0.02121087760079397,89.26563842369521,89.26563842369521,0.06759182982142406,0.06759182982142406,0.02121087760079397,0.052242677902625836,1983.541666666656,2006.7083333333017,
GWI_anthro,43/3_Human_Induced,c,2.4032097996745567,0.08673843455673952,0,0,0.9626815200074611,0.9626815200074611,1.2113736800540948,0.07162231740880248,0.02396055750427104,86.00753128384073,86.00753128384075,0.07162231740880248,0.07162231740880248,0.02396055750427103,0.06125041676155295,1982.3749999999905,2009.2083333332994,
FaIR_nonat_unB,43/1_ERF_FaIR,c,4.304530589778833,0.024637258249263456,60,37,1.486488183541326e-26,1.0956640112121228e-20,-1017.2341299883028,0.34283118438773696,0.2072331675270127,-92568.30582893555,-92568.30582893554,0.3428311843877369,0.2512025143808437,0.20723316752701273,-0.004234076351613465,1986.6249999999866,2011.4583333332973,
