method_name,method_class,c/r,smooth_r,avg_unc.(1se),#q<0.5,#q<0.1,q_min,q_small5,log-likeli,RMS,bias,tlog-l,100log-l,100RMS,75RMS,100bias,bias50,xyear0.5,xyear1.0,xyear1.5
cent20y,42/1_Run_Means,r,1.0,0.026733076479661277,0,0,1.0,1.0,2.7168124897894823,0.0,0.0,421.1059359173698,244.84977870206936,0.0,0.0,0.0,0.0,1987.1249999999861,2013.2083333332957,
GWI_anthro_CGWL,43/3_Human_Induced,c,2.8684491921176205,0.08065973420611139,0,0,0.9871718873747485,0.9871718873747485,1.466143500352308,0.03260877401201629,-0.002595726170868481,104.09618852501387,104.09618852501387,0.03260877401201629,0.03260877401201629,-0.002595726170868481,-0.015761431476562764,1987.2083333333194,2015.7916666666267,
GWI_anthro_SR15,43/3_Human_Induced,c,2.6149798272152514,0.07244757017138533,0,0,0.9788033038018723,0.9788033038018723,1.4693748514159635,0.04450731215718614,0.002072361519951357,104.32561445053341,104.32561445053344,0.04450731215718614,0.04450731215718614,0.0020723615199513567,-0.01855065772758839,1987.5416666666524,2015.9583333332932,
GWI_anthro,43/3_Human_Induced,c,2.7182140280991445,0.075652627216642,0,0,0.9939298720067722,0.9939298720067722,1.4732511553183156,0.03942374953667928,0.0008869222375256037,104.6008320276004,104.6008320276004,0.03942374953667928,0.03942374953667928,0.0008869222375256037,-0.0164078452651494,1987.1249999999861,2015.7916666666267,
FaIR_nonat_unB,43/1_ERF_FaIR,c,1.996351018950899,0.0282955771678093,24,0,0.2885453824811732,0.3922413793103448,1.9331840179127577,0.033332082822601125,0.024223545703089884,175.91974563006096,175.91974563006096,0.03333208282260112,0.034054121867972395,0.024223545703089884,0.021436920852367224,1987.2916666666526,2013.3749999999623,
FaIR_anthro_unB,43/1_ERF_FaIR,c,2.3062370051032204,0.02413536361533977,41,0,0.1699286709611718,0.1699286709611718,1.4278761615024906,0.03851264222384398,0.028532126754438603,129.93673069672664,129.93673069672667,0.03851264222384398,0.04136410896094799,0.028532126754438607,0.030936547068386163,1985.5416666666542,2013.291666666629,
