method_name,method_class,c/r,smooth_r,avg_unc.(1se),#q<0.5,#q<0.1,q_min,q_small5,log-likeli,RMS,bias,tlog-l,100log-l,100RMS,75RMS,100bias,bias50,xyear0.5,xyear1.0,xyear1.5
cent20y,42/1_Run_Means,r,1.0,0.030914492397907587,0,0,1.0,1.0,2.570757485506927,0.0,0.0,398.4674102535737,230.51325146982145,0.0,0.0,0.0,0.0,1977.8749999999945,2004.7916666666367,
GWI_anthro_CGWL,43/3_Human_Induced,c,2.5045454357887293,0.08998024200330962,0,0,0.931116971245016,0.931116971245016,1.1066766273435145,0.08395517740449651,0.031395960180547404,78.57404054138952,78.57404054138954,0.08395517740449651,0.08395517740449651,0.031395960180547404,0.07801711312114747,1977.2916666666617,1995.9583333333114,
GWI_anthro_SR15,43/3_Human_Induced,c,2.3326032747296463,0.07994039318488896,0,0,0.7753579196863538,0.7753579196863538,1.1901860876467263,0.07619169738809099,0.023595139691226657,84.50321222291757,84.50321222291755,0.07619169738809099,0.07619169738809099,0.023595139691226653,0.05823390314481901,1979.624999999993,1996.2916666666445,2023.958333333286
GWI_anthro,43/3_Human_Induced,c,2.5570014904570546,0.08419255858555931,0,0,0.9172613726504604,0.9172613726504604,1.1640241466396246,0.07850233458627338,0.02627685737915436,82.64571441141335,82.64571441141334,0.07850233458627338,0.07850233458627338,0.026276857379154358,0.06653183742298951,1978.958333333327,1996.0416666666447,2023.958333333286
FaIR_nonat_unB,43/1_ERF_FaIR,c,1.7572202549125178,0.027087578103107503,60,0,0.1521421107628004,0.1521421107628004,1.5327196628405775,0.04155904114865401,-0.015327036474548063,139.47748931849256,139.47748931849253,0.04155904114865401,0.03738901267180344,-0.015327036474548063,-0.0008527731706923997,1979.3749999999932,2001.7083333333062,
FaIR_anthro_unB,43/1_ERF_FaIR,c,1.6290145342348175,0.025202519735965784,57,0,0.1758323424494649,0.1758323424494649,0.8899484174193912,0.042434530173661465,-0.020599450586311255,80.9853059851646,80.98530598516459,0.042434530173661465,0.03527100172936239,-0.02059945058631126,-0.0073338173621353055,1978.5416666666606,2002.291666666639,
