method_name,method_class,c/r,smooth_r,avg_unc.(1se),#q<0.5,#q<0.1,q_min,q_small5,log-likeli,RMS,bias,tlog-l,100log-l,100RMS,75RMS,100bias,bias50,xyear0.5,xyear1.0,xyear1.5
cent20y,42/1_Run_Means,r,1.0,0.03223109474555336,0,0,1.0,1.0,2.535624334359011,0.0,0.0,393.0217718256467,237.2985524386503,0.0,0.0,0.0,0.0,1984.6249999999884,2010.4583333332982,
GWI_anthro_CGWL,43/3_Human_Induced,c,2.2918331306551503,0.09091778216495378,0,0,0.591823384699719,0.591823384699719,0.9309186753037353,0.0973419690914817,-0.01404621343739017,66.09522594656521,66.0952259465652,0.0973419690914817,0.0973419690914817,-0.014046213437390168,0.04642056694631388,1983.0416666666565,2009.2083333332994,
GWI_anthro_SR15,43/3_Human_Induced,c,2.127516830017415,0.08202246284989068,0,0,0.6556159513199726,0.6556159513199726,1.0748491296187335,0.08548873299605257,-0.01661722056824784,76.31428820293007,76.31428820293006,0.08548873299605256,0.08548873299605256,-0.01661722056824784,0.030604225779325003,1985.2083333333212,2009.4583333332992,
GWI_anthro,43/3_Human_Induced,c,2.3281739667168813,0.0857345091864119,0,0,0.5869217662835319,0.5869217662835319,1.0178923534697795,0.09019089608279895,-0.015188058987351887,72.27035709635435,72.27035709635435,0.09019089608279895,0.09019089608279895,-0.015188058987351887,0.03771677735449337,1983.7916666666558,2009.7916666666322,
FaIR_nonat_unB,43/1_ERF_FaIR,c,4.160235329407993,0.025291037193115446,50,36,4.980695430380588e-22,1.9821063344996996e-19,-934.1708305843755,0.3380298596966639,0.2075995118300398,-85009.54558317817,-85009.54558317817,0.3380298596966639,0.24590116640158335,0.20759951183003986,0.0007132041004115594,1986.2083333333203,2011.4583333332973,
