method_name,method_class,c/r,smooth_r,avg_unc.(1se),#q<0.5,#q<0.1,q_min,q_small5,log-likeli,RMS,bias,tlog-l,100log-l,100RMS,75RMS,100bias,bias50,xyear0.5,xyear1.0,xyear1.5
cent20y,42/1_Run_Means,r,1.0,0.030995872216289695,0,0,1.0,1.0,2.5683478180524038,0.0,0.0,398.0939117981226,235.2544057302946,0.0,0.0,0.0,0.0,1984.9583333333214,2010.041666666632,
GWI_anthro_CGWL,43/3_Human_Induced,c,2.624489327108744,0.08273446137651899,0,0,0.9965805739869207,0.9965805739869207,1.4408278131861214,0.04798767017796851,0.0009625083355031382,102.29877473621463,102.29877473621461,0.04798767017796851,0.04798767017796851,0.0009625083355031384,0.025492987982892235,1983.1249999999898,2010.5416666666315,
GWI_anthro_SR15,43/3_Human_Induced,c,2.4088025089865934,0.0747448696761728,0,0,0.9798328263029938,0.9798328263029938,1.495112734647334,0.04784204545424079,0.0002784016964187442,106.15300415996072,106.15300415996072,0.04784204545424079,0.04784204545424079,0.0002784016964187442,0.015048877747715997,1985.124999999988,2010.8749999999645,
GWI_anthro,43/3_Human_Induced,c,2.5452109913156287,0.07802942178787821,0,0,0.9851382474701469,0.9851382474701469,1.4872615197867276,0.04697170452596843,0.0007398066282931829,105.59556790485766,105.59556790485766,0.04697170452596844,0.04697170452596843,0.0007398066282931829,0.019881705172240215,1983.7916666666558,2011.1249999999643,
FaIR_nonat_unB,43/1_ERF_FaIR,c,4.543888662544682,0.027133881896825654,45,37,5.099166958689465e-21,4.233149425918647e-20,-1050.6470679707957,0.37606605942249016,0.23565984913216115,-95608.8831853424,-95608.88318534242,0.3760660594224902,0.276251763775151,0.23565984913216112,0.009036252767543208,1985.3749999999877,2010.374999999965,
FaIR_anthro_unB,43/1_ERF_FaIR,c,4.2829704874183046,0.02434033592876708,41,36,2.810578578907862e-28,5.822158011778775e-24,-1529.323990628358,0.35723296329496707,0.2239674494078798,-139168.48314718058,-139168.48314718055,0.35723296329496707,0.26344611707042903,0.22396744940787974,0.005123295487133682,1984.8749999999882,2010.8749999999645,
