method_name,method_class,c/r,smooth_r,avg_unc.(1se),#q<0.5,#q<0.1,q_min,q_small5,log-likeli,RMS,bias,tlog-l,100log-l,100RMS,75RMS,100bias,bias50,xyear0.5,xyear1.0,xyear1.5
cent20y,42/1_Run_Means,r,1.0,0.030566904144207485,0,0,1.0,1.0,2.5805526452722027,0.0,0.0,399.98566001719144,236.52459079855288,0.0,0.0,0.0,0.0,1981.6249999999911,2008.0416666666338,
GWI_anthro_CGWL,43/3_Human_Induced,c,2.52955039731255,0.08532588361307311,0,0,0.9338700606668396,0.9338700606668396,1.2800964991524826,0.06726622541020384,0.009399055564897948,90.88685143982626,90.88685143982626,0.06726622541020384,0.06726622541020384,0.009399055564897948,0.04907256120591521,1980.5416666666588,2004.7083333333035,
GWI_anthro_SR15,43/3_Human_Induced,c,2.3344205747536777,0.0765870029648552,0,0,0.9437359177857314,0.9437359177857314,1.3667207720282883,0.06181070551206601,0.006062901411361256,97.03717481400847,97.03717481400847,0.06181070551206601,0.06181070551206601,0.006062901411361257,0.034459416458974684,1982.7083333333235,2003.3749999999714,
GWI_anthro,43/3_Human_Induced,c,2.475319138582888,0.08026837090244865,0,0,0.9057775458606825,0.9057775458606825,1.3410853819887636,0.06338257263918094,0.007393420789708694,95.21706212120222,95.21706212120222,0.06338257263918094,0.06338257263918094,0.007393420789708694,0.0408935078016948,1982.0416666666574,2004.541666666637,
FaIR_nonat_unB,43/1_ERF_FaIR,c,1.6263693229655924,0.027183926410394875,13,0,0.27553843611032036,0.27553843611032036,1.8831869670633494,0.03390327599904806,0.009743305695145817,171.3700140027648,171.37001400276483,0.03390327599904806,0.024208305552142522,0.009743305695145817,0.007066966958428653,1983.1249999999898,2008.124999999967,
FaIR_anthro_unB,43/1_ERF_FaIR,c,1.626376552355953,0.02447493903029544,9,0,0.2885453824811732,0.3091557669441142,2.043478118240604,0.03004762924021795,0.006843491597702684,185.95650875989494,185.95650875989492,0.030047629240217942,0.018742197232132943,0.006843491597702685,0.0025466936839672097,1980.8749999999918,2008.7083333332998,
