method_name,method_class,c/r,smooth_r,avg_unc.(1se),#q<0.5,#q<0.1,q_min,q_small5,log-likeli,RMS,bias,tlog-l,100log-l,100RMS,75RMS,100bias,bias50,xyear0.5,xyear1.0,xyear1.5
cent20y,42/1_Run_Means,r,1.0,0.031371649269290175,0,0,1.0,1.0,2.5550733798724585,0.0,0.0,396.03637388023105,232.35977949652718,0.0,0.0,0.0,0.0,1985.124999999988,2010.5416666666315,
GWI_anthro_CGWL,43/3_Human_Induced,c,2.4517810823459376,0.08489761070263574,0,0,0.9481243094359253,0.9481243094359253,1.3598445237915826,0.05696363303747862,0.006628298919797333,96.54896118920236,96.54896118920234,0.05696363303747862,0.05696363303747862,0.006628298919797332,0.03927306396624705,1983.208333333323,2009.4583333332992,
GWI_anthro_SR15,43/3_Human_Induced,c,2.2589135775473905,0.07646584919046473,0,0,0.9964904981636196,0.9964904981636196,1.431685119877195,0.05407496037462689,0.004637119371198284,101.64964351128084,101.64964351128083,0.05407496037462688,0.054074960374626876,0.004637119371198285,0.026337174025073577,1985.2916666666545,2009.5416666666324,
GWI_anthro,43/3_Human_Induced,c,2.4346102656762616,0.07997569400421158,0,0,0.9451414633006504,0.9451414633006504,1.416752444206975,0.05429545086507898,0.005615347384916783,100.58942353869523,100.58942353869526,0.054295450865078976,0.054295450865078976,0.005615347384916783,0.03217589545992733,1983.9583333333223,2009.8749999999654,
FaIR_nonat_unB,43/1_ERF_FaIR,c,4.5028963460194396,0.02666713165402286,45,38,3.6329933647498515e-23,4.614317198210228e-21,-1098.3157625534752,0.3796028829965097,0.23511845239485732,-99946.73439236626,-99946.73439236626,0.3796028829965097,0.2781070983786445,0.2351184523948574,0.004648330800018695,1986.2916666666536,2010.6249999999648,
FaIR_anthro_unB,43/1_ERF_FaIR,c,4.454684069621923,0.024107785774683105,44,35,2.2792372476176617e-26,1.421181241653887e-24,-1593.1297629323929,0.36253107063382756,0.22786847219309828,-144974.80842684774,-144974.80842684777,0.36253107063382756,0.26617423281802266,0.22786847219309828,0.006006832859621795,1985.2916666666545,2010.9583333332978,
