method_name,method_class,c/r,smooth_r,avg_unc.(1se),#q<0.5,#q<0.1,q_min,q_small5,log-likeli,RMS,bias,tlog-l,100log-l,100RMS,75RMS,100bias,bias50,xyear0.5,xyear1.0,xyear1.5
cent20y,42/1_Run_Means,r,1.0,0.032537719226613186,0,0,1.0,1.0,2.5220853320933676,0.0,0.0,390.92322647447196,233.26558870898583,0.0,0.0,0.0,0.0,1985.124999999988,2010.2083333332985,
GWI_anthro_CGWL,43/3_Human_Induced,c,2.3005570780722304,0.08825145469340882,0,0,0.9702714424997627,0.9702714424997627,1.266325634278891,0.06856136735649024,0.02110892988544092,89.90912003380127,89.90912003380127,0.06856136735649024,0.06856136735649024,0.021108929885440927,0.059376819884862646,1980.958333333325,2009.0416666666329,
GWI_anthro_SR15,43/3_Human_Induced,c,2.106898365396731,0.07908317471068026,0,0,0.9923988414349572,0.9923988414349572,1.369722327926836,0.05871000843189045,0.01641627535650785,97.25028528280536,97.25028528280538,0.05871000843189045,0.05871000843189045,0.01641627535650784,0.043449318616995705,1984.0416666666556,2009.1249999999661,
GWI_anthro,43/3_Human_Induced,c,2.3010184957821105,0.08287067655740332,0,0,0.9945399480080203,0.9945399480080203,1.3319416516443476,0.061900046465812944,0.01812802179667425,94.56785726674869,94.56785726674869,0.061900046465812944,0.061900046465812944,0.018128021796674252,0.05034724349833192,1982.7083333333235,2009.5416666666324,
FaIR_nonat_unB,43/1_ERF_FaIR,c,3.873674682475831,0.024454137334054323,48,36,9.148016554890433e-23,2.4785201862987727e-21,-1152.231326625348,0.35733510818915776,0.21875756260713422,-104853.05072290667,-104853.05072290667,0.3573351081891578,0.25616658506072576,0.2187575626071342,-5.6076094594044264e-05,1986.2083333333203,2011.041666666631,
FaIR_anthro_unB,43/1_ERF_FaIR,c,3.8741862240470257,0.023006986027230416,53,45,2.5463870388789162e-24,8.902173092751033e-24,-1454.4019799179457,0.3413819359016219,0.2190951095448653,-132350.58017253305,-132350.58017253305,0.3413819359016219,0.24678830547539876,0.21909510954486525,0.0142996229448156,1985.3749999999877,2010.4583333332982,
