method_name,method_class,c/r,smooth_r,avg_unc.(1se),#q<0.5,#q<0.1,q_min,q_small5,log-likeli,RMS,bias,tlog-l,100log-l,100RMS,75RMS,100bias,bias50,xyear0.5,xyear1.0,xyear1.5
cent20y,42/1_Run_Means,r,1.0,0.029262270515920376,0,0,1.0,1.0,2.626560789814804,0.0,0.0,407.1169224212946,235.77418692967836,0.0,0.0,0.0,0.0,1989.458333333311,2013.374999999956,
lowess1dg20wnc,42/3_ST_Fits,c,3.8802536376277192,0.051473871149365406,38,0,0.3880492365994794,0.3880492365994794,1.3837419724571562,0.055806266434989475,-0.015702714956122812,214.4800057308592,133.1487650632187,0.05200761024784569,0.04618620882637603,-0.016051322508368236,-0.04356822527616283,1990.6249999999766,2015.5416666666206,
Kal_flexLin,42/5_Kalman,c,5.309483221766647,0.05317657451406971,0,0,0.6379196943171178,0.6379196943171178,1.5409445905294903,0.05154669109970738,-0.010691435029543409,238.846411532071,142.45165212163045,0.04969216417476063,0.03937014975653443,-0.011009036117528135,-0.03221734124647333,1989.791666666644,2015.374999999954,
GAM_AR1,42/4_GAM_AR1,c,7.800428689390038,0.05487976620590057,22,0,0.4451787673850551,0.4451787673850551,1.3325557894462332,0.06158333949849043,-0.008789499584738947,181.2275873646877,132.46774288825787,0.05476025543341206,0.04303847044669722,-0.008542289659458663,-0.035156175030701696,1989.791666666644,2015.2083333332876,
CGWL10y_sfUKCP,44/44_EarthModel_CGWL,c,6.262150751799832,0.05047119377601531,0,0,0.8864285714285716,0.8864285714285716,1.607819887074223,0.0480556260551866,0.00587400670180508,234.74170351283658,140.8626094619526,0.04864800277568822,0.04211838162506021,0.0012832844965996201,0.004187696884903903,1990.0416666666438,2015.1249999999543,
