method_name,method_class,c/r,smooth_r,avg_unc.(1se),#q<0.5,#q<0.1,q_min,q_small5,log-likeli,RMS,bias,tlog-l,100log-l,100RMS,75RMS,100bias,bias50,xyear0.5,xyear1.0,xyear1.5
cent20y,42/1_Run_Means,r,1.0,0.028720925668913776,0,0,1.0,1.0,2.649032922871871,0.0,0.0,410.60010304514003,241.2338466807788,0.0,0.0,0.0,0.0,1979.7916666666595,2007.3749999999677,
GWI_anthro_CGWL,43/3_Human_Induced,c,2.58137416557574,0.06987237418112634,0,0,0.8766940268714792,0.8766940268714792,1.4481793005812675,0.05373251466965327,-0.045629923281302595,102.82073034126999,102.82073034126999,0.05373251466965327,0.05373251466965327,-0.0456299232813026,-0.051767457914264285,1984.2083333333221,2009.708333333299,
GWI_anthro_SR15,43/3_Human_Induced,c,2.368746953654825,0.06494198203888996,0,0,0.9959866832334132,0.9959866832334132,1.5608097420394378,0.04549182434199303,-0.03296892809320421,110.81749168480009,110.81749168480007,0.04549182434199303,0.04549182434199303,-0.03296892809320421,-0.04141004976519273,1983.7916666666558,2009.4583333332992,
GWI_anthro,43/3_Human_Induced,c,2.40346045193122,0.06673613986668375,0,0,0.9969090315353374,0.9969090315353374,1.5317716164081567,0.04739311370001068,-0.037034733622172196,108.75578476497913,108.75578476497913,0.04739311370001069,0.04739311370001069,-0.0370347336221722,-0.04503120836526284,1983.7916666666558,2009.7916666666322,
FaIR_nonat_unB,43/1_ERF_FaIR,c,1.6252253685493339,0.0278798805514377,0,0,0.6492271105826397,0.6925089179548156,2.1647521409049233,0.02810613543412136,0.00702394416955409,196.99244482234803,196.99244482234803,0.028106135434121365,0.02903229166242838,0.00702394416955409,0.011454641959762287,1980.4583333333255,2007.2916666666345,
FaIR_anthro_unB,43/1_ERF_FaIR,c,1.9525285079060877,0.02452879701136287,0,0,0.9721231338353812,0.9721231338353812,2.448549706913543,0.020410894096802443,-0.0024027224848780443,222.81802332913242,222.81802332913242,0.020410894096802443,0.02043679599062225,-0.0024027224848780443,-0.00198302620214231,1979.5416666666597,2008.4583333333,
