method_name,method_class,c/r,smooth_r,avg_unc.(1se),#q<0.5,#q<0.1,q_min,q_small5,log-likeli,RMS,bias,tlog-l,100log-l,100RMS,75RMS,100bias,bias50,xyear0.5,xyear1.0,xyear1.5
cent20y,42/1_Run_Means,r,1.0,0.0264800090696292,0,0,1.0,1.0,2.7240564123470543,0.0,0.0,422.22874391379344,244.5723489369969,0.0,0.0,0.0,0.0,1984.5416666666551,2010.374999999965,
GWI_anthro_CGWL,43/3_Human_Induced,c,2.680991819826031,0.08021689879705347,0,0,0.9974837749729888,0.9974837749729888,1.5191156123649519,0.025867917981610148,-0.0044387318745490656,107.85720847791158,107.8572084779116,0.025867917981610148,0.025867917981610148,-0.004438731874549066,-0.00987902330749444,1985.2916666666545,2013.4583333332955,
GWI_anthro_SR15,43/3_Human_Induced,c,2.4589946463553005,0.07242621813664384,0,0,0.9510558585702802,0.9510558585702802,1.5289597910991313,0.03780896896815247,-0.0006229688465390589,108.55614516803831,108.55614516803831,0.03780896896815247,0.03780896896815247,-0.0006229688465390588,-0.014153547722661013,1985.9583333333205,2013.624999999962,
GWI_anthro,43/3_Human_Induced,c,2.5812174313730627,0.0754820164549403,0,0,0.9805927987767878,0.9805927987767878,1.5320391009628784,0.03234558588972634,-0.0015143731659693154,108.77477616836437,108.77477616836435,0.03234558588972634,0.03234558588972634,-0.0015143731659693154,-0.011508240370443708,1985.124999999988,2013.5416666666288,
FaIR_nonat_unB,43/1_ERF_FaIR,c,5.193372234057633,0.028488773337584806,42,36,1.6311059233532533e-16,4.089322244662129e-16,-672.2487065239467,0.33883303553447913,0.21271171260756414,-61174.63229367915,-61174.63229367914,0.3388330355344792,0.25456047667510445,0.21271171260756414,0.006163918720998539,1985.2083333333212,2011.4583333332973,
