method_name,method_class,c/r,smooth_r,avg_unc.(1se),#q<0.5,#q<0.1,q_min,q_small5,log-likeli,RMS,bias,tlog-l,100log-l,100RMS,75RMS,100bias,bias50,xyear0.5,xyear1.0,xyear1.5
cent20y,42/1_Run_Means,r,1.0,0.03261256842012127,0,0,1.0,1.0,2.5188383536597083,0.0,0.0,390.41994481725476,232.45632259777608,0.0,0.0,0.0,0.0,1984.7083333333217,2010.2916666666317,
GWI_anthro_CGWL,43/3_Human_Induced,c,2.5585871077536004,0.08927164966849054,0,0,0.9779391687991723,0.9779391687991723,1.1901365035798523,0.07695867923912383,0.015216816572040319,84.49969175416952,84.49969175416953,0.07695867923912383,0.07695867923912383,0.015216816572040317,0.05992262411095581,1980.7916666666586,2009.0416666666329,
GWI_anthro_SR15,43/3_Human_Induced,c,2.322638312274754,0.07989373424737982,0,0,0.9283606503625244,0.9283606503625244,1.2984206389893433,0.0665337851944062,0.010398083484957197,92.18786536824338,92.1878653682434,0.0665337851944062,0.0665337851944062,0.010398083484957198,0.04334982642142713,1983.4583333333228,2009.1249999999661,
GWI_anthro,43/3_Human_Induced,c,2.466058432298354,0.08377546180305559,0,0,0.9750254193149565,0.9750254193149565,1.257478274488195,0.0702451270828845,0.012258723535722004,89.28095748866184,89.28095748866183,0.0702451270828845,0.0702451270828845,0.012258723535722004,0.0505778883714317,1982.4583333333237,2009.4583333332992,
FaIR_nonat_unB,43/1_ERF_FaIR,c,4.395622487760388,0.02484365170385027,53,39,2.80070762649663e-22,6.018400924081826e-21,-1064.1512009947207,0.34951989535176875,0.21136963875527848,-96837.75929051959,-96837.75929051958,0.34951989535176875,0.2502402667692047,0.21136963875527848,-0.0020964226527734014,1985.9583333333205,2011.4583333332973,
