method_name,method_class,c/r,smooth_r,avg_unc.(1se),#q<0.5,#q<0.1,q_min,q_small5,log-likeli,RMS,bias,tlog-l,100log-l,100RMS,75RMS,100bias,bias50,xyear0.5,xyear1.0,xyear1.5
cent20y,42/1_Run_Means,r,1.0,0.027539470220175454,0,0,1.0,1.0,2.686455337624583,0.0,0.0,416.4005773318104,242.2092838698644,0.0,0.0,0.0,0.0,1985.6249999999875,2011.2916666666308,
GWI_anthro_CGWL,43/3_Human_Induced,c,2.782604074905775,0.0798007615195658,0,0,0.9939872086375772,0.9939872086375772,1.4920442226757387,0.032394937997645784,-0.0035128735146454097,105.93513980997744,105.93513980997743,0.032394937997645784,0.032394937997645784,-0.0035128735146454097,-0.010810875268536723,1986.2916666666536,2014.874999999961,
GWI_anthro_SR15,43/3_Human_Induced,c,2.5393146157242517,0.07194120875722543,0,0,0.9271924427433582,0.9271924427433582,1.4953093084814921,0.04277048981585052,0.00016113512050752068,106.16696090218595,106.16696090218596,0.04277048981585052,0.04277048981585052,0.00016113512050752068,-0.014867877523050754,1986.6249999999866,2015.0416666666274,
GWI_anthro,43/3_Human_Induced,c,2.632099458557275,0.07501113108353463,0,0,0.9525002540190329,0.9525002540190329,1.4995530897920188,0.0380765829092284,-0.0007232079212435298,106.46826937523333,106.46826937523332,0.0380765829092284,0.0380765829092284,-0.0007232079212435298,-0.012355348499964457,1986.2083333333203,2014.874999999961,
FaIR_nonat_unB,43/1_ERF_FaIR,c,2.4507315299052586,0.028206105305434832,4,0,0.43281807372175973,0.525564803804994,2.0064079462123114,0.03198181329411882,0.020562757076560478,182.58312310532034,182.58312310532034,0.03198181329411882,0.03178404544332416,0.020562757076560478,0.01771509718006049,1985.7083333333208,2012.2083333332967,
FaIR_anthro_unB,43/1_ERF_FaIR,c,2.2929634528409526,0.024185256573426406,30,0,0.23608258566641444,0.23608258566641444,1.8373715162678617,0.033378218646743646,0.021521199636340225,167.2008079803754,167.2008079803754,0.033378218646743646,0.03475680136792527,0.021521199636340225,0.020787396271903257,1984.791666666655,2012.3749999999632,
