method_name,method_class,c/r,smooth_r,avg_unc.(1se),#q<0.5,#q<0.1,q_min,q_small5,log-likeli,RMS,bias,tlog-l,100log-l,100RMS,75RMS,100bias,bias50,xyear0.5,xyear1.0,xyear1.5
cent20y,42/1_Run_Means,r,1.0,0.02895918567899019,0,0,1.0,1.0,2.6386652686661094,0.0,0.0,408.99311664324694,239.25979346634148,0.0,0.0,0.0,0.0,1984.958333333315,2010.3749999999586,
lowess1dg20wnc,42/3_ST_Fits,c,3.9238687983328178,0.21409214493865494,0,0,0.9985321365250018,0.9985321365250018,0.6063398568483843,0.044106413704740874,-0.00858745696820785,93.98267781149957,40.217318975279035,0.04547838842272447,0.0446917534488971,-0.0168987474342435,-0.0328592495413666,1986.6249999999802,2013.1249999999561,
Kal_flexLin,42/5_Kalman,c,5.175137792071619,0.05317657451406971,0,0,0.976732806656311,0.976732806656311,1.6977112219927368,0.04359069799264352,-0.008928836593365007,263.1452394088742,154.0705551494646,0.04299114730737618,0.040697688095071786,-0.01235021808414711,-0.022399667280831648,1986.1249999999807,2013.4583333332891,
GAM_AR1,42/4_GAM_AR1,c,3.346363137210689,0.038259079719983075,23,15,1.82765567366619e-08,1.1224078129756851e-05,0.8430337238989322,0.05331706479308665,-0.024105261104681835,114.65258645025477,21.45270995305646,0.06118646979993477,0.06391686751438862,-0.0359856712686478,-0.05466689175577248,1987.7083333333126,2012.9583333332896,
CGWL10y_sfUKCP,44/44_EarthModel_CGWL,c,6.341901955868156,0.05011263192901688,0,0,0.8827906976744186,0.8827906976744186,1.6524868459236872,0.04467664632158003,-0.00817414231544603,241.26307950485833,151.66318150248065,0.042047948437563945,0.03776662609742095,-0.006905596858268249,-0.004824230631422932,1985.9583333333142,2009.874999999959,
