method_name,method_class,c/r,smooth_r,avg_unc.(1se),#q<0.5,#q<0.1,q_min,q_small5,log-likeli,RMS,bias,tlog-l,100log-l,100RMS,75RMS,100bias,bias50,xyear0.5,xyear1.0,xyear1.5
cent20y,42/1_Run_Means,r,1.0,0.02820619844323493,0,0,1.0,1.0,2.6639615637724203,0.0,0.0,412.9140423847252,242.1307036523691,0.0,0.0,0.0,0.0,1984.291666666649,2011.6249999999575,
lowess1dg20wnc,42/3_ST_Fits,c,3.6546520720262183,0.2177365656117763,0,0,0.9987056258312563,0.9987056258312563,0.6013706797614454,0.04081762854301482,-0.006705095405038968,93.21245536302403,39.81981268586869,0.03980502907857988,0.0372914371248783,-0.014733247406707072,-0.027540695515565667,1986.0416666666474,2014.2916666666217,
Kal_flexLin,42/5_Kalman,c,4.982286350027543,0.05317657451406971,0,0,0.962618602647515,0.962618602647515,1.6959695095974296,0.044312540410907986,-0.010895148483424811,262.8752739876016,160.34981347004432,0.038892025613441725,0.03487248029584049,-0.011030799823402913,-0.01924366832996873,1985.2083333333148,2014.374999999955,
GAM_AR1,42/4_GAM_AR1,c,3.9558070070136586,0.03660502576108182,28,13,2.2091604759896422e-10,5.490098009758656e-07,0.7457007321012172,0.052400173489330154,-0.014448171724835009,101.41529956576554,19.19455574800429,0.05472657052402025,0.06034722158195163,-0.02901305430895351,-0.05338304967400977,1987.7083333333126,2014.1249999999552,
CGWL10y_sfUKCP,44/44_EarthModel_CGWL,c,6.320269716989803,0.050257613569978744,0,0,0.9370149253731344,0.9370149253731344,1.60209898252453,0.046349053481034685,-0.011399874246201726,233.90645144858138,149.07180591744086,0.043283553580655644,0.04076972132843321,-0.0058503576447329,0.0010358956516741684,1985.5416666666479,2013.1249999999561,
