method_name,method_class,c/r,smooth_r,avg_unc.(1se),#q<0.5,#q<0.1,q_min,q_small5,log-likeli,RMS,bias,tlog-l,100log-l,100RMS,75RMS,100bias,bias50,xyear0.5,xyear1.0,xyear1.5
cent20y,42/1_Run_Means,r,1.0,0.026819331371203226,0,0,1.0,1.0,2.711736846785142,0.0,0.0,420.319211251697,244.67871436217843,0.0,0.0,0.0,0.0,1984.791666666655,2010.374999999965,
GWI_anthro_CGWL,43/3_Human_Induced,c,2.7458554721554234,0.080785402868482,0,0,0.9870773118373217,0.9870773118373217,1.5179483994886742,0.024923118589388837,-0.0058398482828900524,107.77433636369587,107.77433636369588,0.02492311858938884,0.02492311858938884,-0.0058398482828900524,-0.010688556948748732,1985.791666666654,2013.2083333332957,
GWI_anthro_SR15,43/3_Human_Induced,c,2.5095751676698383,0.07280048606883417,0,0,0.9596904490524496,0.9596904490524496,1.5282983742769563,0.03732283308272248,-0.0025020138230569117,108.5091845736639,108.5091845736639,0.037322833082722474,0.037322833082722474,-0.0025020138230569117,-0.01574994289614997,1986.2083333333203,2013.4583333332955,
GWI_anthro,43/3_Human_Induced,c,2.5976604909652217,0.07596110271203431,0,0,0.9744040041724532,0.9744040041724532,1.5291151060995511,0.03197996067470886,-0.003225561274243015,108.56717253306813,108.56717253306812,0.03197996067470886,0.03197996067470886,-0.003225561274243015,-0.01277980177547396,1985.6249999999875,2013.3749999999623,
FaIR_nonat_unB,43/1_ERF_FaIR,c,5.563726282748622,0.028211782468636,46,38,2.1973005320286573e-19,3.8057378578269344e-17,-749.2419583042158,0.34747240092380743,0.2246159090334459,-68181.01820568363,-68181.01820568363,0.34747240092380743,0.2610992905367128,0.22461590903344586,0.01683143244965546,1985.124999999988,2010.4583333332982,
FaIR_anthro_unB,43/1_ERF_FaIR,c,5.5732785504628035,0.024125636415657084,64,47,3.7055304115232055e-24,4.184984701101004e-22,-1240.4699398233715,0.3318053495974103,0.22222596137444456,-112882.76452392682,-112882.76452392683,0.3318053495974103,0.25149955467076907,0.22222596137444456,0.02589687182009301,1983.4583333333228,2010.708333333298,
