method_name,method_class,c/r,smooth_r,avg_unc.(1se),#q<0.5,#q<0.1,q_min,q_small5,log-likeli,RMS,bias,tlog-l,100log-l,100RMS,75RMS,100bias,bias50,xyear0.5,xyear1.0,xyear1.5
cent20y,42/1_Run_Means,r,1.0,0.028809970115101127,0,0,1.0,1.0,2.6465835058086413,0.0,0.0,410.2204434003394,240.93820077321305,0.0,0.0,0.0,0.0,1984.3749999999886,2010.9583333332978,
GWI_anthro_CGWL,43/3_Human_Induced,c,2.7208477196471748,0.07164987068991617,0,0,0.8129222482871149,0.8129222482871149,1.3008074473592253,0.06433568113741164,-0.04383102507720523,92.35732876250499,92.357328762505,0.06433568113741164,0.06433568113741164,-0.04383102507720523,-0.07235118908624089,1987.374999999986,2015.87499999996,
GWI_anthro_SR15,43/3_Human_Induced,c,2.4684205280243865,0.06594937389382621,0,0,0.9075298838641782,0.9075298838641782,1.397295302573391,0.05668017217188427,-0.02912433812461569,99.20796648271076,99.20796648271076,0.056680172171884265,0.056680172171884265,-0.02912433812461569,-0.057681133247789236,1987.0416666666529,2015.7916666666267,
GWI_anthro,43/3_Human_Induced,c,2.558516727842298,0.06798864180486736,0,0,0.8757997730306338,0.8757997730306338,1.3669274082676357,0.05910288055180355,-0.0340049158081245,97.05184598700214,97.05184598700214,0.05910288055180355,0.05910288055180355,-0.034004915808124495,-0.06289876312179468,1987.1249999999861,2015.7916666666267,
FaIR_nonat_unB,43/1_ERF_FaIR,c,5.294158138154001,0.0280795597871052,58,37,1.0759695300573106e-23,2.0727021322200223e-20,-942.0078483998979,0.3752033378073901,0.2297387542075303,-85722.71420439071,-85722.71420439071,0.3752033378073902,0.2797365124185888,0.22973875420753034,0.0033013123729573935,1984.791666666655,2011.8749999999636,
FaIR_anthro_unB,43/1_ERF_FaIR,c,4.945783311431319,0.02491203146999445,65,39,3.2519028581432184e-29,4.3844408859887755e-27,-1540.7108428809229,0.3520258915834726,0.20788950004608445,-140204.68670216398,-140204.68670216395,0.3520258915834726,0.26549695517161087,0.20788950004608447,-0.011648153677831343,1985.0416666666547,2012.8749999999627,
