method_name,method_class,c/r,smooth_r,avg_unc.(1se),#q<0.5,#q<0.1,q_min,q_small5,log-likeli,RMS,bias,tlog-l,100log-l,100RMS,75RMS,100bias,bias50,xyear0.5,xyear1.0,xyear1.5
cent20y,42/1_Run_Means,r,1.0,0.028518131625861424,0,0,1.0,1.0,2.6514821858135402,0.0,0.0,410.97973880109873,240.82393968398958,0.0,0.0,0.0,0.0,1972.2083333333267,2001.791666666633,
lowess1dg20wnc,42/3_ST_Fits,c,3.680520804825675,0.06720859970192869,0,0,0.9991698652196263,0.9991698652196263,1.6403219259075499,0.04236145652777261,-0.012152828606275588,254.24989851567022,145.0972778215074,0.03827417547283645,0.03769953949481403,-0.015979963738162642,-0.026862622429043755,1977.791666666655,2001.791666666633,2023.3749999999468
Kal_flexLin,42/5_Kalman,c,5.031327904331213,0.05317657451406971,0,0,0.971806554264811,0.971806554264811,1.7164332167816494,0.043243317492992484,-0.011447117592703327,266.04714860115564,162.1234889990886,0.037653423200199015,0.036418222340929,-0.011944645385940053,-0.018591470897964268,1977.1249999999889,2001.7083333332998,2023.124999999947
GAM_AR1,42/4_GAM_AR1,c,3.316049962013607,0.0394013638953759,19,15,1.1144775378381406e-08,1.440597507003445e-05,0.9003164338327988,0.05287240454425514,-0.02691743401101651,122.44303500126064,28.18424007785581,0.061970783269588575,0.06987948454121581,-0.042228004326207734,-0.07398470387542881,1979.124999999987,2002.4583333332992,2023.45833333328
CGWL10y_sfUKCP,44/44_EarthModel_CGWL,c,6.413341013306098,0.05055251705550378,0,0,0.9221052631578948,0.9221052631578948,1.5617709742357557,0.047455783204726966,-0.013803712114323822,228.01856223842034,148.79586663274844,0.04159815926194715,0.04135352150149587,-0.009514447393132296,-0.0007783287485503915,1972.29166666666,1997.541666666637,2022.458333333281
