method_name,method_class,c/r,smooth_r,avg_unc.(1se),#q<0.5,#q<0.1,q_min,q_small5,log-likeli,RMS,bias,tlog-l,100log-l,100RMS,75RMS,100bias,bias50,xyear0.5,xyear1.0,xyear1.5
cent20y,42/1_Run_Means,r,1.0,0.029220050261845133,0,0,1.0,1.0,2.6348047163183934,0.0,0.0,408.39473102935096,239.60824956928803,0.0,0.0,0.0,0.0,1984.8749999999882,2010.2083333332985,
GWI_anthro_CGWL,43/3_Human_Induced,c,2.742472778362135,0.07116309396408105,0,0,0.8513305024260479,0.8513305024260479,1.415669917675364,0.05397723066734848,-0.03554482354201573,100.51256415495084,100.51256415495084,0.05397723066734848,0.05397723066734848,-0.03554482354201572,-0.05915854788787795,1987.4583333333192,2014.7916666666276,
GWI_anthro_SR15,43/3_Human_Induced,c,2.4955859691333226,0.06551554771874799,0,0,0.9341823816040977,0.9341823816040977,1.4981317870583786,0.048787431047974256,-0.022258393199418396,106.36735688114489,106.3673568811449,0.04878743104797425,0.04878743104797425,-0.02225839319941839,-0.04675785779524388,1987.1249999999861,2014.5416666666279,
GWI_anthro,43/3_Human_Induced,c,2.5802932574876514,0.06754532194723846,0,0,0.8848759936965606,0.8848759936965606,1.4706240671338933,0.05029554201161284,-0.026732802539024998,104.41430876650642,104.41430876650642,0.05029554201161285,0.05029554201161284,-0.026732802539024998,-0.05126713032831096,1987.2083333333194,2014.6249999999611,
FaIR_nonat_unB,43/1_ERF_FaIR,c,5.248528396487375,0.028207080578672994,71,48,8.695827521403385e-24,1.385718115630993e-22,-1202.517989748207,0.40658554848710665,0.23587759207670878,-109429.13706708682,-109429.13706708685,0.40658554848710665,0.2966160544493509,0.23587759207670875,-0.01606195446580922,1986.5416666666533,2011.5416666666306,
