method_name,method_class,c/r,smooth_r,avg_unc.(1se),#q<0.5,#q<0.1,q_min,q_small5,log-likeli,RMS,bias,tlog-l,100log-l,100RMS,75RMS,100bias,bias50,xyear0.5,xyear1.0,xyear1.5
cent20y,42/1_Run_Means,r,1.0,0.0269941836727845,0,0,1.0,1.0,2.704544427182491,0.0,0.0,419.2043862132861,242.0781029476375,0.0,0.0,0.0,0.0,1984.4583333333155,2010.7083333332916,
lowess1dg20wnc,42/3_ST_Fits,c,3.5717905614386245,0.17303419234160566,0,0,0.999122608499025,0.999122608499025,0.7943242086720425,0.0481746460556535,-0.013079672216942097,123.12025234416659,55.45478810893363,0.04998508548559585,0.047970510790436266,-0.014319446206138528,-0.04027278045568854,1986.9583333333132,2014.1249999999552,
Kal_flexLin,42/5_Kalman,c,4.8890498050896785,0.05317657451406971,0,0,0.8791885973872114,0.8791885973872114,1.660754759983955,0.045690005870290644,-0.010536892307235786,257.416987797513,149.5179639164564,0.04573391769723437,0.04458270796809469,-0.009501972044213233,-0.02882988057965734,1986.3749999999804,2014.2083333332885,
GAM_AR1,42/4_GAM_AR1,c,6.436611543205164,0.040899980432036846,44,7,0.00037505283864970265,0.08732358906656501,1.3264087237929072,0.05097321316257117,-0.007093967754354944,180.3915864358354,116.34723114033596,0.05251455626039313,0.04631912570370917,-0.01474702717250936,-0.029054378166505912,1986.3749999999804,2014.1249999999552,
CGWL10y_sfUKCP,44/44_EarthModel_CGWL,c,6.506525647253089,0.0505641148575852,0,0,0.876,0.876,1.629815601636788,0.04442431873375536,0.0006866380958860872,237.95307783897104,151.0873043350863,0.04145258848016824,0.0391249559892835,0.0014948756383696663,0.005040126183414413,1985.6249999999811,2012.9583333332896,
