method_name,method_class,c/r,smooth_r,avg_unc.(1se),#q<0.5,#q<0.1,q_min,q_small5,log-likeli,RMS,bias,tlog-l,100log-l,100RMS,75RMS,100bias,bias50,xyear0.5,xyear1.0,xyear1.5
cent20y,42/1_Run_Means,r,1.0,0.031165859884406302,0,0,1.0,1.0,2.56095758287824,0.0,0.0,396.94842534612724,231.92479667501283,0.0,0.0,0.0,0.0,1984.7083333333217,2010.374999999965,
GWI_anthro_CGWL,43/3_Human_Induced,c,2.4473786040549736,0.07945447893060659,0,0,0.9737345424780735,0.9737345424780735,1.4696187390432625,0.04033723147608071,-0.01675773819004213,104.34293047207163,104.34293047207163,0.04033723147608071,0.04033723147608071,-0.01675773819004213,-0.006855511984806968,1985.791666666654,2013.1249999999625,
GWI_anthro_SR15,43/3_Human_Induced,c,2.2642725551013925,0.07255663367187558,0,0,0.9867979490199952,0.9867979490199952,1.5094511866498528,0.04510933107345363,-0.012879914642481475,107.17103425213955,107.17103425213953,0.04510933107345363,0.04510933107345363,-0.012879914642481475,-0.010764881664883045,1986.2083333333203,2013.2083333332957,
GWI_anthro,43/3_Human_Induced,c,2.3599086749843163,0.0753059669364035,0,0,0.9895714114232634,0.9895714114232634,1.5161555527662427,0.04152270946424538,-0.013907044348945975,107.64704424640323,107.64704424640323,0.04152270946424538,0.04152270946424538,-0.013907044348945975,-0.008443683340415791,1985.6249999999875,2013.2083333332957,
FaIR_nonat_unB,43/1_ERF_FaIR,c,4.4607151279784665,0.02708978638401439,46,38,1.6113316311862573e-20,5.437226763738039e-20,-1009.6343006873841,0.3714832537833345,0.23328997902891793,-91876.72136255195,-91876.72136255197,0.3714832537833345,0.2769917929275606,0.23328997902891793,0.008579680430859125,1985.3749999999877,2010.708333333298,
FaIR_anthro_unB,43/1_ERF_FaIR,c,4.312799775158214,0.02420997241297603,47,37,5.569274914205379e-27,2.812244443936696e-25,-1499.5939567108194,0.3529023114624205,0.22239526029109952,-136463.05006068456,-136463.05006068456,0.35290231146242057,0.26438409879915437,0.22239526029109943,0.004981045960914131,1984.791666666655,2011.1249999999643,
