method_name,method_class,c/r,smooth_r,avg_unc.(1se),#q<0.5,#q<0.1,q_min,q_small5,log-likeli,RMS,bias,tlog-l,100log-l,100RMS,75RMS,100bias,bias50,xyear0.5,xyear1.0,xyear1.5
cent20y,42/1_Run_Means,r,1.0,0.026721883464822856,0,0,1.0,1.0,2.7130592206210764,0.0,0.0,420.52417919626686,244.8616634240129,0.0,0.0,0.0,0.0,1984.1249999999825,2010.791666666625,
lowess1dg20wnc,42/3_ST_Fits,c,3.4604975131538236,0.16003893248697595,0,0,0.998356821059601,0.998356821059601,0.8555896012360105,0.049151606508719047,-0.012171455571011066,132.61638819158162,62.91045433430839,0.05043938677401144,0.04901202289674316,-0.014994031164805873,-0.03970013396188218,1986.6249999999802,2014.2083333332885,
Kal_flexLin,42/5_Kalman,c,4.861535455782264,0.05317657451406971,0,0,0.8740519639973733,0.8740519639973733,1.645546107433242,0.046696434437942955,-0.01102998001224955,255.0596466521525,150.39212202735442,0.0452201759348467,0.044245070976724754,-0.010162268529088568,-0.027799584470518463,1986.1249999999807,2014.2916666666217,
GAM_AR1,42/4_GAM_AR1,c,7.072832799564936,0.04286205756743658,56,2,0.019049659712065497,0.1502633609267205,1.3586214332950457,0.05104931749266156,-0.00440351949993546,184.7725149281262,124.6382815610051,0.051624959207850915,0.046678216915932096,-0.01455149353584148,-0.027491214170507438,1986.1249999999807,2014.1249999999552,
CGWL10y_sfUKCP,44/44_EarthModel_CGWL,c,6.0716809492074795,0.05032782185702555,0,0,0.8938775510204081,0.8938775510204081,1.5650351205862443,0.046363320213498566,0.0024741684647860587,228.49512760559168,146.79969826497896,0.04347615739148388,0.0409090875279162,0.005012426444033806,0.008860078084826499,1985.2083333333148,2013.708333333289,
