method_name,method_class,c/r,smooth_r,avg_unc.(1se),#q<0.5,#q<0.1,q_min,q_small5,log-likeli,RMS,bias,tlog-l,100log-l,100RMS,75RMS,100bias,bias50,xyear0.5,xyear1.0,xyear1.5
cent20y,42/1_Run_Means,r,1.0,0.026479627148766678,0,0,1.0,1.0,2.724063687574247,0.0,0.0,422.22987157400826,244.5824124364144,0.0,0.0,0.0,0.0,1987.374999999986,2013.2083333332957,
GWI_anthro_CGWL,43/3_Human_Induced,c,2.6803435210657214,0.08021689884103786,0,0,0.9910603083191645,0.9910603083191645,1.5225123054023149,0.025485222760886637,-0.0012387987525804029,108.09837368356436,108.09837368356436,0.02548522276088664,0.02548522276088664,-0.0012387987525804029,-0.0066620007188746885,1987.1249999999861,2015.3749999999604,
GWI_anthro_SR15,43/3_Human_Induced,c,2.4583234680221917,0.07242621810479015,0,0,0.9397044385375808,0.9397044385375808,1.5303317531396528,0.03786930834353139,0.002578442782480578,108.65355447291535,108.65355447291535,0.03786930834353138,0.03786930834353138,0.0025784427824805775,-0.01093375561335617,1987.4583333333192,2015.6249999999602,
GWI_anthro,43/3_Human_Induced,c,2.5806106917839124,0.0754820164051221,0,0,0.9618300810776518,0.9618300810776518,1.5336397111371423,0.03232886103408104,0.0016860900804240712,108.88841949073709,108.88841949073708,0.03232886103408104,0.03232886103408104,0.0016860900804240712,-0.008289027466107332,1987.0416666666529,2015.4583333332937,
FaIR_nonat_unB,43/1_ERF_FaIR,c,2.2940948456476304,0.028471878532373925,0,0,0.6059453032104638,0.6059453032104638,2.1229094802937167,0.02899168130240334,0.016376488893764574,193.18476270672824,193.1847627067282,0.028991681302403344,0.02711157541466779,0.016376488893764574,0.008485183554747578,1988.041666666652,2013.624999999962,
