method_name,method_class,c/r,smooth_r,avg_unc.(1se),#q<0.5,#q<0.1,q_min,q_small5,log-likeli,RMS,bias,tlog-l,100log-l,100RMS,75RMS,100bias,bias50,xyear0.5,xyear1.0,xyear1.5
cent20y,42/1_Run_Means,r,1.0,0.02998853050581312,0,0,1.0,1.0,2.5991713629806847,0.0,0.0,402.87156126200614,237.0095769158985,0.0,0.0,0.0,0.0,1985.3749999999877,2011.1249999999643,
GWI_anthro_CGWL,43/3_Human_Induced,c,2.519922774116337,0.07887063099872318,0,0,0.9952999720585457,0.9952999720585457,1.3768752895550338,0.05514456892829931,-0.02260515558988403,97.75814555840739,97.75814555840739,0.05514456892829931,0.05514456892829931,-0.02260515558988403,0.0007891671416268733,1983.7083333333226,2014.4583333332946,
GWI_anthro_SR15,43/3_Human_Induced,c,2.309723183565756,0.07269827629055375,0,0,0.9864362060353881,0.9864362060353881,1.5193925531462384,0.04626872230191171,-0.017301068333650207,107.87687127338293,107.87687127338293,0.04626872230191171,0.04626872230191171,-0.017301068333650204,-3.76427144377561e-05,1985.124999999988,2014.4583333332946,
GWI_anthro,43/3_Human_Induced,c,2.4480546770732285,0.07504693810170032,0,0,0.9472902087421295,0.9472902087421295,1.4754494362184523,0.04962884617708683,-0.018805550154415228,104.75690997151011,104.75690997151011,0.04962884617708684,0.049628846177086836,-0.018805550154415228,0.001097750059767359,1983.9583333333223,2014.3749999999613,
FaIR_nonat_unB,43/1_ERF_FaIR,c,1.6929250395625202,0.027427770642245244,6,0,0.36068172810146654,0.36068172810146654,2.032186839683965,0.031014152564608113,0.011714434217101048,184.9290024112408,184.9290024112408,0.03101415256460811,0.02737616417667865,0.011714434217101048,0.0247610383653298,1984.0416666666556,2011.1249999999643,
FaIR_anthro_unB,43/1_ERF_FaIR,c,1.9548519255184524,0.02416042499598755,32,0,0.26328449691029837,0.26328449691029837,1.753393495768306,0.03468580265836702,0.010164805978046325,159.55880811491585,159.55880811491582,0.034685802658367015,0.032432545018848305,0.010164805978046325,0.026376132013076644,1981.0416666666583,2011.2916666666308,
