method_name,method_class,c/r,smooth_r,avg_unc.(1se),#q<0.5,#q<0.1,q_min,q_small5,log-likeli,RMS,bias,tlog-l,100log-l,100RMS,75RMS,100bias,bias50,xyear0.5,xyear1.0,xyear1.5
cent20y,42/1_Run_Means,r,1.0,0.02917797152149458,0,0,1.0,1.0,2.634693345626577,0.0,0.0,408.3774685721195,241.24223540750128,0.0,0.0,0.0,0.0,1984.2083333333221,2011.1249999999643,
GWI_anthro_CGWL,43/3_Human_Induced,c,2.6314201988274277,0.07085055393178807,0,0,0.9819606814148188,0.9819606814148188,1.3608968784875755,0.061252975994506624,-0.049493875995133364,96.62367837261786,96.62367837261783,0.061252975994506624,0.061252975994506624,-0.049493875995133364,-0.06837417474696261,1987.2083333333194,2015.87499999996,
GWI_anthro_SR15,43/3_Human_Induced,c,2.3925867988110765,0.06543282510736419,0,0,0.9881463774733473,0.9881463774733473,1.5058924285963535,0.04968672947381096,-0.033849151742970755,106.9183624303411,106.9183624303411,0.04968672947381096,0.04968672947381096,-0.03384915174297076,-0.05143660027614542,1986.791666666653,2015.541666666627,
GWI_anthro,43/3_Human_Induced,c,2.5300817326313267,0.06737126801328695,0,0,0.986067672815296,0.986067672815296,1.4587736261053597,0.0535698444397156,-0.03920526486229271,103.57292745348053,103.57292745348053,0.0535698444397156,0.0535698444397156,-0.03920526486229272,-0.057824511438667694,1986.9583333333196,2015.6249999999602,
FaIR_nonat_unB,43/1_ERF_FaIR,c,5.486882223898182,0.028561539185860994,68,50,9.301386030226454e-26,6.166255787936761e-24,-1241.6772354907155,0.4167152852939623,0.2449175871689152,-112992.62842965512,-112992.6284296551,0.41671528529396235,0.29971960188142993,0.2449175871689152,-0.007333986222823346,1985.8749999999873,2011.9583333332969,
FaIR_anthro_unB,43/1_ERF_FaIR,c,5.084223211613057,0.026269048530447245,77,55,4.6475164217983726e-32,1.2346022331628614e-30,-1942.4106340713781,0.39251467325252626,0.21796954014165365,-176759.3677004954,-176759.36770049544,0.3925146732525263,0.2850114941745438,0.21796954014165365,-0.028034206372840546,1986.791666666653,2013.1249999999625,
