method_name,method_class,c/r,smooth_r,avg_unc.(1se),#q<0.5,#q<0.1,q_min,q_small5,log-likeli,RMS,bias,tlog-l,100log-l,100RMS,75RMS,100bias,bias50,xyear0.5,xyear1.0,xyear1.5
cent20y,42/1_Run_Means,r,1.0,0.03136827188108736,0,0,1.0,1.0,2.5551853253636407,0.0,0.0,396.05372543136434,232.37725691428213,0.0,0.0,0.0,0.0,1983.4583333333164,2009.1249999999598,
lowess1dg20wnc,42/3_ST_Fits,c,3.4613766898507343,0.06108636667246838,7,0,0.14389563248292092,0.14389563248292092,1.3316383155629117,0.06011676796129072,-0.009341162617871731,206.4039389122513,127.57515031543818,0.05445179812673759,0.049001556623535586,-0.013991212962772604,-0.035900609096178836,1986.208333333314,2009.7083333332926,
Kal_flexLin,42/5_Kalman,c,4.952404000117561,0.05317657451406971,17,0,0.12365746169637026,0.12365746169637026,1.399743505795283,0.05856549311519994,-0.010648860726902132,216.96024339826886,139.07356553413155,0.05147700590414382,0.042059399401992915,-0.009100049646052787,-0.024512666190548687,1982.8749999999836,2009.7916666666258,
GAM_AR1,42/4_GAM_AR1,c,7.811807997192098,0.0629882994038732,9,1,0.04549800669206908,0.29270394456491394,1.229442222349794,0.0672620550115431,-0.01146749086473288,167.20414223957198,131.16428993425578,0.054554074306140926,0.04675819850543244,-0.010250747363149343,-0.029439852415217425,1986.1249999999807,2009.6249999999593,
CGWL10y_sfUKCP,44/44_EarthModel_CGWL,c,5.615229900438697,0.04986854705118364,0,0,0.9819469026548673,0.9819469026548673,1.6362320516087008,0.04513707062915193,-0.0011087436338676293,238.88987953487032,145.62322059428703,0.04487277116912978,0.035749009094996516,-0.004516868444184216,0.0013953101180982225,1984.291666666649,2009.1249999999598,
