method_name,method_class,c/r,smooth_r,avg_unc.(1se),#q<0.5,#q<0.1,q_min,q_small5,log-likeli,RMS,bias,tlog-l,100log-l,100RMS,75RMS,100bias,bias50,xyear0.5,xyear1.0,xyear1.5
cent20y,42/1_Run_Means,r,1.0,0.03057134785666149,0,0,1.0,1.0,2.58039351685681,0.0,0.0,399.96099511280556,236.51281458897924,0.0,0.0,0.0,0.0,1984.9583333333214,2010.4583333332982,
GWI_anthro_CGWL,43/3_Human_Induced,c,2.530014641498649,0.08532588349063858,0,0,0.92900458368977,0.92900458368977,1.281167014436478,0.06690033814233892,0.006191492754084718,90.96285802498993,90.96285802498993,0.06690033814233892,0.06690033814233892,0.006191492754084718,0.045869482470554356,1982.7916666666567,2009.374999999966,
GWI_anthro_SR15,43/3_Human_Induced,c,2.3347735252439334,0.0765870029069227,0,0,0.9382826028223272,0.9382826028223272,1.3678108216604103,0.06159421572563389,0.0028534696630643807,97.11456833788914,97.11456833788915,0.06159421572563389,0.06159421572563389,0.0028534696630643807,0.031253742958839516,1984.8749999999882,2009.4583333332992,
GWI_anthro,43/3_Human_Induced,c,2.475575707821242,0.08026837055147273,0,0,0.926182663342466,0.926182663342466,1.3425087376961835,0.06310277725623596,0.004185358259146619,95.31812037642902,95.31812037642902,0.06310277725623598,0.06310277725623596,0.004185358259146619,0.03768988562275224,1983.6249999999893,2009.7916666666322,
FaIR_nonat_unB,43/1_ERF_FaIR,c,4.4715281666087145,0.02714294834829252,45,36,4.2950734619818165e-22,4.326056213199197e-21,-1125.6015111507097,0.3895656029079121,0.24038104759758583,-102429.7375147146,-102429.7375147146,0.3895656029079121,0.2785326694211631,0.24038104759758577,0.003860490557597927,1985.5416666666542,2011.041666666631,
FaIR_anthro_unB,43/1_ERF_FaIR,c,4.315898671125811,0.024492440515014258,41,35,3.2778419298457863e-26,9.074805134142669e-25,-1653.0683425214365,0.37160882536255757,0.2288034838817124,-150429.21916945072,-150429.21916945075,0.37160882536255757,0.2655114893580128,0.2288034838817124,-0.0006561557196302546,1985.124999999988,2011.5416666666306,
