method_name,method_class,c/r,smooth_r,avg_unc.(1se),#q<0.5,#q<0.1,q_min,q_small5,log-likeli,RMS,bias,tlog-l,100log-l,100RMS,75RMS,100bias,bias50,xyear0.5,xyear1.0,xyear1.5
cent20y,42/1_Run_Means,r,1.0,0.02936268050699291,0,0,1.0,1.0,2.6250397910168175,0.0,0.0,406.8811676076067,238.65772474886086,0.0,0.0,0.0,0.0,1988.6249999999784,2013.7916666666222,
lowess1dg20wnc,42/3_ST_Fits,c,3.6860265846103584,0.05725477627654017,6,0,0.20070943684932446,0.4649568002614977,1.3580949646940847,0.06133800060741761,-0.020580730648654934,210.50471952758312,131.17281372569235,0.053738502086076945,0.046616819704395324,-0.013778972716973575,-0.04223018313879904,1990.5416666666433,2015.5416666666206,
Kal_flexLin,42/5_Kalman,c,4.958679345197954,0.05317657451406971,0,0,0.5025356084763638,0.5025356084763638,1.528658334677898,0.052251846654723065,-0.010355301422104887,236.94204187507418,139.343887306809,0.05133646324750172,0.040483606605052395,-0.009428153891231049,-0.0309883805615772,1989.7083333333107,2015.374999999954,
GAM_AR1,42/4_GAM_AR1,c,7.417945333584194,0.05687193768365753,34,8,0.0005559667191457095,0.019084088815585373,1.0088026695700794,0.06994581220601491,-0.015442913665992479,137.1971630615308,99.32409215301173,0.06551068835886982,0.05116668545833521,-0.015486215338243653,-0.04217770644409472,1989.8749999999773,2015.2083333332876,
CGWL10y_sfUKCP,44/44_EarthModel_CGWL,c,5.556151152132351,0.0502290255360065,0,0,0.8342857142857143,0.8342857142857143,1.626678974500598,0.046828217938686856,0.004972166955567354,237.49513027708733,138.6430631016904,0.05028043031179347,0.04313025159602781,0.0020886794771907014,0.0027121436603450644,1990.124999999977,2015.2083333332876,
