method_name,method_class,c/r,smooth_r,avg_unc.(1se),#q<0.5,#q<0.1,q_min,q_small5,log-likeli,RMS,bias,tlog-l,100log-l,100RMS,75RMS,100bias,bias50,xyear0.5,xyear1.0,xyear1.5
cent20y,42/1_Run_Means,r,1.0,0.02949155113175095,0,0,1.0,1.0,2.6114719057300286,0.0,0.0,404.7781453881544,234.5529693461367,0.0,0.0,0.0,0.0,1988.1249999999852,2013.5416666666288,
GWI_anthro_CGWL,43/3_Human_Induced,c,2.711604128091912,0.08524795891982787,0,0,0.9965565790902469,0.9965565790902469,1.4300427228705073,0.032515302528582354,-0.00930236988157493,101.53303332380602,101.53303332380602,0.032515302528582354,0.032515302528582354,-0.00930236988157493,-0.019818888255848502,1989.374999999984,2015.9583333332932,
GWI_anthro_SR15,43/3_Human_Induced,c,2.46473717475864,0.07676406888088137,0,0,0.9834976076537354,0.9834976076537354,1.4588088720520127,0.041261549415899886,-0.005228783114209992,103.57542991569291,103.57542991569292,0.04126154941589988,0.04126154941589988,-0.005228783114209992,-0.02343261420782381,1989.5416666666506,2016.2916666666263,
GWI_anthro,43/3_Human_Induced,c,2.6367866162145477,0.08007384668875202,0,0,0.9902985523233085,0.9902985523233085,1.4590944365134648,0.036795654765409976,-0.00613437533109795,103.595704992456,103.595704992456,0.036795654765409976,0.036795654765409976,-0.00613437533109795,-0.020909699520839497,1989.374999999984,2016.0416666666265,
FaIR_nonat_unB,43/1_ERF_FaIR,c,2.3150022454694956,0.027565409191451225,0,0,0.5280380499405469,0.5280380499405469,2.0358303139787233,0.03208775194809513,0.007616606649699331,185.26055857206381,185.26055857206381,0.03208775194809512,0.030555036654703743,0.007616606649699331,0.013142253267930634,1988.8749999999845,2013.624999999962,
