method_name,method_class,c/r,smooth_r,avg_unc.(1se),#q<0.5,#q<0.1,q_min,q_small5,log-likeli,RMS,bias,tlog-l,100log-l,100RMS,75RMS,100bias,bias50,xyear0.5,xyear1.0,xyear1.5
cent20y,42/1_Run_Means,r,1.0,0.030914897747180464,0,0,1.0,1.0,2.5707391807158415,0.0,0.0,398.46457301095546,230.51210614689245,0.0,0.0,0.0,0.0,1985.0416666666547,2010.4583333332982,
GWI_anthro_CGWL,43/3_Human_Induced,c,2.5032096181435204,0.08998024180668135,0,0,0.9540514806290231,0.9540514806290231,1.117762514541996,0.08305159572861698,0.028966038051119823,79.36113853248172,79.36113853248173,0.08305159572861696,0.08305159572861696,0.028966038051119823,0.0755553233709534,1981.5416666666579,2008.0416666666338,
GWI_anthro_SR15,43/3_Human_Induced,c,2.331483756520261,0.07994039299294327,0,0,0.8268373706447789,0.8268373706447789,1.199958715738392,0.07544918537692626,0.021163829086772407,85.19706881742583,85.19706881742582,0.07544918537692624,0.07544918537692626,0.021163829086772407,0.055770247525041027,1983.7916666666558,2006.0416666666356,
GWI_anthro,43/3_Human_Induced,c,2.555497848356143,0.08419255567178126,0,0,0.9071059838518019,0.9071059838518019,1.1741811760224878,0.07770201624574177,0.02384867158580767,83.36686349759664,83.36686349759664,0.07770201624574177,0.07770201624574177,0.02384867158580767,0.0640731018999716,1982.7083333333235,2008.9583333332996,
FaIR_nonat_unB,43/1_ERF_FaIR,c,4.883943738912652,0.0270613325525463,74,45,2.867970603604578e-22,4.1245235885554524e-21,-1149.8207620735238,0.39363460733985556,0.23020010989956924,-104633.68934869068,-104633.68934869068,0.39363460733985556,0.28385595980158707,0.2302001098995692,-0.011771973311598415,1986.7083333333198,2011.6249999999638,
