method_name,method_class,c/r,smooth_r,avg_unc.(1se),#q<0.5,#q<0.1,q_min,q_small5,log-likeli,RMS,bias,tlog-l,100log-l,100RMS,75RMS,100bias,bias50,xyear0.5,xyear1.0,xyear1.5
cent20y,42/1_Run_Means,r,1.0,0.02673192987023809,0,0,1.0,1.0,2.720728521697501,0.0,0.0,421.7129208631127,238.05329418065477,0.0,0.0,0.0,0.0,1988.208333333312,2013.5416666666224,
lowess1dg20wnc,42/3_ST_Fits,c,3.3272784925660894,0.039065971190856745,65,11,0.04596215499706602,0.056720733868067176,1.2920328831476544,0.050348139032730325,-0.01512587039818068,200.26509688788644,101.33326154776611,0.055457234278646045,0.0436015810167204,-0.017870253077339863,-0.03621596871144709,1989.5416666666442,2015.2916666666208,
Kal_flexLin,42/5_Kalman,c,4.603079096475731,0.05317657451406971,0,0,0.782686260553509,0.8671085119401414,1.6342495146979346,0.04688205906006833,-0.009226555846089998,253.30867477817986,139.06612019255908,0.05148087141942379,0.03659097969629309,-0.01204333150416861,-0.02556813923131975,1989.0416666666447,2015.1249999999543,
GAM_AR1,42/4_GAM_AR1,c,8.689273855145112,0.040758857474567034,51,19,4.289251178958415e-06,0.012552061657598533,1.0967563566962548,0.05529200369229706,-0.009792652110904828,149.15886451069065,85.23831575412773,0.05983125566767615,0.03974686300660485,-0.014027135707616349,-0.023516473599454146,1987.874999999979,2014.7916666666213,
CGWL10y_sfUKCP,44/44_EarthModel_CGWL,c,6.120272870436654,0.05054679473321284,0,0,0.8836149986435199,0.8836149986435199,1.567332690539685,0.05006435499425913,0.008468751001007123,228.830572818794,139.3261168767698,0.048812002731220584,0.038771159629404826,0.00024646780091991253,0.008030828074665073,1989.2916666666445,2014.708333333288,
