method_name,method_class,c/r,smooth_r,avg_unc.(1se),#q<0.5,#q<0.1,q_min,q_small5,log-likeli,RMS,bias,tlog-l,100log-l,100RMS,75RMS,100bias,bias50,xyear0.5,xyear1.0,xyear1.5
cent20y,42/1_Run_Means,r,1.0,0.032108994973621144,0,0,1.0,1.0,2.5333118189698736,0.0,0.0,392.6633319403304,231.8207272498236,0.0,0.0,0.0,0.0,1990.958333333316,2014.9583333332941,
GWI_anthro_CGWL,43/3_Human_Induced,c,2.160903878856408,0.08773260102252488,0,0,0.9907209156145853,0.9907209156145853,1.3246867161576712,0.05995813815055901,0.01656798245134335,94.05275684719466,94.05275684719467,0.05995813815055901,0.05995813815055901,0.01656798245134335,0.04984303448726829,1987.2083333333194,2015.1249999999607,
GWI_anthro_SR15,43/3_Human_Induced,c,1.9912096267087935,0.07854634891263021,0,0,0.9749628736292203,0.9749628736292203,1.4014630497888387,0.05417527410979377,0.013102927252813822,99.50387653500755,99.50387653500752,0.05417527410979376,0.05417527410979377,0.01310292725281382,0.03378066899505643,1987.7916666666522,2015.4583333332937,
GWI_anthro,43/3_Human_Induced,c,2.104552275380353,0.08237663578108816,0,0,0.9549553038812844,0.9549553038812844,1.3788958588953628,0.0552373590172861,0.01467362241662621,97.90160598157075,97.90160598157075,0.0552373590172861,0.0552373590172861,0.01467362241662621,0.04094815978323505,1987.2916666666526,2015.2916666666272,
FaIR_nonat_unB,43/1_ERF_FaIR,c,2.0773470163368795,0.02518789875124256,41,4,0.02125865725739831,0.10108493634579246,-0.5499662956622366,0.05174263728717982,0.024897022750332114,-50.04693290526354,-50.04693290526353,0.05174263728717982,0.038057411195592736,0.024897022750332114,-0.001089134410452366,1992.0416666666483,2015.1249999999607,
