method_name,method_class,c/r,smooth_r,avg_unc.(1se),#q<0.5,#q<0.1,q_min,q_small5,log-likeli,RMS,bias,tlog-l,100log-l,100RMS,75RMS,100bias,bias50,xyear0.5,xyear1.0,xyear1.5
cent20y,42/1_Run_Means,r,1.0,0.030845666037721316,0,0,1.0,1.0,2.5716370639823882,0.0,0.0,398.60374491727015,235.81504916597882,0.0,0.0,0.0,0.0,1984.8749999999882,2010.041666666632,
GWI_anthro_CGWL,43/3_Human_Induced,c,2.3705530698250836,0.08040238663468696,0,0,0.9775320990623553,0.9775320990623553,1.4310655266051389,0.05066135441810797,-0.008059469041032573,101.60565238896486,101.60565238896487,0.05066135441810798,0.05066135441810798,-0.008059469041032573,0.017497912486439993,1984.0416666666556,2010.4583333332982,
GWI_anthro_SR15,43/3_Human_Induced,c,2.1824786175145134,0.07297163422025457,0,0,0.937008813088729,0.937008813088729,1.494364983211061,0.05021375140061008,-0.007609444766605741,106.09991380798533,106.09991380798533,0.05021375140061008,0.05021375140061008,-0.007609444766605741,0.009153175086145965,1985.5416666666542,2010.6249999999648,
GWI_anthro,43/3_Human_Induced,c,2.277643666850122,0.07597032661300629,0,0,0.9532211553039855,0.9532211553039855,1.4844769543926828,0.04933956601897684,-0.007637498042622678,105.39786376188047,105.39786376188046,0.04933956601897684,0.049339566018976835,-0.00763749804262268,0.012967284006330244,1984.3749999999886,2011.041666666631,
FaIR_nonat_unB,43/1_ERF_FaIR,c,4.680629644913069,0.02752495842762486,73,39,1.265367665169232e-24,1.482088943369755e-20,-1125.5079923210737,0.39090895451333557,0.23303709215356652,-102421.2273012177,-102421.2273012177,0.3909089545133356,0.2832124457475509,0.23303709215356652,-0.007510215792007113,1986.2083333333203,2011.2916666666308,
