method_name,method_class,c/r,smooth_r,avg_unc.(1se),#q<0.5,#q<0.1,q_min,q_small5,log-likeli,RMS,bias,tlog-l,100log-l,100RMS,75RMS,100bias,bias50,xyear0.5,xyear1.0,xyear1.5
cent20y,42/1_Run_Means,r,1.0,0.02949155113175095,0,0,1.0,1.0,2.6114719057300286,0.0,0.0,404.7781453881544,234.5529693461367,0.0,0.0,0.0,0.0,1988.1249999999852,2013.5416666666288,
GWI_anthro_CGWL,43/3_Human_Induced,c,2.7116041280627696,0.085247958919831,0,0,0.996556579090247,0.996556579090247,1.4300427228692312,0.03251530252856365,-0.00930236988152995,101.53303332371542,101.53303332371542,0.03251530252856365,0.03251530252856365,-0.00930236988152995,-0.019818888255782662,1989.374999999984,2015.9583333332932,
GWI_anthro_SR15,43/3_Human_Induced,c,2.464737174731404,0.07676406888090141,0,0,0.9834976076537354,0.9834976076537354,1.4588088720545438,0.04126154941585752,-0.005228783114214811,103.5754299158726,103.5754299158726,0.04126154941585751,0.04126154941585751,-0.005228783114214811,-0.023432614207849086,1989.5416666666506,2016.2916666666263,
GWI_anthro,43/3_Human_Induced,c,2.6367866162567113,0.08007384668875002,0,0,0.9902985523233085,0.9902985523233085,1.4590944365139797,0.036795654765440326,-0.006134375331112541,103.59570499249256,103.59570499249254,0.03679565476544033,0.03679565476544033,-0.006134375331112541,-0.020909699520893173,1989.374999999984,2016.0416666666265,
FaIR_nonat_unB,43/1_ERF_FaIR,c,2.354008384985307,0.027553265048642438,37,0,0.3632580261593341,0.3632580261593341,1.8196603064666768,0.03629773962940091,0.018791514033310596,165.5890878884676,165.5890878884676,0.03629773962940091,0.037584173824736646,0.0187915140333106,0.02478248159570586,1988.5416666666515,2013.3749999999623,
FaIR_anthro_unB,43/1_ERF_FaIR,c,2.167432292924017,0.02375411105838845,65,23,0.007458603387201463,0.009916501218350273,-1.8179698893031633,0.051237992757447164,0.024610929781683843,-165.43525992658786,-165.43525992658783,0.051237992757447164,0.05363440661390424,0.024610929781683843,0.03802197593536982,1987.2083333333194,2013.291666666629,
