method_name,method_class,c/r,smooth_r,avg_unc.(1se),#q<0.5,#q<0.1,q_min,q_small5,log-likeli,RMS,bias,tlog-l,100log-l,100RMS,75RMS,100bias,bias50,xyear0.5,xyear1.0,xyear1.5
cent20y,42/1_Run_Means,r,1.0,0.03033817023613351,0,0,1.0,1.0,2.5917893228453517,0.0,0.0,401.7273450410295,236.86874398509042,0.0,0.0,0.0,0.0,1981.291666666658,2007.3749999999677,
GWI_anthro_CGWL,43/3_Human_Induced,c,2.51611974611429,0.08183509447638501,0,0,0.9876283049558157,0.9876283049558157,1.5106086010701683,0.03385353303710109,-0.0020995377919555093,107.25321067598195,107.25321067598195,0.033853533037101084,0.033853533037101084,-0.0020995377919555093,0.009788708447462251,1981.7916666666576,2006.4583333333019,
GWI_anthro_SR15,43/3_Human_Induced,c,2.310905930175502,0.074024722835175,0,0,0.9933519247786604,0.9933519247786604,1.5421462709889815,0.04035527875901121,-0.000561839189885464,109.49238524021769,109.49238524021769,0.04035527875901121,0.04035527875901121,-0.000561839189885464,0.0028164260118245655,1983.0416666666565,2005.2916666666363,
GWI_anthro,43/3_Human_Induced,c,2.4056498161945417,0.07718145249670832,0,0,0.995513784458417,0.995513784458417,1.543809355950199,0.036376529309446154,-0.0008996972690847628,109.61046427246413,109.61046427246411,0.036376529309446154,0.036376529309446154,-0.0008996972690847628,0.006283748862971058,1982.4583333333237,2006.8749999999682,
FaIR_nonat_unB,43/1_ERF_FaIR,c,1.8371164485067246,0.027362143392312653,0,0,0.7213634562029331,0.990672479852028,2.265566424023399,0.025487570947724955,0.0007866510204490874,206.16654458612928,206.16654458612928,0.025487570947724955,0.022672231985995026,0.0007866510204490874,0.009511755651030962,1982.541666666657,2007.124999999968,
FaIR_anthro_unB,43/1_ERF_FaIR,c,1.9354238484288724,0.02455420793986466,0,0,0.5289998678821509,0.5289998678821509,2.2607467517782744,0.025632035049141806,-0.005065628734955834,205.72795441182296,205.72795441182296,0.025632035049141806,0.01947068570006645,-0.005065628734955833,0.0021595182274233233,1980.3749999999923,2007.9583333333005,
