method_name,method_class,c/r,smooth_r,avg_unc.(1se),#q<0.5,#q<0.1,q_min,q_small5,log-likeli,RMS,bias,tlog-l,100log-l,100RMS,75RMS,100bias,bias50,xyear0.5,xyear1.0,xyear1.5
cent20y,42/1_Run_Means,r,1.0,0.02936181159659969,0,0,1.0,1.0,2.625073286423316,0.0,0.0,406.886359395614,238.66008835461145,0.0,0.0,0.0,0.0,1985.2083333333212,2010.374999999965,
GWI_anthro_CGWL,43/3_Human_Induced,c,2.344189313763537,0.08333508965186515,0,0,0.9960886093479248,0.9960886093479248,1.359996009423564,0.05297904413735843,-0.017117564045807773,96.55971666907304,96.55971666907303,0.05297904413735843,0.05297904413735843,-0.017117564045807773,0.009982768205458405,1986.124999999987,2011.2083333332976,
GWI_anthro_SR15,43/3_Human_Induced,c,2.1857726911231263,0.07588870861914943,0,0,0.9536701857318781,0.9536701857318781,1.4657864876848732,0.04824910121789899,-0.015755259794732666,104.07084062562599,104.07084062562598,0.04824910121789899,0.04824910121789899,-0.015755259794732662,0.0010979293507297953,1986.5416666666533,2011.9583333332969,
GWI_anthro,43/3_Human_Induced,c,2.3549630171943265,0.07892774403565078,0,0,0.9781379971168718,0.9781379971168718,1.4350532917716372,0.04932082226615403,-0.015715537053592844,101.88878371578625,101.88878371578622,0.04932082226615402,0.04932082226615403,-0.01571553705359284,0.005462809347771519,1986.0416666666538,2011.9583333332969,
FaIR_nonat_unB,43/1_ERF_FaIR,c,4.748110193275814,0.02707732325226386,56,38,4.0797479851364566e-18,2.1365966553150105e-17,-829.1658667708296,0.3441538485367466,0.22660953483795906,-75454.09387614549,-75454.09387614546,0.3441538485367466,0.25995714913795515,0.22660953483795906,0.022615033821488616,1985.2916666666545,2010.2916666666317,
FaIR_anthro_unB,43/1_ERF_FaIR,c,4.460416345300759,0.02378421080330535,72,54,2.620813761187608e-26,6.737464702479166e-23,-1264.894952686618,0.3314804306991289,0.22943499741209683,-115105.44069448223,-115105.44069448224,0.33148043069912897,0.25328384832792045,0.22943499741209683,0.03845379324062765,1980.3749999999923,2010.041666666632,
