method_name,method_class,c/r,smooth_r,avg_unc.(1se),#q<0.5,#q<0.1,q_min,q_small5,log-likeli,RMS,bias,tlog-l,100log-l,100RMS,75RMS,100bias,bias50,xyear0.5,xyear1.0,xyear1.5
cent20y,42/1_Run_Means,r,1.0,0.027374400031021484,0,0,1.0,1.0,2.6943946327075183,0.0,0.0,417.63116806966536,237.3931378138854,0.0,0.0,0.0,0.0,1985.791666666654,2012.958333333296,
GWI_anthro_CGWL,43/3_Human_Induced,c,2.775390604032245,0.08729692488280262,0,0,0.9856310011384413,0.9856310011384413,1.2430340216966143,0.07321925017909274,0.03502701076532791,88.25541554045961,88.25541554045961,0.07321925017909274,0.07321925017909274,0.035027010765327916,0.07305693348966544,1980.7916666666586,2012.4583333332964,
GWI_anthro_SR15,43/3_Human_Induced,c,2.580833829068007,0.07722947828296205,0,0,0.9567598006134519,0.9567598006134519,1.3229398718878633,0.06469332164249372,0.029673590373901403,93.9287309040383,93.92873090403828,0.06469332164249372,0.06469332164249372,0.029673590373901392,0.05540188701615661,1983.2916666666563,2012.7083333332962,
GWI_anthro,43/3_Human_Induced,c,2.7805030172768763,0.08147249128518193,0,0,0.9786745764265998,0.9786745764265998,1.2885203812207073,0.06788471430157471,0.031728804609188324,91.48494706667022,91.4849470666702,0.06788471430157471,0.06788471430157471,0.03172880460918833,0.06323557832162742,1982.2916666666572,2012.7083333332962,
FaIR_nonat_unB,43/1_ERF_FaIR,c,2.2219203894264203,0.027788209509471667,25,2,0.05308621713230829,0.22689919735233846,1.023043307822072,0.0454783279074662,0.02867125177668069,93.09694101180855,93.09694101180855,0.0454783279074662,0.034051390302168374,0.028671251776680687,0.026251705294965764,1985.0416666666547,2012.7083333332962,
FaIR_anthro_unB,43/1_ERF_FaIR,c,2.189496697063422,0.024212659665734697,49,4,0.030128692025906244,0.13525564803804993,0.3029497669975432,0.04679147734363237,0.03286514231140119,27.568428796776434,27.568428796776445,0.046791477343632364,0.034557732272978925,0.03286514231140119,0.03199505798842102,1983.7916666666558,2012.624999999963,
