method_name,method_class,c/r,smooth_r,avg_unc.(1se),#q<0.5,#q<0.1,q_min,q_small5,log-likeli,RMS,bias,tlog-l,100log-l,100RMS,75RMS,100bias,bias50,xyear0.5,xyear1.0,xyear1.5
cent20y,42/1_Run_Means,r,1.0,0.0268829862001264,0,0,1.0,1.0,2.7073744588483284,0.0,0.0,419.6430411214909,242.5197676541379,0.0,0.0,0.0,0.0,1985.791666666654,2011.6249999999638,
GWI_anthro_CGWL,43/3_Human_Induced,c,2.877344209748959,0.08056709074567789,0,0,0.9981535837219804,0.9981535837219804,1.5423253647496367,0.02580707181684351,0.003995099641402652,109.50510089722421,109.50510089722422,0.02580707181684351,0.02580707181684351,0.003995099641402652,0.004317001337966179,1985.6249999999875,2014.0416666666283,
GWI_anthro_SR15,43/3_Human_Induced,c,2.6498510560977597,0.0725616267646397,0,0,0.961836857715827,0.961836857715827,1.567293015158302,0.03367315486992009,0.005981946571962473,111.27780407623943,111.27780407623942,0.03367315486992009,0.03367315486992009,0.005981946571962473,-0.0019241580946881191,1986.2083333333203,2014.2083333332948,
GWI_anthro,43/3_Human_Induced,c,2.8296191107660893,0.07572059821587242,0,0,0.9988760118917528,0.9988760118917528,1.5622164537226346,0.029830415205843567,0.005603388657485547,110.91736821430706,110.91736821430706,0.02983041520584356,0.02983041520584356,0.005603388657485547,0.0014167971928758093,1985.5416666666542,2014.1249999999616,
FaIR_nonat_unB,43/1_ERF_FaIR,c,2.1362567940250305,0.028401421677503993,2,0,0.43281807372175973,0.6801426872770511,2.132973575678622,0.0285124033534335,0.019206492683371584,194.10059538675458,194.10059538675458,0.0285124033534335,0.026388308471501084,0.019206492683371584,0.01957136716454625,1985.7083333333208,2011.5416666666306,
FaIR_anthro_unB,43/1_ERF_FaIR,c,2.528525441214016,0.024226395996190794,23,0,0.33663627956136877,0.33663627956136877,2.0108568394463693,0.03053546836246081,0.019480227911576827,182.9879723896196,182.98797238961959,0.030535468362460808,0.030173611049904018,0.019480227911576827,0.0217615008736325,1984.9583333333214,2011.8749999999636,
