method_name,method_class,c/r,smooth_r,avg_unc.(1se),#q<0.5,#q<0.1,q_min,q_small5,log-likeli,RMS,bias,tlog-l,100log-l,100RMS,75RMS,100bias,bias50,xyear0.5,xyear1.0,xyear1.5
cent20y,42/1_Run_Means,r,1.0,0.028809970115101127,0,0,1.0,1.0,2.6465835058086413,0.0,0.0,410.2204434003394,240.93820077321305,0.0,0.0,0.0,0.0,1984.3749999999886,2010.9583333332978,
GWI_anthro_CGWL,43/3_Human_Induced,c,2.720847719622196,0.07164987068991618,0,0,0.8129222482871149,0.8129222482871149,1.3008074473559952,0.06433568113738994,-0.0438310250771904,92.35732876227566,92.35732876227564,0.06433568113738994,0.06433568113738994,-0.0438310250771904,-0.07235118908623864,1987.374999999986,2015.87499999996,
GWI_anthro_SR15,43/3_Human_Induced,c,2.4684205280364937,0.06594937389382444,0,0,0.9075298838641782,0.9075298838641782,1.3972953025761072,0.05668017217190921,-0.02912433812459967,99.20796648290361,99.20796648290361,0.0566801721719092,0.0566801721719092,-0.02912433812459967,-0.05768113324779613,1987.0416666666529,2015.7916666666267,
GWI_anthro,43/3_Human_Induced,c,2.5585167278513357,0.06798864180487346,0,0,0.8757997730306338,0.8757997730306338,1.366927408266263,0.059102880551761196,-0.034004915808069656,97.05184598690468,97.05184598690468,0.059102880551761196,0.059102880551761196,-0.03400491580806965,-0.0628987631217465,1987.1249999999861,2015.7916666666267,
FaIR_nonat_unB,43/1_ERF_FaIR,c,5.2517137823438285,0.028048009882314696,71,40,8.610985046652298e-22,5.14753961391092e-21,-911.7155217003395,0.36879690842263474,0.22042389211766766,-82966.1124747309,-82966.11247473091,0.36879690842263474,0.2750930166214841,0.22042389211766766,-0.004775714606203661,1985.2083333333212,2012.29166666663,
