method_name,method_class,c/r,smooth_r,avg_unc.(1se),#q<0.5,#q<0.1,q_min,q_small5,log-likeli,RMS,bias,tlog-l,100log-l,100RMS,75RMS,100bias,bias50,xyear0.5,xyear1.0,xyear1.5
cent20y,42/1_Run_Means,r,1.0,0.029811334935043142,0,0,1.0,1.0,2.6144007224418955,0.0,0.0,405.2321119784938,240.21662180494786,0.0,0.0,0.0,0.0,1978.4583333333273,2005.6249999999693,
GWI_anthro_CGWL,43/3_Human_Induced,c,2.4746314076285887,0.0864702713505726,45,0,0.3380114984286538,0.3380114984286538,0.5923902604589458,0.11640476546132675,-0.08028510100242531,42.05970849258515,42.05970849258516,0.11640476546132678,0.11640476546132675,-0.08028510100242531,-0.13855584911983773,1986.8749999999864,2013.958333333295,
GWI_anthro_SR15,43/3_Human_Induced,c,2.267806754263422,0.0768609848329929,11,0,0.3347463061457846,0.3347463061457846,0.8215329669353534,0.09500374885499875,-0.05500151857195091,58.328840652410086,58.32884065241009,0.09500374885499875,0.09500374885499875,-0.05500151857195091,-0.10850789692445216,1985.458333333321,2012.958333333296,
GWI_anthro,43/3_Human_Induced,c,2.4777717446584613,0.0805214016957023,47,0,0.3777661461414611,0.3777661461414611,0.7250828867751689,0.10342999913215802,-0.0633100264051891,51.48088496103699,51.48088496103699,0.10342999913215802,0.10342999913215802,-0.06331002640518911,-0.11970343764986302,1986.5416666666533,2013.291666666629,
FaIR_nonat_unB,43/1_ERF_FaIR,c,1.731850797856274,0.025774544482948213,37,0,0.1731272294887039,0.1731272294887039,1.5773006261105529,0.042029430505227665,-0.02064583922855397,143.5343569760603,143.53435697606034,0.042029430505227665,0.028233163382225764,-0.02064583922855397,0.00416989429347302,1978.6249999999939,2004.0416666666374,
FaIR_anthro_unB,43/1_ERF_FaIR,c,1.7968755474055114,0.02422247027924294,38,9,0.002051339171171113,0.06924358157524034,-0.21067700900873013,0.04769737752193628,-0.02608139780524132,-19.171607819794442,-19.17160781979444,0.04769737752193628,0.02692311144868182,-0.026081397805241317,-0.00040150124692640664,1978.1249999999943,2004.4583333333037,
