method_name,method_class,c/r,smooth_r,avg_unc.(1se),#q<0.5,#q<0.1,q_min,q_small5,log-likeli,RMS,bias,tlog-l,100log-l,100RMS,75RMS,100bias,bias50,xyear0.5,xyear1.0,xyear1.5
cent20y,42/1_Run_Means,r,1.0,0.031369043970214304,0,0,1.0,1.0,2.5562862639985062,0.0,0.0,396.22437091976843,232.55635842023923,0.0,0.0,0.0,0.0,1980.1249999999925,2006.7083333333017,
GWI_anthro_CGWL,43/3_Human_Induced,c,2.495267480785067,0.0809825316286981,0,0,0.9922230764613205,0.9922230764613205,1.4952467367960212,0.04187628379348181,0.003363100823735574,106.1625183125175,106.1625183125175,0.04187628379348181,0.04187628379348181,0.003363100823735574,0.018936795167132595,1979.7916666666595,2005.9583333333023,
GWI_anthro_SR15,43/3_Human_Induced,c,2.297896336595053,0.07335257763767777,0,0,0.9978279332599463,0.9978279332599463,1.54015119217479,0.04334945276560436,0.004281368419874088,109.35073464441008,109.3507346444101,0.04334945276560436,0.04334945276560436,0.004281368419874088,0.011901239030158306,1981.3749999999914,2004.7916666666367,
GWI_anthro,43/3_Human_Induced,c,2.4056091444747865,0.0763839680039711,0,0,0.9954027255190643,0.9954027255190643,1.5377614412635736,0.04134446529464771,0.004092602621927106,109.18106232971373,109.18106232971373,0.04134446529464771,0.04134446529464771,0.004092602621927106,0.015307835088172756,1980.624999999992,2005.9583333333023,
FaIR_nonat_unB,43/1_ERF_FaIR,c,1.895977528639546,0.027064371022670546,25,0,0.27051129607609986,0.27051129607609986,1.8016222511528395,0.03682396538336925,-0.008453756378178615,163.94762485490838,163.94762485490838,0.03682396538336925,0.030363945181693937,-0.008453756378178617,0.007738740011805354,1980.2083333333258,2004.9583333333032,
FaIR_anthro_unB,43/1_ERF_FaIR,c,1.6380192863209158,0.02462743197610493,22,0,0.13525564803804993,0.13525564803804993,1.3461440188131428,0.03829306955880165,-0.014399706797728106,122.499105711996,122.49910571199598,0.03829306955880164,0.02790507128843305,-0.014399706797728102,0.0002651888257886278,1979.1249999999934,2007.2916666666345,
