method_name,method_class,c/r,smooth_r,avg_unc.(1se),#q<0.5,#q<0.1,q_min,q_small5,log-likeli,RMS,bias,tlog-l,100log-l,100RMS,75RMS,100bias,bias50,xyear0.5,xyear1.0,xyear1.5
cent20y,42/1_Run_Means,r,1.0,0.026816798036614742,0,0,1.0,1.0,2.7118268291911076,0.0,0.0,420.3331585246217,244.68881583654218,0.0,0.0,0.0,0.0,1987.2083333333194,2013.1249999999625,
GWI_anthro_CGWL,43/3_Human_Induced,c,2.7461326859066677,0.0807854028844388,0,0,0.9903417773294116,0.9903417773294116,1.521655405123131,0.024310787951102347,-0.00226526921315172,108.0375337637423,108.03753376374229,0.02431078795110235,0.02431078795110235,-0.00226526921315172,-0.007117285461859198,1987.2083333333194,2015.1249999999607,
GWI_anthro_SR15,43/3_Human_Induced,c,2.5098069077251157,0.07280048601510677,0,0,0.945531541014984,0.945531541014984,1.530443044165803,0.03723201496341331,0.0010738357085179184,108.66145613577201,108.661456135772,0.03723201496341331,0.03723201496341331,0.0010738357085179184,-0.012176180643897812,1987.5416666666524,2015.3749999999604,
GWI_anthro,43/3_Human_Induced,c,2.5980065925384217,0.07596110262567049,0,0,0.9714647266353252,0.9714647266353252,1.5312086139211414,0.03179533715257079,0.0003492740753341446,108.71581158840104,108.71581158840107,0.03179533715257079,0.03179533715257078,0.0003492740753341446,-0.009206520368946768,1987.1249999999861,2015.208333333294,
FaIR_nonat_unB,43/1_ERF_FaIR,c,2.664024741193814,0.028254862682119256,24,0,0.21640903686087987,0.2404544854009777,1.8321348225510465,0.03622274719238996,0.02768856674278375,166.72426885214523,166.72426885214526,0.03622274719238996,0.03474723269751917,0.027688566742783745,0.020408313324753395,1987.6249999999857,2013.0416666666292,
FaIR_anthro_unB,43/1_ERF_FaIR,c,2.797778502954922,0.02409555555345117,50,0,0.16722516484704356,0.16722516484704356,1.25457775584064,0.040654368867445875,0.032806666756560514,114.16657578149824,114.16657578149822,0.04065436886744588,0.04209791782063378,0.032806666756560514,0.029465561427052808,1985.7083333333208,2013.0416666666292,
