method_name,method_class,c/r,smooth_r,avg_unc.(1se),#q<0.5,#q<0.1,q_min,q_small5,log-likeli,RMS,bias,tlog-l,100log-l,100RMS,75RMS,100bias,bias50,xyear0.5,xyear1.0,xyear1.5
cent20y,42/1_Run_Means,r,1.0,0.03208834849178158,0,0,1.0,1.0,2.5339336720313894,0.0,0.0,392.7597191648654,233.60073547589485,0.0,0.0,0.0,0.0,1986.124999999987,2011.7916666666304,
GWI_anthro_CGWL,43/3_Human_Induced,c,2.2743903728131145,0.0911167701733529,0,0,0.9393677954563554,0.9393677954563554,1.1590826440676225,0.08007864439205484,0.020099561186511936,82.2948677288012,82.2948677288012,0.08007864439205482,0.08007864439205484,0.020099561186511936,0.06748959075717796,1982.208333333324,2009.7916666666322,
GWI_anthro_SR15,43/3_Human_Induced,c,2.0908264484971717,0.08136267580203461,0,0,0.9451927019269584,0.9451927019269584,1.2828162112904482,0.06700094565395283,0.014095646910871203,91.07995100162182,91.07995100162182,0.06700094565395281,0.06700094565395283,0.014095646910871203,0.0491077333264849,1984.791666666655,2010.374999999965,
GWI_anthro,43/3_Human_Induced,c,2.2961883599661075,0.08540827404265382,0,0,0.9857565751646618,0.9857565751646618,1.228965854715459,0.0721854436902433,0.016368879773303393,87.25657568479758,87.2565756847976,0.0721854436902433,0.0721854436902433,0.016368879773303393,0.05704568348137555,1983.208333333323,2010.708333333298,
FaIR_nonat_unB,43/1_ERF_FaIR,c,1.764912493289077,0.024313162289108067,10,2,0.04080457712389761,0.24012885344962612,1.4248847206834598,0.033008702363538776,0.00841743692216718,129.66450958219485,129.66450958219485,0.033008702363538776,0.02094607720852795,0.00841743692216718,0.0018637844112141797,1986.8749999999864,2012.3749999999632,
FaIR_anthro_unB,43/1_ERF_FaIR,c,1.7418060496740044,0.022798990858844303,20,0,0.11908779410466064,0.26634958382877527,1.5041715778275238,0.034211929547031415,0.01883890484741675,136.87961358230467,136.87961358230467,0.034211929547031415,0.026370400595568538,0.018838904847416755,0.019346606319625967,1986.2083333333203,2011.7916666666304,
