method_name,method_class,c/r,smooth_r,avg_unc.(1se),#q<0.5,#q<0.1,q_min,q_small5,log-likeli,RMS,bias,tlog-l,100log-l,100RMS,75RMS,100bias,bias50,xyear0.5,xyear1.0,xyear1.5
cent20y,42/1_Run_Means,r,1.0,0.027190181844189365,0,0,1.0,1.0,2.697964720974187,0.0,0.0,418.184531750999,244.05281934388586,0.0,0.0,0.0,0.0,1987.1249999999861,2013.4583333332955,
GWI_anthro_CGWL,43/3_Human_Induced,c,2.8486418215389775,0.07960436673389086,0,0,0.9967535579667055,0.9967535579667055,1.540938632578102,0.02435161801958544,0.001997739422830074,109.40664291304525,109.40664291304526,0.02435161801958544,0.02435161801958544,0.001997739422830074,-0.0027424953582615573,1986.9583333333196,2015.541666666627,
GWI_anthro_SR15,43/3_Human_Induced,c,2.6210720207493674,0.07180629840567242,0,0,0.9699727002707471,0.9699727002707471,1.5563187926058253,0.03542123591582356,0.005899268952660126,110.4986342750136,110.49863427501359,0.03542123591582356,0.03542123591582356,0.005899268952660126,-0.00650514004597421,1987.2916666666526,2015.6249999999602,
GWI_anthro,43/3_Human_Induced,c,2.7540741381935927,0.07486619032266863,0,0,0.9938643522149682,0.9938643522149682,1.5535813329468517,0.03081331695701887,0.004960081710961548,110.30427463922648,110.30427463922646,0.030813316957018864,0.030813316957018864,0.004960081710961548,-0.004010302566579856,1986.8749999999864,2015.541666666627,
FaIR_nonat_unB,43/1_ERF_FaIR,c,2.344083920174717,0.028163130926819952,26,0,0.3968516488786915,0.3968516488786915,1.7872901037491047,0.03699025801280313,0.028549458350046745,162.64339944116853,162.64339944116853,0.03699025801280314,0.0339877647247524,0.028549458350046745,0.023465913004729763,1987.2916666666526,2013.3749999999623,
FaIR_anthro_unB,43/1_ERF_FaIR,c,2.3773084516974614,0.02403630691511078,56,0,0.1466795615731786,0.1466795615731786,1.328831561570464,0.04078044694716024,0.033518219995005316,120.92367210291222,120.9236721029122,0.04078044694716024,0.0411090267853348,0.033518219995005316,0.03276558057248854,1985.6249999999875,2013.291666666629,
