method_name,method_class,c/r,smooth_r,avg_unc.(1se),#q<0.5,#q<0.1,q_min,q_small5,log-likeli,RMS,bias,tlog-l,100log-l,100RMS,75RMS,100bias,bias50,xyear0.5,xyear1.0,xyear1.5
cent20y,42/1_Run_Means,r,1.0,0.027095800081717553,0,0,1.0,1.0,2.6997748202164296,0.0,0.0,418.4650971335466,243.54139085772002,0.0,0.0,0.0,0.0,1988.2916666666454,,
lowess1dg20wnc,42/3_ST_Fits,c,3.4306018339878515,0.0451741768152372,42,0,0.3742645087796197,0.3742645087796197,1.4720198119756225,0.0496309962311029,-0.012899874852735924,228.16307085622148,138.0721092121511,0.04877504139795187,0.04712060253193825,-0.015322236615897654,-0.03948315161975807,1989.791666666644,2015.6249999999538,
Kal_flexLin,42/5_Kalman,c,4.642447163365997,0.05317657451406971,0,0,0.8181489602711093,0.8181489602711093,1.6419698593069534,0.04672054403322016,-0.011068982581228673,254.50532819257776,153.98816930841235,0.04304233458415769,0.042149661494919693,-0.009962450058668242,-0.02743650186450843,1989.2083333333112,2015.374999999954,
GAM_AR1,42/4_GAM_AR1,c,6.849340292849955,0.04516541921083442,51,1,0.05331175668650549,0.20966036761301549,1.4011311648599831,0.051232841733115875,-0.005509552536779333,190.5538384209577,136.25339754322442,0.04831148575828301,0.04451057469130034,-0.0127938904307012,-0.027319533535946,1989.124999999978,2015.2916666666208,
CGWL10y_sfUKCP,44/44_EarthModel_CGWL,c,6.131031288266967,0.05026378081210198,0,0,0.8815094339622641,0.8815094339622641,1.601857475450903,0.04584571053256905,0.001408582046076412,233.87119141583185,151.5716542963691,0.040210216108374074,0.037848256478312046,0.003425728761425235,0.0073049080800151895,1989.3749999999777,2015.041666666621,
