method_name,method_class,c/r,smooth_r,avg_unc.(1se),#q<0.5,#q<0.1,q_min,q_small5,log-likeli,RMS,bias,tlog-l,100log-l,100RMS,75RMS,100bias,bias50,xyear0.5,xyear1.0,xyear1.5
cent20y,42/1_Run_Means,r,1.0,0.03092609256981823,0,0,1.0,1.0,2.570781009289289,0.0,0.0,398.4710564398398,235.32952434282572,0.0,0.0,0.0,0.0,1980.0416666666592,2005.6249999999693,
GWI_anthro_CGWL,43/3_Human_Induced,c,2.4557630215639206,0.08410638586211738,0,0,0.9978967505319397,0.9978967505319397,1.4529202333910154,0.046409634670670434,0.013579585626146496,103.1573365707621,103.1573365707621,0.04640963467067043,0.04640963467067043,0.013579585626146494,0.03431223538315653,1979.2083333333267,2003.874999999971,
GWI_anthro_SR15,43/3_Human_Induced,c,2.230731655508935,0.07573101914468917,0,0,0.9868896280261297,0.9868896280261297,1.5083682366460514,0.045444638825562385,0.01167854080586914,107.09414480186965,107.09414480186965,0.04544463882556238,0.04544463882556238,0.01167854080586914,0.02314107371487615,1980.7083333333253,2002.0416666666392,
GWI_anthro,43/3_Human_Induced,c,2.4226258250528674,0.0791310933223071,0,0,0.992316392397412,0.992316392397412,1.4976599203016479,0.0446918110311873,0.012404043078859475,106.333854341417,106.33385434141698,0.0446918110311873,0.0446918110311873,0.012404043078859475,0.02817619346673742,1980.1249999999925,2001.5416666666397,
FaIR_nonat_unB,43/1_ERF_FaIR,c,1.8466160506493328,0.02721862837117964,17,0,0.2596908442330559,0.2596908442330559,1.9378433662365477,0.03395808486473458,-0.009659172913697807,176.34374632752585,176.34374632752585,0.03395808486473458,0.028557078656298092,-0.009659172913697807,0.00536691328270083,1980.1249999999925,2004.208333333304,
FaIR_anthro_unB,43/1_ERF_FaIR,c,1.6555904258585228,0.024943053322398916,25,0,0.16230677764565993,0.16230677764565993,1.5543302919122586,0.0362855098145124,-0.0166324291812015,141.44405656401554,141.44405656401554,0.0362855098145124,0.027647962724193818,-0.0166324291812015,-0.0037603512623936865,1979.29166666666,2005.7083333333026,
