method_name,method_class,c/r,smooth_r,avg_unc.(1se),#q<0.5,#q<0.1,q_min,q_small5,log-likeli,RMS,bias,tlog-l,100log-l,100RMS,75RMS,100bias,bias50,xyear0.5,xyear1.0,xyear1.5
cent20y,42/1_Run_Means,r,1.0,0.029126427791077592,0,0,1.0,1.0,2.6343624125572447,0.0,0.0,408.32617394637293,240.36662065391462,0.0,0.0,0.0,0.0,1984.458333333322,2010.708333333298,
GWI_anthro_CGWL,43/3_Human_Induced,c,2.6744451285600066,0.07273922321637455,0,0,0.7398844952468645,0.7398844952468645,1.2879264627819402,0.06501311619084907,-0.05109613040161085,91.44277885751775,91.44277885751774,0.06501311619084907,0.06501311619084907,-0.05109613040161084,-0.0719922890057138,1987.374999999986,2016.208333333293,
GWI_anthro_SR15,43/3_Human_Induced,c,2.4164307666614717,0.06695198671050089,0,0,0.9327952762263491,0.9327952762263491,1.438061454563186,0.053547284510360095,-0.03555335480780842,102.10236327398621,102.10236327398623,0.053547284510360095,0.053547284510360095,-0.03555335480780842,-0.054592235680846014,1986.9583333333196,2015.7916666666267,
GWI_anthro,43/3_Human_Induced,c,2.534123940057193,0.06902190990688838,0,0,0.882667894711602,0.882667894711602,1.389103270174712,0.057507413582785334,-0.04096276158795413,98.62633218240454,98.62633218240455,0.057507413582785334,0.057507413582785334,-0.04096276158795412,-0.06117368066937225,1987.1249999999861,2015.87499999996,
FaIR_nonat_unB,43/1_ERF_FaIR,c,5.935131044545246,0.02901033149346384,66,48,1.0154354921509995e-24,5.83623456895094e-23,-1152.935362812507,0.41113002264242504,0.24150992842840574,-104917.11801593813,-104917.11801593812,0.41113002264242504,0.2936034366551517,0.2415099284284057,-0.007943296866406744,1985.791666666654,2011.8749999999636,
FaIR_anthro_unB,43/1_ERF_FaIR,c,5.18120217936816,0.02661955431661347,78,57,4.7366047178678286e-35,3.126829927765198e-31,-1812.893396848744,0.3855327509966059,0.21238227651573638,-164973.2991132357,-164973.2991132357,0.3855327509966059,0.27829373574666094,0.21238227651573638,-0.02942594525843562,1987.0416666666529,2013.1249999999625,
