method_name,method_class,c/r,smooth_r,avg_unc.(1se),#q<0.5,#q<0.1,q_min,q_small5,log-likeli,RMS,bias,tlog-l,100log-l,100RMS,75RMS,100bias,bias50,xyear0.5,xyear1.0,xyear1.5
cent20y,42/1_Run_Means,r,1.0,0.028343686504549274,0,0,1.0,1.0,2.6542958692669645,0.0,0.0,411.4158597363795,237.4003559822051,0.0,0.0,0.0,0.0,1988.0416666666456,2013.1249999999561,
lowess1dg20wnc,42/3_ST_Fits,c,3.639909681515089,0.050914077370985876,30,0,0.3236766598759476,0.3236766598759476,1.4100885349010719,0.053299382895991426,-0.01636348150652424,218.56372290966615,136.84553821785636,0.04836563026793101,0.041574597319676644,-0.013835232905635915,-0.0411710416826839,1990.45833333331,2014.7916666666213,
Kal_flexLin,42/5_Kalman,c,5.09833765505649,0.05317657451406971,0,0,0.8869834260461591,0.8869834260461591,1.6274084032010618,0.04741409608774418,-0.009734243876418032,252.2483024961646,150.07952065964383,0.045404559129684725,0.0354890655941374,-0.008883977319137308,-0.030676397781126692,1989.7083333333107,2014.7916666666213,
GAM_AR1,42/4_GAM_AR1,c,8.040525398093257,0.0509287514969589,17,5,0.007870937404012407,0.054477421193036626,1.2357511636124265,0.05855907611196421,-0.010583018980098322,168.06215825129001,132.31806857678203,0.052260261295465946,0.04147780718459021,-0.008722256000497502,-0.03644841903675643,1989.791666666644,2014.5416666666215,
CGWL10y_sfUKCP,44/44_EarthModel_CGWL,c,6.521077185839519,0.05021263816423954,0,0,0.9204347826086956,0.9204347826086956,1.6237762983977886,0.046559660169416844,0.0036051488670887336,237.07133956607714,141.90517364944384,0.04765927432518192,0.04321613771532339,0.00015950762018414363,0.006763448705320333,1989.5416666666442,2014.2916666666217,
