method_name,method_class,c/r,smooth_r,avg_unc.(1se),#q<0.5,#q<0.1,q_min,q_small5,log-likeli,RMS,bias,tlog-l,100log-l,100RMS,75RMS,100bias,bias50,xyear0.5,xyear1.0,xyear1.5
cent20y,42/1_Run_Means,r,1.0,0.03161553495855497,0,0,1.0,1.0,2.549610869853741,0.0,0.0,395.18968482732987,234.65628662133585,0.0,0.0,0.0,0.0,1987.1249999999861,2013.291666666629,
GWI_anthro_CGWL,43/3_Human_Induced,c,2.6930363508133883,0.08843919316492861,0,0,0.9719012408994018,0.9719012408994018,1.310064302905765,0.06434018064136741,0.019684652753653428,93.01456550630931,93.01456550630931,0.06434018064136741,0.06434018064136741,0.019684652753653428,0.05491830888870463,1983.7916666666558,2014.1249999999616,
GWI_anthro_SR15,43/3_Human_Induced,c,2.439454758625465,0.07913117748747894,0,0,0.9912426817864113,0.9912426817864113,1.392396425164651,0.05710187659065656,0.016368114689029555,98.86014618669022,98.8601461866902,0.05710187659065656,0.05710187659065656,0.016368114689029555,0.03966778960681068,1986.0416666666538,2014.3749999999613,
GWI_anthro,43/3_Human_Induced,c,2.5531542693582336,0.08296981556282762,0,0,0.9874847316958768,0.9874847316958768,1.3607541311688818,0.05961040849781082,0.017835666047495483,96.6135433129906,96.61354331299059,0.05961040849781082,0.05961040849781082,0.017835666047495483,0.04652418437909101,1984.6249999999884,2014.2083333332948,
FaIR_nonat_unB,43/1_ERF_FaIR,c,2.152558336161059,0.025688385195256125,5,0,0.3019716206380026,0.4760998810939358,1.8047155525335576,0.03325308777918413,0.012277105668100034,164.22911528055374,164.22911528055374,0.03325308777918413,0.024976174354507948,0.012277105668100034,0.0026740615036506014,1987.7916666666522,2013.624999999962,
