method_name,method_class,c/r,smooth_r,avg_unc.(1se),#q<0.5,#q<0.1,q_min,q_small5,log-likeli,RMS,bias,tlog-l,100log-l,100RMS,75RMS,100bias,bias50,xyear0.5,xyear1.0,xyear1.5
cent20y,42/1_Run_Means,r,1.0,0.0324190582606591,0,0,1.0,1.0,2.523571475018574,0.0,0.0,391.15357862787897,229.68119964283403,0.0,0.0,0.0,0.0,1984.6249999999884,2009.2083333332994,
GWI_anthro_CGWL,43/3_Human_Induced,c,2.382628594153261,0.08669435808241001,0,0,0.9968290472245027,0.9968290472245027,1.3183189615171342,0.06324211118112062,0.02397409176894988,93.60064626771653,93.60064626771653,0.06324211118112062,0.06324211118112062,0.023974091768949882,0.05558417204679287,1980.7083333333253,2007.9583333333005,
GWI_anthro_SR15,43/3_Human_Induced,c,2.174299336304804,0.07791354216974933,0,0,0.9941535094335008,0.9941535094335008,1.421395090316555,0.05399428038049344,0.019858202013382443,100.91905141247541,100.91905141247543,0.05399428038049344,0.05399428038049345,0.01985820201338244,0.041008355141168705,1983.208333333323,2006.7083333333017,
GWI_anthro,43/3_Human_Induced,c,2.3608092565349814,0.08149904235770189,0,0,0.9998860133974384,0.9998860133974384,1.3858627358749933,0.05686397144369848,0.02136417775770301,98.39625424712453,98.39625424712453,0.05686397144369848,0.05686397144369848,0.02136417775770301,0.047360456006391875,1982.2916666666572,2008.7083333332998,
FaIR_nonat_unB,43/1_ERF_FaIR,c,1.8609524389263135,0.02515797990418351,6,2,0.05293640142882277,0.39543383057048825,1.8163551370420987,0.0328717068487936,0.0016476414919956647,165.28831747083098,165.28831747083095,0.0328717068487936,0.022365844949209897,0.001647641491995664,-0.0026425265630383578,1985.5416666666542,2010.1249999999652,
FaIR_anthro_unB,43/1_ERF_FaIR,c,1.7686427198020285,0.023427862741586074,11,2,0.08543372838961531,0.3309090909090909,1.7719966554583364,0.03266065830963477,0.008266001294539926,161.2516956467086,161.2516956467086,0.03266065830963477,0.024056864657421715,0.008266001294539926,0.007912803080022734,1984.7083333333217,2009.9583333332987,
