method_name,method_class,c/r,smooth_r,avg_unc.(1se),#q<0.5,#q<0.1,q_min,q_small5,log-likeli,RMS,bias,tlog-l,100log-l,100RMS,75RMS,100bias,bias50,xyear0.5,xyear1.0,xyear1.5
cent20y,42/1_Run_Means,r,1.0,0.03021889285564636,0,0,1.0,1.0,2.594077316301561,0.0,0.0,402.08198402674196,238.7021870794736,0.0,0.0,0.0,0.0,1985.0416666666483,2010.3749999999586,
lowess1dg20wnc,42/3_ST_Fits,c,3.8160656952959746,0.19825097496423194,0,0,0.9987656870614394,0.9987656870614394,0.6678209942677513,0.048112643436306154,-0.012063392060239618,103.51225411150145,45.2139718315002,0.04036998511571772,0.04405249007666671,-0.014370775297023942,-0.03504357775942257,1987.2916666666463,2013.708333333289,
Kal_flexLin,42/5_Kalman,c,5.218662976280059,0.05317657451406971,0,0,0.7091103094064657,0.8882497304445616,1.6150022693712105,0.048270235919842544,-0.010133434799377072,250.3253517525376,159.7544673490242,0.03929902111751751,0.04172508476302663,-0.009721568240245062,-0.024711299193494986,1986.7916666666467,2014.1249999999552,
GAM_AR1,42/4_GAM_AR1,c,4.416525868751617,0.0491694104016795,18,8,0.0006616171233562316,0.013846047678361858,1.1701272322491143,0.05745610720607552,-0.01237461186665892,159.13730358587955,88.42832764051086,0.06053615758564341,0.04866395577670692,-0.028028555900188455,-0.04315483494035478,1987.874999999979,2013.6249999999557,
CGWL10y_sfUKCP,44/44_EarthModel_CGWL,c,5.9011810834530625,0.050106093900338294,0,0,0.9733333333333333,0.9733333333333333,1.729195748937607,0.039349656435090474,0.0001610567587623064,252.46257934489063,157.19278500885122,0.0361369608891788,0.03662524790320265,-0.0038744328387260644,0.0009018944680213751,1986.541666666647,2009.9583333332923,
