method_name,method_class,c/r,smooth_r,avg_unc.(1se),#q<0.5,#q<0.1,q_min,q_small5,log-likeli,RMS,bias,tlog-l,100log-l,100RMS,75RMS,100bias,bias50,xyear0.5,xyear1.0,xyear1.5
cent20y,42/1_Run_Means,r,1.0,0.02873170012315279,0,0,1.0,1.0,2.64765962400281,0.0,0.0,410.38724172043555,240.9445112921891,0.0,0.0,0.0,0.0,1977.458333333322,2005.2083333332967,
lowess1dg20wnc,42/3_ST_Fits,c,3.4631239619892065,0.060901067885837906,0,0,0.9926887901847347,0.9926887901847347,1.6513291962110381,0.045039713342645955,-0.012820101005499877,255.95602541271091,147.64523798133283,0.04266780952295326,0.04437976367729243,-0.015322649172703769,-0.03155494905327879,1980.374999999986,2004.4583333332973,
Kal_flexLin,42/5_Kalman,c,4.773422482016441,0.05317657451406971,0,0,0.9863141303940255,0.9863141303940255,1.699156904265648,0.043865169141307885,-0.010605920739998807,263.36932016117544,157.50741248115497,0.040798606331689996,0.041566621022153256,-0.011642623520998279,-0.022166772049236373,1979.7083333333198,2004.2916666666308,
GAM_AR1,42/4_GAM_AR1,c,3.5751562749426493,0.03920664830160939,25,13,3.535920078380314e-08,6.31354602824826e-05,0.9726256481174623,0.053127758939975706,-0.026758340249168903,132.27708814397488,44.9190397794541,0.05934345240431792,0.06218526120250781,-0.03616660505841062,-0.0560392455949426,1984.624999999982,2004.5416666666306,
CGWL10y_sfUKCP,44/44_EarthModel_CGWL,c,6.4473992288098465,0.050291773989315953,0,0,0.9143434343434342,0.9143434343434342,1.6824270665186372,0.04257110246103735,-0.008452184509368629,245.63435171172102,151.49418558269736,0.041175149697179426,0.04046574524173145,-0.006668189165269006,-0.0027038964921951374,1979.2083333333203,2002.9583333332987,
