method_name,method_class,c/r,smooth_r,avg_unc.(1se),#q<0.5,#q<0.1,q_min,q_small5,log-likeli,RMS,bias,tlog-l,100log-l,100RMS,75RMS,100bias,bias50,xyear0.5,xyear1.0,xyear1.5
cent20y,42/1_Run_Means,r,1.0,0.03013787215970835,0,0,1.0,1.0,2.593349259926533,0.0,0.0,401.9691352886126,233.32514822065423,0.0,0.0,0.0,0.0,1985.0416666666547,2010.2083333332985,
GWI_anthro_CGWL,43/3_Human_Induced,c,2.450449182123685,0.08032660018905301,0,0,0.9828280508568252,0.9828280508568252,1.483310386356994,0.04038743710689598,-0.011828921006968857,105.31503743134658,105.31503743134658,0.04038743710689598,0.04038743710689598,-0.011828921006968859,0.0016782493855514986,1985.5416666666542,2012.2083333332967,
GWI_anthro_SR15,43/3_Human_Induced,c,2.247387220109539,0.07305156509686112,0,0,0.9968026717300523,0.9968026717300523,1.5494928485486794,0.04144130045866366,-0.009544962109477181,110.01399224695624,110.01399224695624,0.04144130045866366,0.04144130045866366,-0.009544962109477183,-0.004182383216129348,1986.2083333333203,2012.3749999999632,
GWI_anthro,43/3_Human_Induced,c,2.330229986025669,0.07594923163126449,0,0,0.9863791541549299,0.9863791541549299,1.5383680697561535,0.039902659315125454,-0.009940441790336742,109.2241329526869,109.22413295268689,0.039902659315125454,0.039902659315125454,-0.00994044179033674,-0.0011172985365392385,1985.458333333321,2012.3749999999632,
FaIR_nonat_unB,43/1_ERF_FaIR,c,4.635010142407144,0.027469555095194324,47,38,1.7744772454640553e-22,2.295182101579913e-19,-934.0938500029193,0.3698448076544802,0.2330181724473684,-85002.54035026566,-85002.54035026566,0.3698448076544802,0.27378054166913235,0.2330181724473684,0.00963021681988903,1985.7083333333208,2010.708333333298,
FaIR_anthro_unB,43/1_ERF_FaIR,c,4.546204686374204,0.024307033876835672,48,36,9.196463101289893e-29,1.0607933224154689e-25,-1440.0706445504873,0.3507600451800099,0.22075838410630855,-131046.42865409434,-131046.42865409436,0.3507600451800099,0.261004520114032,0.22075838410630855,0.005186997154658274,1985.124999999988,2011.2083333332976,
