method_name,method_class,c/r,smooth_r,avg_unc.(1se),#q<0.5,#q<0.1,q_min,q_small5,log-likeli,RMS,bias,tlog-l,100log-l,100RMS,75RMS,100bias,bias50,xyear0.5,xyear1.0,xyear1.5
cent20y,42/1_Run_Means,r,1.0,0.028184375497959668,0,0,1.0,1.0,2.6628023494789628,0.0,0.0,412.73436416923926,237.97604031741662,0.0,0.0,0.0,0.0,1983.874999999989,2010.2916666666317,
GWI_anthro_CGWL,43/3_Human_Induced,c,2.640312377411838,0.08653631162525394,0,0,0.8827811429946717,0.8827811429946717,1.2408559333781402,0.07247724399259341,0.017990589225831015,88.10077126984795,88.10077126984795,0.07247724399259341,0.07247724399259341,0.01799058922583102,0.06149300914940849,1980.7083333333253,2008.7083333332998,
GWI_anthro_SR15,43/3_Human_Induced,c,2.4330918005827726,0.07672828865359838,0,0,0.9621539905406924,0.9621539905406924,1.3370855496454837,0.06374004175994152,0.014048338992093916,94.93307402482934,94.93307402482934,0.06374004175994152,0.06374004175994152,0.014048338992093918,0.0441452731194136,1982.87499999999,2008.8749999999663,
GWI_anthro,43/3_Human_Induced,c,2.630882061272369,0.08083828375966806,0,0,0.867838535934957,0.867838535934957,1.3013572417083472,0.06664519549564377,0.015825994913422525,92.39636416129265,92.39636416129265,0.06664519549564377,0.06664519549564377,0.015825994913422528,0.05185607060722217,1982.0416666666574,2009.374999999966,
FaIR_nonat_unB,43/1_ERF_FaIR,c,4.996835231177566,0.027819903397079362,49,45,4.979223519603416e-19,5.837775205297411e-16,-800.5062366496327,0.36152869917214986,0.23336048775112697,-72846.06753511657,-72846.06753511657,0.3615286991721499,0.2612939469086146,0.23336048775112697,0.02157309966497243,1983.208333333323,2010.9583333332978,
FaIR_anthro_unB,43/1_ERF_FaIR,c,4.462120896003921,0.02461534659006008,80,64,4.455319134736829e-23,9.016133069498804e-22,-1233.0183910326732,0.35418867006372867,0.24579586553278326,-112204.67358397326,-112204.67358397329,0.35418867006372867,0.2571810202042088,0.24579586553278326,0.047362744006736165,1978.6249999999939,2010.041666666632,
