method_name,method_class,c/r,smooth_r,avg_unc.(1se),#q<0.5,#q<0.1,q_min,q_small5,log-likeli,RMS,bias,tlog-l,100log-l,100RMS,75RMS,100bias,bias50,xyear0.5,xyear1.0,xyear1.5
cent20y,42/1_Run_Means,r,1.0,0.028110250512256525,0,0,1.0,1.0,2.6660038562417383,0.0,0.0,413.23059771746944,239.48985157922522,0.0,0.0,0.0,0.0,1984.5416666666551,2010.7916666666313,
GWI_anthro_CGWL,43/3_Human_Induced,c,2.5668578638902213,0.06988702297559003,0,0,0.9362035242768393,0.9362035242768393,1.4375245643020647,0.05520624082091127,-0.04579992597872239,102.06424406544659,102.06424406544656,0.05520624082091128,0.05520624082091128,-0.0457999259787224,-0.05946896647256391,1987.2083333333194,2015.2916666666272,
GWI_anthro_SR15,43/3_Human_Induced,c,2.3374580353782464,0.06480554946542426,0,0,0.9973249979758934,0.9973249979758934,1.5727379199365727,0.04496425317616579,-0.03107512452801711,111.66439231549667,111.66439231549666,0.04496425317616579,0.04496425317616579,-0.03107512452801711,-0.04454877390433242,1986.8749999999864,2015.1249999999607,
GWI_anthro,43/3_Human_Induced,c,2.4277755931725093,0.06663892056506499,0,0,0.996667305739291,0.996667305739291,1.5314268885430553,0.0481460298361625,-0.03602410516689077,108.73130908655692,108.7313090865569,0.0481460298361625,0.0481460298361625,-0.03602410516689077,-0.050058061428234164,1986.9583333333196,2015.208333333294,
FaIR_nonat_unB,43/1_ERF_FaIR,c,5.039322832780408,0.028900513458980284,63,40,2.711426953046609e-24,7.06349492497762e-22,-1070.793894970192,0.4047493219477194,0.24423554013742826,-97442.24444228747,-97442.24444228745,0.4047493219477194,0.28960569652845464,0.24423554013742826,-0.0003728910487786021,1985.3749999999877,2011.708333333297,
FaIR_anthro_unB,43/1_ERF_FaIR,c,4.870437058069383,0.025674998452275877,79,41,2.104200136411496e-28,7.27979056230364e-27,-1811.5837083273755,0.3825851854751377,0.21879483858169438,-164854.11745779117,-164854.11745779117,0.3825851854751377,0.27494899994690136,0.21879483858169443,-0.021415237491355137,1986.124999999987,2012.958333333296,
