method_name,method_class,c/r,smooth_r,avg_unc.(1se),#q<0.5,#q<0.1,q_min,q_small5,log-likeli,RMS,bias,tlog-l,100log-l,100RMS,75RMS,100bias,bias50,xyear0.5,xyear1.0,xyear1.5
cent20y,42/1_Run_Means,r,1.0,0.028107667207801557,0,0,1.0,1.0,2.6661120310827964,0.0,0.0,413.24736481783344,239.4970534684365,0.0,0.0,0.0,0.0,1976.708333333329,2004.9583333333032,
GWI_anthro_CGWL,43/3_Human_Induced,c,2.565611266409348,0.06988702323499828,0,0,0.9761618818972682,0.9761618818972682,1.4708758501706678,0.05152172739346373,-0.041271346662202744,104.43218536211741,104.43218536211742,0.05152172739346373,0.05152172739346373,-0.04127134666220274,-0.05491654747427667,1980.624999999992,2006.208333333302,
GWI_anthro_SR15,43/3_Human_Induced,c,2.336204291414738,0.06480554945757162,0,0,0.9941339849643123,0.9941339849643123,1.5956621154974575,0.04197862692083681,-0.026544588908022995,113.29201020031948,113.29201020031951,0.0419786269208368,0.0419786269208368,-0.026544588908022995,-0.039993030971658884,1980.0416666666592,2004.9583333333032,
GWI_anthro,43/3_Human_Induced,c,2.4266293337653506,0.06663892059920155,0,0,0.9992435218511195,0.9992435218511195,1.5584380527439976,0.04487049151945164,-0.03149460737747838,110.64910174482382,110.64910174482381,0.04487049151945164,0.04487049151945165,-0.03149460737747838,-0.045503531658330224,1980.1249999999925,2005.874999999969,
FaIR_nonat_unB,43/1_ERF_FaIR,c,1.7614155710581036,0.02891728731571128,46,0,0.3787158145065398,0.4524916225272943,1.8161023519025103,0.03739023300851812,-0.010856362053973903,165.26531402312844,165.26531402312844,0.03739023300851812,0.038375296315958846,-0.010856362053973903,0.0041862899426509505,1978.2916666666608,2000.9583333333069,
FaIR_anthro_unB,43/1_ERF_FaIR,c,1.6814915243821693,0.025667493551917372,71,0,0.1562954155106355,0.1562954155106355,1.4283699099399139,0.04053591010417393,-0.02651529799963662,129.98166180453217,129.98166180453217,0.04053591010417393,0.0409551773138492,-0.02651529799963662,-0.01684683214340672,1978.041666666661,2002.7916666666385,
