method_name,method_class,c/r,smooth_r,avg_unc.(1se),#q<0.5,#q<0.1,q_min,q_small5,log-likeli,RMS,bias,tlog-l,100log-l,100RMS,75RMS,100bias,bias50,xyear0.5,xyear1.0,xyear1.5
cent20y,42/1_Run_Means,r,1.0,0.02699599657890935,0,0,1.0,1.0,2.7039119213301333,0.0,0.0,419.1063478061707,243.4668837295414,0.0,0.0,0.0,0.0,1984.458333333322,2010.708333333298,
GWI_anthro_CGWL,43/3_Human_Induced,c,2.8474373702208347,0.08033550696992546,0,0,0.9984320187439945,0.9984320187439945,1.5248285461141815,0.02457400382619816,-0.00324473009493404,108.26282677410688,108.26282677410688,0.02457400382619816,0.02457400382619816,-0.00324473009493404,-0.0068781812307505,1985.458333333321,2013.2083333332957,
GWI_anthro_SR15,43/3_Human_Induced,c,2.6161311484066507,0.07246905140040842,0,0,0.9676775164167173,0.9676775164167173,1.5296812272669555,0.03797731537353172,0.0002148963423124769,108.60736713595385,108.60736713595387,0.03797731537353172,0.03797731537353172,0.0002148963423124768,-0.012312290296524845,1986.124999999987,2013.4583333332955,
GWI_anthro,43/3_Human_Induced,c,2.768715508023474,0.07560082975951095,0,0,0.9896905633158521,0.9896905633158521,1.5327336538471457,0.032221974652953664,-0.00047023853334068145,108.82408942314734,108.82408942314734,0.032221974652953664,0.032221974652953664,-0.00047023853334068145,-0.009129225120753428,1985.2916666666545,2013.291666666629,
FaIR_nonat_unB,43/1_ERF_FaIR,c,5.690600441219725,0.028404763366013348,52,39,5.212823331569015e-18,3.866923905184541e-16,-710.7296163602767,0.3441305890018443,0.22477987594866344,-64676.39508878518,-64676.39508878518,0.3441305890018443,0.25949369270840017,0.22477987594866344,0.02038756920959169,1985.0416666666547,2010.5416666666315,
FaIR_anthro_unB,43/1_ERF_FaIR,c,5.4621744832033245,0.024208608570402326,75,54,8.05818626751954e-23,2.019019885724278e-22,-1194.2449079349087,0.331597488848102,0.2292872618398221,-108676.28662207669,-108676.28662207666,0.33159748884810203,0.25274054161127196,0.2292872618398221,0.037918938315117806,1979.7083333333262,2010.2083333332985,
