method_name,method_class,c/r,smooth_r,avg_unc.(1se),#q<0.5,#q<0.1,q_min,q_small5,log-likeli,RMS,bias,tlog-l,100log-l,100RMS,75RMS,100bias,bias50,xyear0.5,xyear1.0,xyear1.5
cent20y,42/1_Run_Means,r,1.0,0.02814573827623934,0,0,1.0,1.0,2.666320733451911,0.0,0.0,413.2797136850462,242.98498037905767,0.0,0.0,0.0,0.0,1992.4583333333146,2016.9583333332923,
GWI_anthro_CGWL,43/3_Human_Induced,c,2.519508831204552,0.08535595940683022,0,0,0.8039850107416617,0.8039850107416617,1.199244571456346,0.07196147558559142,-0.0003570532245539509,85.14636457340056,85.14636457340058,0.07196147558559142,0.07196147558559142,-0.0003570532245539509,0.046254371210420524,1989.041666666651,2015.541666666627,
GWI_anthro_SR15,43/3_Human_Induced,c,2.3328431066270605,0.07651786183306615,0,0,0.8152506734707248,0.8152506734707248,1.3140683888360831,0.06349919314640906,-0.0018570185434385687,93.2988556073619,93.29885560736192,0.06349919314640906,0.06349919314640906,-0.0018570185434385687,0.03156363576627816,1989.4583333333173,2016.0416666666265,
GWI_anthro,43/3_Human_Induced,c,2.552442022107995,0.08021982758241845,0,0,0.776176392070442,0.776176392070442,1.2711609170469045,0.0666789189137196,-0.000758916944093773,90.25242511033022,90.2524251103302,0.0666789189137196,0.0666789189137196,-0.000758916944093773,0.03825194766799299,1989.2083333333176,2015.7083333332935,
FaIR_nonat_unB,43/1_ERF_FaIR,c,3.0202163057263958,0.027585490080485657,54,31,0.001493132869997646,0.0033692521641763974,-4.939649943837787,0.07592618222852095,0.04964698737220872,-449.50814488923857,-449.50814488923857,0.07592618222852095,0.05643220421207265,0.04964698737220872,0.013535329289380713,1992.291666666648,2016.208333333293,
