method_name,method_class,c/r,smooth_r,avg_unc.(1se),#q<0.5,#q<0.1,q_min,q_small5,log-likeli,RMS,bias,tlog-l,100log-l,100RMS,75RMS,100bias,bias50,xyear0.5,xyear1.0,xyear1.5
cent20y,42/1_Run_Means,r,1.0,0.027374400031021484,0,0,1.0,1.0,2.6943946327075183,0.0,0.0,417.63116806966536,237.3931378138854,0.0,0.0,0.0,0.0,1985.7916666666476,2012.9583333332896,
lowess1dg20wnc,42/3_ST_Fits,c,3.40395239205459,0.04305157454769943,54,0,0.10943805773313459,0.14959619106177754,1.3514509562442856,0.05066579411855496,-0.013901373921418912,209.47489821786428,108.97334564321915,0.054589352983354766,0.044093649427950625,-0.015417443335156787,-0.035199678976440565,1987.6249999999793,2015.1249999999543,
Kal_flexLin,42/5_Kalman,c,4.658158969090784,0.05317657451406971,0,0,0.8508019799235416,0.9239458785796796,1.6242945363777093,0.04741769175227288,-0.009202855685223795,251.76565313854493,139.8950721212338,0.051048698701696496,0.03847059038210282,-0.010381512530122766,-0.02604246636351092,1987.208333333313,2015.041666666621,
GAM_AR1,42/4_GAM_AR1,c,8.554139693674834,0.043056090539073485,31,12,4.259349498206237e-06,0.03766155485400848,1.2215912573063168,0.05439724151390946,-0.008746886997566691,166.13641099365907,101.84312765455843,0.05779797452530769,0.04040723426976696,-0.013397601430535061,-0.02438638432524633,1986.87499999998,2014.7916666666213,
CGWL10y_sfUKCP,44/44_EarthModel_CGWL,c,6.109778607887026,0.05038204792766802,0,0,0.8558620689655173,0.8558620689655173,1.604065671729126,0.04899592590891409,0.005411729578661468,234.1935880724524,144.60621837627485,0.04806015557029499,0.040380563197093274,-0.0024243177984511373,0.008203992043349262,1986.541666666647,2014.5416666666215,
