method_name,method_class,c/r,smooth_r,avg_unc.(1se),#q<0.5,#q<0.1,q_min,q_small5,log-likeli,RMS,bias,tlog-l,100log-l,100RMS,75RMS,100bias,bias50,xyear0.5,xyear1.0,xyear1.5
cent20y,42/1_Run_Means,r,1.0,0.030415649241816875,0,0,1.0,1.0,2.584004043835646,0.0,0.0,400.5206267945251,233.8739813094101,0.0,0.0,0.0,0.0,1984.7083333333217,2009.7916666666322,
GWI_anthro_CGWL,43/3_Human_Induced,c,2.7449315986111547,0.08527089455220505,0,0,0.9555996420153258,0.9555996420153258,1.4241544563755142,0.04507860084087532,-0.004032848466292875,101.11496640266151,101.11496640266151,0.04507860084087531,0.04507860084087532,-0.004032848466292875,0.012367073913342585,1983.2916666666563,2011.6249999999638,
GWI_anthro_SR15,43/3_Human_Induced,c,2.5086655883185087,0.07677658409647053,0,0,0.9357595427243018,0.9357595427243018,1.4558673112627127,0.0480778669545447,-0.004846254827873011,103.36657909965261,103.36657909965261,0.0480778669545447,0.0480778669545447,-0.004846254827873011,0.0009743981813985784,1985.2083333333212,2011.9583333332969,
GWI_anthro,43/3_Human_Induced,c,2.6610978547159863,0.08024936161119518,0,0,0.9589803436750676,0.9589803436750676,1.4540686769333955,0.04595610485153818,-0.004177932199230467,103.23887606227107,103.23887606227109,0.045956104851538185,0.045956104851538185,-0.004177932199230467,0.006369383246984765,1983.874999999989,2012.0416666666301,
FaIR_nonat_unB,43/1_ERF_FaIR,c,4.62181335469141,0.027204830628069405,48,40,3.441818334336612e-20,2.0440245802798086e-18,-841.9705216948009,0.34663596603344093,0.22347264657026392,-76619.31747422689,-76619.31747422687,0.34663596603344093,0.2639159341237394,0.22347264657026392,0.016067090085599946,1983.9583333333223,2010.4583333332982,
FaIR_anthro_unB,43/1_ERF_FaIR,c,4.407908324725008,0.02397696774360872,74,45,1.0329773569352516e-24,8.751155131296542e-23,-1278.0404915503502,0.3295518526704303,0.21847450663328458,-116301.68473108187,-116301.68473108188,0.3295518526704303,0.25366778805199075,0.2184745066332846,0.02180724889922222,1981.7083333333244,2010.6249999999648,
