method_name,method_class,c/r,smooth_r,avg_unc.(1se),#q<0.5,#q<0.1,q_min,q_small5,log-likeli,RMS,bias,tlog-l,100log-l,100RMS,75RMS,100bias,bias50,xyear0.5,xyear1.0,xyear1.5
cent20y,42/1_Run_Means,r,1.0,0.03125892019415177,0,0,1.0,1.0,2.5589454306507187,0.0,0.0,396.6365417508614,230.438302309045,0.0,0.0,0.0,0.0,1985.0416666666483,2010.3749999999586,
lowess1dg20wnc,42/3_ST_Fits,c,3.6925186660943456,0.19027641562603162,0,0,0.8759241058486196,0.9997579518456651,0.6140938347251653,0.06731756556442248,-0.01830286841832164,95.18454438240063,47.098835132259026,0.06693167723891953,0.0612300430956501,-0.01380087950380871,-0.04611788691210554,1987.7083333333126,2012.791666666623,
Kal_flexLin,42/5_Kalman,c,4.69153650246075,0.05317657451406971,20,0,0.13005751524104842,0.20564772472368978,1.3598108284552968,0.059745562223264825,-0.011674758448805948,210.770678410571,116.56349891478536,0.06207355872147966,0.0514991663331115,-0.009383382920965126,-0.031448361303763585,1986.9583333333132,2013.2083333332894,
GAM_AR1,42/4_GAM_AR1,c,7.521875851620497,0.058323024503432484,36,9,2.3747994675057937e-07,0.004982499000692319,0.8080234249102561,0.07383709953312395,-0.01751191845437078,109.89118578779484,34.8096568199518,0.08352943536355127,0.06438782638760226,-0.02175300232650696,-0.03851103552298414,1986.9583333333132,2012.9583333332896,
CGWL10y_sfUKCP,44/44_EarthModel_CGWL,c,5.800245458896116,0.05063449456807106,0,0,0.9313793103448277,0.9313793103448277,1.6423420726950366,0.04620978369851055,-0.0028935332736930545,239.78194261347534,144.171696569525,0.048437129782244466,0.035130572661107924,-0.002474000805089203,0.001172901255464554,1986.1249999999807,2009.7916666666258,
