method_name,method_class,c/r,smooth_r,avg_unc.(1se),#q<0.5,#q<0.1,q_min,q_small5,log-likeli,RMS,bias,tlog-l,100log-l,100RMS,75RMS,100bias,bias50,xyear0.5,xyear1.0,xyear1.5
cent20y,42/1_Run_Means,r,1.0,0.031195781715020042,0,0,1.0,1.0,2.563304084080391,0.0,0.0,397.3121330324606,234.9284316417045,0.0,0.0,0.0,0.0,1988.708333333318,2013.8749999999618,
GWI_anthro_CGWL,43/3_Human_Induced,c,2.335192484200848,0.08429616214045105,0,0,0.8485906795492437,0.8485906795492437,1.1708862765473893,0.07046747680151184,-0.026974886532057804,83.13292563486463,83.13292563486462,0.07046747680151184,0.07046747680151184,-0.026974886532057804,0.010201958197350494,1988.708333333318,2014.5416666666279,
GWI_anthro_SR15,43/3_Human_Induced,c,2.180023700740486,0.07692672392898264,0,0,0.8191352470257918,0.8191352470257918,1.2799045265272604,0.06459358929517156,-0.025875381056256405,90.87322138343549,90.87322138343549,0.06459358929517156,0.06459358929517156,-0.025875381056256405,-2.4313969025175764e-05,1989.2083333333176,2015.0416666666274,
GWI_anthro,43/3_Human_Induced,c,2.365693607081325,0.0799687521429868,0,0,0.7982570016156989,0.7982570016156989,1.2529715445401106,0.06580622706743426,-0.025637892007705936,88.96097966234785,88.96097966234785,0.06580622706743426,0.06580622706743426,-0.025637892007705942,0.004858251920108158,1988.8749999999845,2014.7916666666276,
FaIR_nonat_unB,43/1_ERF_FaIR,c,2.113168581631046,0.026065199790623893,36,9,0.014949843298428127,0.09618179416039106,0.42259856521363337,0.04880735331163888,0.02926593577219765,38.456469434440635,38.456469434440635,0.048807353311638865,0.04119283926490063,0.029265935772197643,0.005434705651006551,1990.1249999999834,2013.8749999999618,
