method_name,method_class,c/r,smooth_r,avg_unc.(1se),#q<0.5,#q<0.1,q_min,q_small5,log-likeli,RMS,bias,tlog-l,100log-l,100RMS,75RMS,100bias,bias50,xyear0.5,xyear1.0,xyear1.5
cent20y,42/1_Run_Means,r,1.0,0.028506602834704232,0,0,1.0,1.0,2.6575234325029586,0.0,0.0,411.9161320379586,241.91033825803578,0.0,0.0,0.0,0.0,1983.3749999999895,2009.7916666666322,
GWI_anthro_CGWL,43/3_Human_Induced,c,2.716674336788391,0.07219712681855374,0,0,0.8702996569962328,0.8702996569962328,1.373825077452576,0.05826962558493647,-0.04986935291070005,97.54158049913289,97.54158049913289,0.05826962558493647,0.05826962558493647,-0.04986935291070006,-0.05704127084320542,1986.6249999999866,2014.6249999999611,
GWI_anthro_SR15,43/3_Human_Induced,c,2.482914598577479,0.06689979688519022,0,0,0.9981264032379982,0.9981264032379982,1.474951281730573,0.05189325523271378,-0.03804620334979505,104.72154100287068,104.72154100287068,0.05189325523271378,0.05189325523271378,-0.03804620334979504,-0.048673779222450586,1986.45833333332,2014.6249999999611,
GWI_anthro,43/3_Human_Induced,c,2.5295150994617424,0.06883460177733489,0,0,0.9825986099708452,0.9825986099708452,1.4536735391202762,0.05318502665206621,-0.041735559200506034,103.21082127753961,103.21082127753962,0.05318502665206621,0.05318502665206621,-0.041735559200506034,-0.05130444586247766,1986.3749999999868,2014.5416666666279,
FaIR_nonat_unB,43/1_ERF_FaIR,c,1.9775170779324287,0.027943191636660706,0,0,0.9775718561646644,0.9775718561646644,2.2710054421569956,0.023947239541317913,0.003585939520994608,206.6614952362866,206.6614952362866,0.023947239541317913,0.024867808739447026,0.003585939520994608,0.006757652043057998,1983.7916666666558,2011.1249999999643,
