method_name,method_class,c/r,smooth_r,avg_unc.(1se),#q<0.5,#q<0.1,q_min,q_small5,log-likeli,RMS,bias,tlog-l,100log-l,100RMS,75RMS,100bias,bias50,xyear0.5,xyear1.0,xyear1.5
cent20y,42/1_Run_Means,r,1.0,0.02880408877782842,0,0,1.0,1.0,2.6468166812446796,0.0,0.0,410.2565855929253,240.96575501955442,0.0,0.0,0.0,0.0,1978.374999999994,2006.5416666666351,
GWI_anthro_CGWL,43/3_Human_Induced,c,2.7218828002580144,0.07164987102358122,0,0,0.8577585794423133,0.8577585794423133,1.3377119482411288,0.06024280460825752,-0.037558790524539594,94.97754832512015,94.97754832512017,0.06024280460825752,0.06024280460825752,-0.03755879052453959,-0.06607337704617885,1982.541666666657,2011.5416666666306,
GWI_anthro_SR15,43/3_Human_Induced,c,2.469385990525447,0.06594937393235621,0,0,0.9164972296046018,0.9164972296046018,1.4264520329177783,0.05373388018753692,-0.022849633106128427,101.27809433716226,101.27809433716227,0.05373388018753692,0.05373388018753692,-0.022849633106128423,-0.051399350975941,1982.1249999999907,2010.2916666666317,
GWI_anthro,43/3_Human_Induced,c,2.5595780540909043,0.06798864188405719,0,0,0.8957636976502653,0.8957636976502653,1.3976253041621203,0.055735938092458984,-0.027731088988434724,99.23139659551053,99.23139659551052,0.055735938092458984,0.055735938092458984,-0.02773108898843472,-0.05661806671207298,1982.208333333324,2011.041666666631,
FaIR_nonat_unB,43/1_ERF_FaIR,c,2.1229611100424055,0.02805087133264184,0,0,0.5487514863258026,0.5487514863258026,1.9443305203831218,0.03428965249649632,-0.01102114940222379,176.9340773548641,176.9340773548641,0.03428965249649632,0.0320783219808438,-0.01102114940222379,0.009592338791671939,1979.0416666666601,2004.541666666637,
FaIR_anthro_unB,43/1_ERF_FaIR,c,1.83436473500522,0.024879557130456652,44,0,0.1385970059187556,0.1385970059187556,1.581591208634083,0.037438579137359866,-0.02368422077774048,143.92479998570155,143.92479998570155,0.037438579137359866,0.029123798893692918,-0.02368422077774048,-0.0053958678441590555,1978.7083333333271,2007.7083333333007,
