method_name,method_class,c/r,smooth_r,avg_unc.(1se),#q<0.5,#q<0.1,q_min,q_small5,log-likeli,RMS,bias,tlog-l,100log-l,100RMS,75RMS,100bias,bias50,xyear0.5,xyear1.0,xyear1.5
cent20y,42/1_Run_Means,r,1.0,0.02663465015096765,0,0,1.0,1.0,2.718420892749388,0.0,0.0,421.3552383761551,244.32102849232592,0.0,0.0,0.0,0.0,1987.2916666666526,2013.4583333332955,
GWI_anthro_CGWL,43/3_Human_Induced,c,2.961212849689879,0.08020987223603608,0,0,0.998391036553897,0.998391036553897,1.5247130867009837,0.026402222040880288,0.0016459586335390822,108.25462915576985,108.25462915576983,0.02640222204088029,0.02640222204088029,0.0016459586335390822,-0.0030565782804670293,1986.791666666653,2015.4583333332937,
GWI_anthro_SR15,43/3_Human_Induced,c,2.6998119769664632,0.07228693563958394,0,0,0.9552683552420151,0.9552683552420151,1.5371237207955621,0.037493387568935554,0.005048622014774796,109.13578417648492,109.13578417648492,0.037493387568935554,0.037493387568935554,0.005048622014774797,-0.0076799502502358785,1987.1249999999861,2015.7083333332935,
GWI_anthro,43/3_Human_Induced,c,2.8179088310471743,0.07541004941664052,0,0,0.9484519350455585,0.9484519350455585,1.537109118404547,0.03260599881196587,0.004270022312972612,109.13474740672282,109.13474740672282,0.03260599881196587,0.03260599881196587,0.004270022312972612,-0.004866293656727728,1986.791666666653,2015.541666666627,
FaIR_nonat_unB,43/1_ERF_FaIR,c,2.3633178460548603,0.02833030222685322,22,0,0.32461355529131986,0.32461355529131986,1.8868917695696463,0.03536419930429313,0.02682714681023477,171.70715103083782,171.7071510308378,0.03536419930429313,0.033680258915239555,0.02682714681023477,0.02347710050015729,1987.1249999999861,2013.3749999999623,
FaIR_anthro_unB,43/1_ERF_FaIR,c,2.536833080761705,0.02408269843115558,48,0,0.16722516484704356,0.16722516484704356,1.4074801513778823,0.03988204561832776,0.03179603390513835,128.0806937753873,128.0806937753873,0.03988204561832776,0.04073283524516392,0.03179603390513835,0.03264494825078258,1985.6249999999875,2013.3749999999623,
