method_name,method_class,c/r,smooth_r,avg_unc.(1se),#q<0.5,#q<0.1,q_min,q_small5,log-likeli,RMS,bias,tlog-l,100log-l,100RMS,75RMS,100bias,bias50,xyear0.5,xyear1.0,xyear1.5
cent20y,42/1_Run_Means,r,1.0,0.02740694285944874,0,0,1.0,1.0,2.6900114160367536,0.0,0.0,416.9517694856968,241.88267999909058,0.0,0.0,0.0,0.0,1984.458333333322,2010.1249999999652,
GWI_anthro_CGWL,43/3_Human_Induced,c,2.7337832276449063,0.08088417154406258,0,0,0.9942599553077595,0.9942599553077595,1.4428042701486086,0.0380271300846793,-0.004329191030092108,102.43910318055121,102.43910318055123,0.0380271300846793,0.0380271300846793,-0.004329191030092108,-0.014817819052217907,1983.7083333333226,2014.4583333332946,
GWI_anthro_SR15,43/3_Human_Induced,c,2.5056111501844542,0.07260213976575502,0,0,0.9683224475770026,0.9683224475770026,1.4627599869635748,0.044562527752027896,-0.0011165961908873236,103.8559590744138,103.85595907441382,0.044562527752027896,0.04456252775202789,-0.0011165961908873234,-0.018792142298258305,1985.3749999999877,2014.5416666666279,
GWI_anthro,43/3_Human_Induced,c,2.59377299637565,0.0758304299249341,0,0,0.9932262662063722,0.9932262662063722,1.4615943644975906,0.04115789018476822,-0.0019092270753368105,103.77319987932893,103.77319987932894,0.04115789018476822,0.04115789018476822,-0.0019092270753368105,-0.01624234072579189,1984.0416666666556,2014.4583333332946,
FaIR_nonat_unB,43/1_ERF_FaIR,c,4.938496536652855,0.02809438565359981,45,37,1.933952210628977e-16,1.933952210628977e-16,-678.519117984387,0.3293613271439679,0.20753266540080476,-61745.23973657922,-61745.23973657921,0.3293613271439679,0.24376420466210807,0.20753266540080476,0.007377288062642291,1985.2083333333212,2011.2083333332976,
