method_name,method_class,c/r,smooth_r,avg_unc.(1se),#q<0.5,#q<0.1,q_min,q_small5,log-likeli,RMS,bias,tlog-l,100log-l,100RMS,75RMS,100bias,bias50,xyear0.5,xyear1.0,xyear1.5
cent20y,42/1_Run_Means,r,1.0,0.029549623862396512,0,0,1.0,1.0,2.614745127680968,0.0,0.0,405.28549479055005,235.79146570266664,0.0,0.0,0.0,0.0,1983.4583333333228,2010.374999999965,
GWI_anthro_CGWL,43/3_Human_Induced,c,2.476493760111524,0.08421595604761155,0,0,0.9222189708299858,0.9222189708299858,1.346393479607243,0.06165912206116101,0.013876283367099654,95.59393705211426,95.59393705211426,0.061659122061161004,0.061659122061161004,0.013876283367099652,0.047423148675342246,1980.958333333325,2009.5416666666324,
GWI_anthro_SR15,43/3_Human_Induced,c,2.294342937542787,0.07502910788337856,0,0,0.9772235448934441,0.9772235448934441,1.3971136800928246,0.05862442809960342,0.011452809926547536,99.19507128659055,99.19507128659053,0.05862442809960342,0.058624428099603415,0.011452809926547536,0.032632693084201005,1982.9583333333233,2009.7916666666322,
GWI_anthro,43/3_Human_Induced,c,2.4026690434789164,0.078846632989951,0,0,0.9743907463008155,0.9743907463008155,1.38619588874024,0.059050299795486615,0.01272983039303278,98.41990810055704,98.41990810055705,0.059050299795486615,0.059050299795486615,0.01272983039303278,0.03938089188378573,1982.2916666666572,2009.9583333332987,
FaIR_nonat_unB,43/1_ERF_FaIR,c,4.7487366718774116,0.02723961922542511,50,41,2.666532997491736e-20,2.2970218799697563e-17,-871.8506695732184,0.36151691641577954,0.2305165833284726,-79338.41093116287,-79338.41093116289,0.36151691641577954,0.2661477877177458,0.2305165833284726,0.016898229437765994,1983.0416666666565,2011.2083333332976,
FaIR_anthro_unB,43/1_ERF_FaIR,c,4.553773211193789,0.024135282227938034,78,51,8.838977195241078e-24,2.9000887063368623e-22,-1359.2281288347674,0.3515222993204284,0.23819938805888305,-123689.75972396383,-123689.75972396383,0.3515222993204284,0.2594743996464582,0.23819938805888305,0.03637131556868687,1979.4583333333264,2010.6249999999648,
