method_name,method_class,c/r,smooth_r,avg_unc.(1se),#q<0.5,#q<0.1,q_min,q_small5,log-likeli,RMS,bias,tlog-l,100log-l,100RMS,75RMS,100bias,bias50,xyear0.5,xyear1.0,xyear1.5
cent20y,42/1_Run_Means,r,1.0,0.029115075635927308,0,0,1.0,1.0,2.63553678604485,0.0,0.0,408.5082018369518,237.68043171106962,0.0,0.0,0.0,0.0,1985.1249999999816,2010.3749999999586,
lowess1dg20wnc,42/3_ST_Fits,c,3.633974139599918,0.24662068899974654,0,0,0.9998229242225478,0.9998229242225478,0.4798631202933317,0.04417614692736551,-0.010834810600418146,74.37878364546641,27.282149290857568,0.043359277523908356,0.04148309600974739,-0.014771946371479045,-0.02738200138594944,1986.4583333333137,2013.1249999999561,
Kal_flexLin,42/5_Kalman,c,4.922575213539915,0.05317657451406971,0,0,0.8348210535903483,0.8348210535903483,1.651145147436163,0.04631452893828603,-0.010603784744922842,255.92749785260526,156.26879798103542,0.041602099807951126,0.03830027140292554,-0.010792852703712767,-0.018526481691671766,1985.9583333333142,2013.4583333332891,
GAM_AR1,42/4_GAM_AR1,c,4.295938055502455,0.0398196625696704,31,16,5.1355033403944125e-06,0.00024116221200420188,1.0416914694211143,0.053341157660037476,-0.025416646944731995,141.67003984127155,50.451253671953,0.06044774159190175,0.06248438519662926,-0.03863697368004522,-0.05638474671355316,1987.7916666666458,2012.8749999999563,
CGWL10y_sfUKCP,44/44_EarthModel_CGWL,c,6.461899449158315,0.050610720438341944,0,0,0.876,0.876,1.6118269636390916,0.047155844787245126,-0.015974075468811907,235.32673669130736,145.31172795932784,0.0464986647806873,0.04439101365855996,-0.01336165918360822,-0.006581564513683418,1986.208333333314,2009.2916666666263,
