method_name,method_class,c/r,smooth_r,avg_unc.(1se),#q<0.5,#q<0.1,q_min,q_small5,log-likeli,RMS,bias,tlog-l,100log-l,100RMS,75RMS,100bias,bias50,xyear0.5,xyear1.0,xyear1.5
cent20y,42/1_Run_Means,r,1.0,0.02887846207134827,0,0,1.0,1.0,2.637217243819404,0.0,0.0,408.76867279200764,236.55502451941751,0.0,0.0,0.0,0.0,1984.8749999999882,2010.2916666666317,
GWI_anthro_CGWL,43/3_Human_Induced,c,2.7052293311944844,0.07735193435947303,0,0,0.9992681357550142,0.9992681357550142,1.3697469445248327,0.05522338484908152,-0.02649941207803128,97.25203306126312,97.25203306126312,0.05522338484908152,0.05522338484908152,-0.02649941207803128,0.0014297653991869794,1984.5416666666551,2012.1249999999634,
GWI_anthro_SR15,43/3_Human_Induced,c,2.4932000805297037,0.07106682836666121,0,0,0.9121548970584212,0.9121548970584212,1.4828241959399475,0.05002638976632894,-0.02201810543608328,105.28051791173627,105.28051791173627,0.05002638976632894,0.05002638976632894,-0.022018105436083284,-0.0020430521531968737,1985.5416666666542,2012.3749999999632,
GWI_anthro,43/3_Human_Induced,c,2.6213657806356685,0.07353239092022955,0,0,0.9634250417758448,0.9634250417758448,1.4495442523479463,0.05156591857062684,-0.02310924517889905,102.91764191670418,102.91764191670418,0.05156591857062684,0.05156591857062684,-0.02310924517889905,3.2123917788978114e-05,1984.5416666666551,2012.3749999999632,
FaIR_nonat_unB,43/1_ERF_FaIR,c,4.645968653486278,0.02774593754671659,47,38,7.186911517466423e-20,3.8692525196460858e-19,-892.5212325639244,0.36688170845038504,0.23481107564242246,-81219.43216331712,-81219.43216331713,0.36688170845038504,0.27220755293674065,0.23481107564242246,0.019695846047927595,1983.541666666656,2010.5416666666315,
FaIR_anthro_unB,43/1_ERF_FaIR,c,4.594580120351478,0.024179581118135538,58,39,8.330260896902599e-26,4.344183749724712e-24,-1422.9633338507342,0.35092770405913876,0.22805283694910888,-129489.66338041682,-129489.66338041684,0.35092770405913876,0.2613315014973429,0.22805283694910888,0.021210252438572347,1981.7916666666576,2010.708333333298,
