method_name,method_class,c/r,smooth_r,avg_unc.(1se),#q<0.5,#q<0.1,q_min,q_small5,log-likeli,RMS,bias,tlog-l,100log-l,100RMS,75RMS,100bias,bias50,xyear0.5,xyear1.0,xyear1.5
cent20y,42/1_Run_Means,r,1.0,0.029219305738226974,0,0,1.0,1.0,2.6330503571087234,0.0,0.0,408.1228053518521,237.95147269358077,0.0,0.0,0.0,0.0,1975.5416666666633,2002.7083333333053,
GWI_anthro_CGWL,43/3_Human_Induced,c,2.6982695204366665,0.07092613629270371,0,0,0.8324084650243787,0.8324084650243787,1.4053657996088984,0.056509240020009975,-0.04845412250266785,99.78097177223178,99.78097177223178,0.056509240020009975,0.056509240020009975,-0.04845412250266783,-0.04832882493522687,1980.1249999999925,2002.624999999972,
GWI_anthro_SR15,43/3_Human_Induced,c,2.4648269406452323,0.06597144480849469,0,0,0.93912915814621,0.93912915814621,1.535276171476028,0.04861314378075298,-0.0367161592011493,109.00460817479798,109.00460817479798,0.04861314378075299,0.04861314378075298,-0.03671615920114929,-0.03843043018522565,1979.8749999999927,2001.5416666666397,
GWI_anthro,43/3_Human_Induced,c,2.5202257683379297,0.0677684437148109,0,0,0.9179364413337293,0.9179364413337293,1.4960447120391402,0.05051264304919833,-0.040593332885807416,106.21917455477896,106.21917455477896,0.05051264304919833,0.05051264304919833,-0.040593332885807416,-0.04207454494119049,1979.8749999999927,2001.7916666666395,
FaIR_nonat_unB,43/1_ERF_FaIR,c,1.9133832925273433,0.029306117809565397,53,0,0.2913165266106443,0.2913165266106443,1.7267463849541276,0.03934809638287347,-0.019500957823410933,157.1339210308256,157.13392103082566,0.039348096382873475,0.04107806325537112,-0.019500957823410933,-0.0064498490532803624,1978.041666666661,1999.9583333333078,2022.8749999999536
