method_name,method_class,c/r,smooth_r,avg_unc.(1se),#q<0.5,#q<0.1,q_min,q_small5,log-likeli,RMS,bias,tlog-l,100log-l,100RMS,75RMS,100bias,bias50,xyear0.5,xyear1.0,xyear1.5
cent20y,42/1_Run_Means,r,1.0,0.027490233225635537,0,0,1.0,1.0,2.6852428989309867,0.0,0.0,416.2126493343029,238.97854708253536,0.0,0.0,0.0,0.0,1991.1249999999761,,
lowess1dg20wnc,42/3_ST_Fits,c,3.2245922814707653,0.04130334956856513,40,0,0.38544555622997745,0.38544555622997745,1.595215613065794,0.045585857398739535,-0.013206484883173988,247.25842002519806,139.50610763173984,0.047145945799186184,0.040509515485335115,-0.017222886898242803,-0.03352462476581296,1990.791666666643,2016.624999999953,
Kal_flexLin,42/5_Kalman,c,4.447021806152134,0.05317657451406971,0,0,0.9797738330795702,0.9797738330795702,1.6907959880822938,0.04398027858341231,-0.009283149514004914,262.07337815275554,150.76816573099683,0.04499737123786525,0.037324882645697645,-0.011753702755429736,-0.023946707494666243,1990.124999999977,2016.1249999999534,
GAM_AR1,42/4_GAM_AR1,c,6.553582735685766,0.04241220905831246,22,5,0.00205015837831548,0.08710977453932642,1.3892496485627555,0.048965909388361234,-0.006221922932362477,188.93795220453475,116.26511892030665,0.05232372157243915,0.04031358720708066,-0.016711754265550573,-0.027937749388645954,1989.9583333333105,2015.9583333332869,
CGWL10y_sfUKCP,44/44_EarthModel_CGWL,c,6.232222772286895,0.050794857403924386,0,0,0.8588235294117647,0.8588235294117647,1.5959790200388737,0.04827355562442939,0.010072851017773842,233.01293692567555,143.32397128966292,0.0457743608956744,0.041369317906595204,0.0037778861368605466,0.01173049911034107,1990.8749999999764,2015.9583333332869,
