method_name,method_class,c/r,smooth_r,avg_unc.(1se),#q<0.5,#q<0.1,q_min,q_small5,log-likeli,RMS,bias,tlog-l,100log-l,100RMS,75RMS,100bias,bias50,xyear0.5,xyear1.0,xyear1.5
cent20y,42/1_Run_Means,r,1.0,0.03223109474555336,0,0,1.0,1.0,2.535624334359011,0.0,0.0,393.0217718256467,237.2985524386503,0.0,0.0,0.0,0.0,1984.624999999982,2010.4583333332919,
lowess1dg20wnc,42/3_ST_Fits,c,4.00014834140436,0.1705608902377084,0,0,0.9994210760407116,0.9994210760407116,0.7945997844773178,0.05867617728835203,-0.01119375637005186,123.16296659398427,59.87295657146339,0.04349490255980285,0.043325040368095584,-0.011690912893846403,-0.039793575063764144,1987.3749999999795,2013.708333333289,
Kal_flexLin,42/5_Kalman,c,5.6403278274878295,0.05317657451406971,15,6,0.025872699360127253,0.07073479670068623,1.3886585855090987,0.05818168077131865,-0.008057661138573362,215.2420807539103,154.0155117899472,0.0430253531193187,0.040857541299142736,-0.00893975973288883,-0.029099446872645197,1986.87499999998,2013.9583333332887,
GAM_AR1,42/4_GAM_AR1,c,7.41119490448142,0.06656124933773859,13,0,0.18056109324886194,0.34196069733354484,1.1905912075448792,0.07019274600251713,-0.002862423659751144,161.92040422610359,140.36409570239965,0.044701183310769846,0.04275427702040491,-0.008653011175359243,-0.03427756113066825,1986.9583333333132,2013.708333333289,
CGWL10y_sfUKCP,44/44_EarthModel_CGWL,c,6.120508800658745,0.050643522172204906,0,0,0.9324369747899159,0.9324369747899159,1.6374676403657151,0.04523084907014266,0.008933804448372768,239.0702754933944,146.10472336777272,0.04423796704372299,0.04104620028190221,0.004498922211665587,0.008274923644375803,1985.874999999981,2013.1249999999561,
