method_name,method_class,c/r,smooth_r,avg_unc.(1se),#q<0.5,#q<0.1,q_min,q_small5,log-likeli,RMS,bias,tlog-l,100log-l,100RMS,75RMS,100bias,bias50,xyear0.5,xyear1.0,xyear1.5
cent20y,42/1_Run_Means,r,1.0,0.031048178708831305,0,0,1.0,1.0,2.5623480566911647,0.0,0.0,397.16394878713055,234.2222232540824,0.0,0.0,0.0,0.0,1979.2083333333267,2006.3749999999686,
GWI_anthro_CGWL,43/3_Human_Induced,c,2.44023668803129,0.07839668926336193,0,0,0.9940066043020752,0.9940066043020752,1.5338172291597965,0.0384736047161778,0.004797353446159504,108.90102327034555,108.90102327034555,0.0384736047161778,0.0384736047161778,0.004797353446159504,0.017813748034149562,1979.2083333333267,2005.0416666666365,
GWI_anthro_SR15,43/3_Human_Induced,c,2.2233028103202566,0.07119934549118469,0,0,0.9984387319979542,0.9984387319979542,1.5865975161104562,0.03980583275318216,0.007219909863502236,112.64842364384239,112.64842364384239,0.03980583275318216,0.03980583275318216,0.007219909863502236,0.013662497759004135,1980.291666666659,2004.0416666666374,
GWI_anthro,43/3_Human_Induced,c,2.2881935779403126,0.07403442089118274,0,0,0.9991569490686028,0.9991569490686028,1.584719143169589,0.03777901845083529,0.006374205518263275,112.51505916504082,112.51505916504084,0.03777901845083529,0.03777901845083529,0.006374205518263275,0.01592166323589911,1979.8749999999927,2004.7083333333035,
FaIR_nonat_unB,43/1_ERF_FaIR,c,1.732153051653455,0.02714041091517216,31,0,0.15148632580261595,0.15148632580261595,1.7080775799415524,0.03810111515980194,-0.016857929257915023,155.43505977468126,155.4350597746813,0.03810111515980194,0.03766126814031578,-0.016857929257915023,-0.0007942341126196442,1980.291666666659,2006.0416666666356,
