method_name,method_class,c/r,smooth_r,avg_unc.(1se),#q<0.5,#q<0.1,q_min,q_small5,log-likeli,RMS,bias,tlog-l,100log-l,100RMS,75RMS,100bias,bias50,xyear0.5,xyear1.0,xyear1.5
cent20y,42/1_Run_Means,r,1.0,0.031049695581148045,0,0,1.0,1.0,2.5622963479875613,0.0,0.0,397.155933938072,234.21670903245786,0.0,0.0,0.0,0.0,1984.6249999999884,2010.5416666666315,
GWI_anthro_CGWL,43/3_Human_Induced,c,2.4398335896916308,0.0783966890416964,0,0,0.9919399617288198,0.9919399617288198,1.5275189837539254,0.03819365115194465,-0.0001172081166891123,108.4538478465287,108.4538478465287,0.03819365115194466,0.03819365115194465,-0.00011720811668911251,0.012881532569649221,1982.7916666666567,2013.624999999962,
GWI_anthro_SR15,43/3_Human_Induced,c,2.222900405976821,0.07119934543306794,0,0,0.9926878623990543,0.9926878623990543,1.5862076445859892,0.03923550886735926,0.002302803038237706,112.62074276560523,112.62074276560523,0.03923550886735926,0.03923550886735926,0.002302803038237706,0.008726312966736208,1984.458333333322,2013.3749999999623,
GWI_anthro,43/3_Human_Induced,c,2.287734220708706,0.0740344208138457,0,0,0.9935473279919089,0.9935473279919089,1.5823894917093366,0.037286875725098076,0.0014581172433122817,112.34965391136289,112.3496539113629,0.03728687572509808,0.03728687572509808,0.0014581172433122817,0.010986435146276556,1983.3749999999895,2013.4583333332955,
FaIR_nonat_unB,43/1_ERF_FaIR,c,4.56588864748108,0.027202365053547166,71,38,4.849805837908365e-22,6.157672897331415e-21,-1035.1214916925594,0.376970507525771,0.2256183787204929,-94196.0557440229,-94196.05574402292,0.376970507525771,0.2678430457970683,0.2256183787204929,-0.004434653538066551,1985.8749999999873,2011.8749999999636,
