method_name,method_class,c/r,smooth_r,avg_unc.(1se),#q<0.5,#q<0.1,q_min,q_small5,log-likeli,RMS,bias,tlog-l,100log-l,100RMS,75RMS,100bias,bias50,xyear0.5,xyear1.0,xyear1.5
cent20y,42/1_Run_Means,r,1.0,0.02936467390266552,0,0,1.0,1.0,2.63223609274473,0.0,0.0,407.9965943754331,239.72697578348115,0.0,0.0,0.0,0.0,1977.3749999999886,2005.624999999963,
lowess1dg20wnc,42/3_ST_Fits,c,3.7557341150468915,0.05793122838305831,2,0,0.18074212895803546,0.9921918250327303,1.5945172321821286,0.04614482116924927,-0.015160838571267552,247.15017098822995,145.71059932087763,0.04408552679186578,0.04326786937101054,-0.017092576728177582,-0.032213437100228545,1980.2083333333194,2005.3749999999632,2023.9583333332796
Kal_flexLin,42/5_Kalman,c,5.0812036143349495,0.05317657451406971,0,0,0.5223926681501032,0.6538459450722754,1.6324816752476832,0.04703486867634338,-0.009619915714002612,253.0346596633909,154.87552488494953,0.042487765322229566,0.040313238897309187,-0.012872810456840288,-0.022804905587273362,1979.5416666666533,2004.8749999999636,2023.6249999999466
GAM_AR1,42/4_GAM_AR1,c,5.035078263396366,0.04681754876946132,31,1,0.042617707613347496,0.13753109261188215,1.3678852098405254,0.0582177605214713,-0.03142859310130278,186.03238853831147,107.35296700210009,0.060041739193502225,0.0563531487779998,-0.0393986619569856,-0.06120275804647789,1982.2916666666508,2005.958333333296,2023.8749999999463
CGWL10y_sfUKCP,44/44_EarthModel_CGWL,c,6.4794597055310215,0.05002238412778224,0,0,0.948051948051948,0.948051948051948,1.6801192850211022,0.04224722035583156,-0.005866985150736753,245.29741561308091,149.4114604453361,0.04233034877647043,0.04015941148254012,-0.008215831681449692,-0.0012123402826118694,1978.791666666654,2004.374999999964,
