method_name,method_class,c/r,smooth_r,avg_unc.(1se),#q<0.5,#q<0.1,q_min,q_small5,log-likeli,RMS,bias,tlog-l,100log-l,100RMS,75RMS,100bias,bias50,xyear0.5,xyear1.0,xyear1.5
cent20y,42/1_Run_Means,r,1.0,0.03223718365069718,0,0,1.0,1.0,2.528034252162824,0.0,0.0,391.8453090852377,233.5755570372353,0.0,0.0,0.0,0.0,1987.1249999999861,2012.2083333332967,
GWI_anthro_CGWL,43/3_Human_Induced,c,2.489116356369462,0.09048931816434619,0,0,0.806808708626416,0.806808708626416,1.1258126082566466,0.08387780447641367,0.012395215238115452,79.9326951862219,79.9326951862219,0.08387780447641367,0.08387780447641367,0.01239521523811545,0.06368357116140666,1982.9583333333233,2011.374999999964,
GWI_anthro_SR15,43/3_Human_Induced,c,2.2419674491759114,0.0808615353024508,0,0,0.9306730338424808,0.9306730338424808,1.2584463633394838,0.0704387675863958,0.007123585331911492,89.34969179710335,89.34969179710336,0.07043876758639579,0.07043876758639579,0.007123585331911492,0.04593739642770101,1985.6249999999875,2012.0416666666301,
GWI_anthro,43/3_Human_Induced,c,2.4632629415529887,0.08482769003075673,0,0,0.8792025347058698,0.8792025347058698,1.1994211546409481,0.0760702870724999,0.00920881090939996,85.15890197950732,85.15890197950733,0.0760702870724999,0.0760702870724999,0.00920881090939996,0.053622532318318074,1983.7916666666558,2011.9583333332969,
FaIR_nonat_unB,43/1_ERF_FaIR,c,2.071360028526763,0.024660880937211093,13,2,0.06776348536283669,0.1731272294887039,1.0267543179999399,0.03695380830016364,0.008923932639745837,93.43464293799454,93.43464293799457,0.03695380830016364,0.02490603633312687,0.008923932639745837,-0.003211466163746375,1987.9583333333187,2013.0416666666292,
