method_name,method_class,c/r,smooth_r,avg_unc.(1se),#q<0.5,#q<0.1,q_min,q_small5,log-likeli,RMS,bias,tlog-l,100log-l,100RMS,75RMS,100bias,bias50,xyear0.5,xyear1.0,xyear1.5
cent20y,42/1_Run_Means,r,1.0,0.028519187612561937,0,0,1.0,1.0,2.6514316155468403,0.0,0.0,410.9719004097602,240.82072545866265,0.0,0.0,0.0,0.0,1984.291666666649,2011.124999999958,
lowess1dg20wnc,42/3_ST_Fits,c,3.680681770175172,0.23168617554037524,0,0,0.9999913271803912,0.9999913271803912,0.530882406745918,0.04236533222477076,-0.012160427543236102,82.2867730456173,34.4120261132945,0.038269578380840885,0.03769144012619246,-0.015979876001123865,-0.026868528003040515,1985.874999999981,2014.1249999999552,
Kal_flexLin,42/5_Kalman,c,5.031284342439139,0.05317657451406971,0,0,0.9710035434772148,0.9710035434772148,1.71651816300315,0.04323905085180646,-0.011449372249101976,266.06031526548827,162.14229240079845,0.037640073974425786,0.03639993268767809,-0.011944705380625998,-0.018596337252096633,1982.958333333317,2014.2083333332885,
GAM_AR1,42/4_GAM_AR1,c,3.3152082553452162,0.03939696717218777,19,15,1.1324466688269572e-08,1.4531549912201828e-05,0.90093444197137,0.052862760568501414,-0.026928510457883893,122.52708410810631,28.257745092849447,0.061962510937121976,0.0698657049482547,-0.04223409124359361,-0.07399723279080317,1989.2916666666445,2014.1249999999552,
CGWL10y_sfUKCP,44/44_EarthModel_CGWL,c,6.41812767709374,0.05056392555275271,0,0,0.9192592592592593,0.9192592592592593,1.5614265083347592,0.04741698311989043,-0.013803046053567596,227.96827021687483,148.86209139749772,0.04153518220624407,0.04131129959594066,-0.009511907647551464,-0.000837461271381397,1985.3749999999814,2012.124999999957,
