method_name,method_class,c/r,smooth_r,avg_unc.(1se),#q<0.5,#q<0.1,q_min,q_small5,log-likeli,RMS,bias,tlog-l,100log-l,100RMS,75RMS,100bias,bias50,xyear0.5,xyear1.0,xyear1.5
cent20y,42/1_Run_Means,r,1.0,0.02917797152149458,0,0,1.0,1.0,2.634693345626577,0.0,0.0,408.3774685721195,241.24223540750128,0.0,0.0,0.0,0.0,1984.2083333333221,2011.1249999999643,
GWI_anthro_CGWL,43/3_Human_Induced,c,2.6314201988274277,0.07085055393178807,0,0,0.9819606814148188,0.9819606814148188,1.3608968784875755,0.061252975994506624,-0.049493875995133364,96.62367837261786,96.62367837261783,0.061252975994506624,0.061252975994506624,-0.049493875995133364,-0.06837417474696261,1987.2083333333194,2015.87499999996,
GWI_anthro_SR15,43/3_Human_Induced,c,2.3925867988110765,0.06543282510736419,0,0,0.9881463774733473,0.9881463774733473,1.5058924285963535,0.04968672947381096,-0.033849151742970755,106.9183624303411,106.9183624303411,0.04968672947381096,0.04968672947381096,-0.03384915174297076,-0.05143660027614542,1986.791666666653,2015.541666666627,
GWI_anthro,43/3_Human_Induced,c,2.5300817326313267,0.06737126801328695,0,0,0.986067672815296,0.986067672815296,1.4587736261053597,0.0535698444397156,-0.03920526486229271,103.57292745348053,103.57292745348053,0.0535698444397156,0.0535698444397156,-0.03920526486229272,-0.057824511438667694,1986.9583333333196,2015.6249999999602,
FaIR_nonat_unB,43/1_ERF_FaIR,c,5.496217292624245,0.02853210350982029,68,47,1.7241457423881614e-25,5.931252615513614e-25,-1244.975701915097,0.4165436718545776,0.24481005247358098,-113292.78887427383,-113292.78887427381,0.4165436718545775,0.2996584397139075,0.24481005247358098,-0.007341032276513652,1985.8749999999873,2011.9583333332969,
FaIR_anthro_unB,43/1_ERF_FaIR,c,5.100507128381826,0.02627058687983694,77,55,1.9453440241385525e-32,2.917252434312384e-30,-1938.0533777351493,0.3925018746814907,0.21794345724411351,-176362.8573738986,-176362.85737389856,0.3925018746814907,0.2849745183255287,0.21794345724411354,-0.028064657187357733,1986.791666666653,2013.1249999999625,
