method_name,method_class,c/r,smooth_r,avg_unc.(1se),#q<0.5,#q<0.1,q_min,q_small5,log-likeli,RMS,bias,tlog-l,100log-l,100RMS,75RMS,100bias,bias50,xyear0.5,xyear1.0,xyear1.5
cent20y,42/1_Run_Means,r,1.0,0.029233875295188283,0,0,1.0,1.0,2.624390505650167,0.0,0.0,406.78052837577593,236.4232662321299,0.0,0.0,0.0,0.0,1980.1249999999925,2006.6249999999684,
GWI_anthro_CGWL,43/3_Human_Induced,c,2.5292750491440805,0.08607813528704131,0,0,0.9889286664884864,0.9889286664884864,1.235992534314233,0.07241454367783635,0.016535153854763222,87.75546993631055,87.75546993631055,0.07241454367783634,0.07241454367783634,0.016535153854763222,0.05702593163604205,1979.29166666666,2002.958333333305,
GWI_anthro_SR15,43/3_Human_Induced,c,2.3398698224527483,0.07705643705605648,0,0,0.942695014557849,0.942695014557849,1.3330111116499528,0.06467251422862517,0.01151198036476399,94.64378892714664,94.64378892714663,0.06467251422862517,0.06467251422862517,0.011511980364763991,0.041189690763908125,1980.958333333325,2001.7083333333062,
GWI_anthro,43/3_Human_Induced,c,2.4652085172671594,0.0808455567833518,0,0,0.9360689468820801,0.9360689468820801,1.3050619217279482,0.06688927699549257,0.013236149248124536,92.65939644268433,92.65939644268431,0.06688927699549257,0.06688927699549257,0.013236149248124536,0.0480034493910351,1980.291666666659,2001.1249999999734,
FaIR_nonat_unB,43/1_ERF_FaIR,c,1.793348827678756,0.027841886528926187,14,0,0.45686352226185756,0.45686352226185756,1.787637520492401,0.03729645565444437,-0.008105034388054823,162.6750143648085,162.6750143648085,0.03729645565444437,0.032854814831815495,-0.008105034388054825,-0.0015308463731826647,1981.7916666666576,2007.0416666666347,
