method_name,method_class,c/r,smooth_r,avg_unc.(1se),#q<0.5,#q<0.1,q_min,q_small5,log-likeli,RMS,bias,tlog-l,100log-l,100RMS,75RMS,100bias,bias50,xyear0.5,xyear1.0,xyear1.5
cent20y,42/1_Run_Means,r,1.0,0.030415541666759242,0,0,1.0,1.0,2.583998347152799,0.0,0.0,400.51974380868387,233.87026438924102,0.0,0.0,0.0,0.0,1985.791666666654,2010.7916666666313,
GWI_anthro_CGWL,43/3_Human_Induced,c,2.7452552093332288,0.08527089461516281,0,0,0.9604408263994336,0.9604408263994336,1.426860520087678,0.04497318515821313,-0.002304065380735215,101.30709692622514,101.30709692622514,0.04497318515821313,0.04497318515821313,-0.002304065380735215,0.014089222201101155,1984.8749999999882,2013.624999999962,
GWI_anthro_SR15,43/3_Human_Induced,c,2.5089859191062933,0.07677658411537217,0,0,0.9468158833550614,0.9468158833550614,1.458124276639337,0.04795091317908335,-0.0031159159104277557,103.52682364139292,103.52682364139294,0.04795091317908335,0.04795091317908335,-0.0031159159104277557,0.002698655663843763,1986.2083333333203,2014.0416666666283,
GWI_anthro,43/3_Human_Induced,c,2.6614636009913712,0.08024936165647344,0,0,0.9748624315124002,0.9748624315124002,1.4561989870009087,0.045848986655025036,-0.002448252989271153,103.39012807706452,103.3901280770645,0.045848986655025036,0.045848986655025036,-0.002448252989271153,0.008092696047269527,1984.9583333333214,2013.7916666666285,
FaIR_nonat_unB,43/1_ERF_FaIR,c,2.032870581263013,0.027202708924065323,21,0,0.37510899722552515,0.37510899722552515,1.9754485311830332,0.03253278529473347,0.017546093470495756,179.76581633765602,179.765816337656,0.03253278529473347,0.03154374905652566,0.017546093470495756,0.017820007104622188,1985.5416666666542,2011.4583333332973,
FaIR_anthro_unB,43/1_ERF_FaIR,c,1.9272185660033665,0.024020350699320556,55,0,0.19217085475451326,0.19217085475451326,1.490185086860666,0.038386072952300516,0.020377160122234665,135.60684290432062,135.6068429043206,0.038386072952300516,0.038235869819555984,0.02037716012223467,0.023556003231374256,1984.2916666666554,2011.708333333297,
