method_name,method_class,c/r,smooth_r,avg_unc.(1se),#q<0.5,#q<0.1,q_min,q_small5,log-likeli,RMS,bias,tlog-l,100log-l,100RMS,75RMS,100bias,bias50,xyear0.5,xyear1.0,xyear1.5
cent20y,42/1_Run_Means,r,1.0,0.030914897747180464,0,0,1.0,1.0,2.5707391807158415,0.0,0.0,398.46457301095546,230.51210614689245,0.0,0.0,0.0,0.0,1985.0416666666547,2010.4583333332982,
GWI_anthro_CGWL,43/3_Human_Induced,c,2.5032096181162036,0.08998024180667413,0,0,0.9540514806289023,0.9540514806289023,1.11776251454274,0.08305159572860264,0.028966038051164426,79.36113853253454,79.36113853253454,0.08305159572860264,0.08305159572860264,0.028966038051164426,0.07555532337095347,1981.5416666666579,2008.0416666666338,
GWI_anthro_SR15,43/3_Human_Induced,c,2.3314837565468003,0.07994039299296067,0,0,0.8268373706447789,0.8268373706447789,1.1999587157388294,0.07544918537690799,0.021163829086778278,85.19706881745688,85.19706881745688,0.07544918537690799,0.07544918537690799,0.021163829086778274,0.05577024752503329,1983.7916666666558,2006.0416666666356,
GWI_anthro,43/3_Human_Induced,c,2.5554978483653423,0.08419255567178877,0,0,0.9071059838518019,0.9071059838518019,1.1741811760221685,0.07770201624574676,0.023848671585756726,83.36686349757397,83.36686349757397,0.07770201624574676,0.07770201624574676,0.023848671585756726,0.06407310189995118,1982.7083333333235,2008.9583333332996,
FaIR_nonat_unB,43/1_ERF_FaIR,c,4.891441591330986,0.027066930426833898,69,44,2.5223975935182404e-22,1.878126856128592e-21,-1205.53412467072,0.39985148144054256,0.23964192911987459,-109703.60534503552,-109703.60534503552,0.3998514814405426,0.2881631085466255,0.23964192911987459,-0.0033938806765310718,1986.3749999999868,2011.1249999999643,
FaIR_anthro_unB,43/1_ERF_FaIR,c,4.632367011423862,0.025270807296872318,62,39,6.493319291995104e-27,5.676842927461809e-25,-1657.2661882096688,0.379413970958303,0.22477842471985032,-150811.22312707987,-150811.2231270799,0.3794139709583029,0.2739603213134473,0.2247784247198503,-0.0097798590148893,1986.5416666666533,2011.6249999999638,
