method_name,method_class,c/r,smooth_r,avg_unc.(1se),#q<0.5,#q<0.1,q_min,q_small5,log-likeli,RMS,bias,tlog-l,100log-l,100RMS,75RMS,100bias,bias50,xyear0.5,xyear1.0,xyear1.5
cent20y,42/1_Run_Means,r,1.0,0.029292264577403276,0,0,1.0,1.0,2.6346493724977886,0.0,0.0,408.37065273715723,242.63390489521032,0.0,0.0,0.0,0.0,1977.041666666662,2005.1249999999698,
GWI_anthro_CGWL,43/3_Human_Induced,c,2.608179231762516,0.0767178477831437,37,0,0.33679278503685905,0.33679278503685905,0.8192971727346993,0.10128099445081312,-0.07916102098646684,58.170099264163646,58.17009926416365,0.10128099445081312,0.10128099445081312,-0.07916102098646684,-0.12145037090978104,1985.0416666666547,2011.6249999999638,
GWI_anthro_SR15,43/3_Human_Induced,c,2.359866074588806,0.06956808878379517,11,0,0.3460347794696243,0.3460347794696243,1.0565620145126033,0.08117708817722033,-0.05648383408705894,75.01590303039484,75.01590303039481,0.08117708817722033,0.08117708817722033,-0.05648383408705894,-0.09469176132813578,1982.541666666657,2010.1249999999652,
GWI_anthro,43/3_Human_Induced,c,2.4986258855402554,0.07221626988150108,26,0,0.3767074469710215,0.3767074469710215,0.9683931560471123,0.08859467220980867,-0.06398899269617754,68.75591407934498,68.75591407934496,0.08859467220980868,0.08859467220980868,-0.06398899269617754,-0.10474822341879067,1983.7916666666558,2010.8749999999645,
FaIR_nonat_unB,43/1_ERF_FaIR,c,1.7429017424186708,0.027929984385673616,49,0,0.1868987136525781,0.1868987136525781,1.5646807745351894,0.04335216091870757,-0.019613092831561606,142.38595048270224,142.3859504827022,0.04335216091870757,0.036035298208398875,-0.019613092831561606,0.009576263015354802,1978.1249999999943,2001.5416666666397,
FaIR_anthro_unB,43/1_ERF_FaIR,c,1.7467724113444687,0.025416471207774866,54,16,0.05268276803295357,0.05831488293839446,0.12788097717044253,0.05000805561723727,-0.03340687049682573,11.63716892251027,11.637168922510272,0.05000805561723727,0.03509276978718764,-0.03340687049682573,-0.0059208782441171675,1977.708333333328,2002.624999999972,
