method_name,method_class,c/r,smooth_r,avg_unc.(1se),#q<0.5,#q<0.1,q_min,q_small5,log-likeli,RMS,bias,tlog-l,100log-l,100RMS,75RMS,100bias,bias50,xyear0.5,xyear1.0,xyear1.5
cent20y,42/1_Run_Means,r,1.0,0.02887895793572621,0,0,1.0,1.0,2.6371934352656736,0.0,0.0,408.7649824661794,236.5545317987564,0.0,0.0,0.0,0.0,1985.6249999999875,2011.1249999999643,
GWI_anthro_CGWL,43/3_Human_Induced,c,2.7051352771215003,0.07735193446817556,0,0,0.992481837023464,0.992481837023464,1.3834997299487235,0.05417790118597821,-0.024197483392904937,98.22848082635937,98.22848082635937,0.05417790118597821,0.05417790118597821,-0.024197483392904937,0.0037501773276457807,1985.7083333333208,2013.2083333332957,
GWI_anthro_SR15,43/3_Human_Induced,c,2.4931093477879305,0.07106682840636226,0,0,0.9229247426361011,0.9229247426361011,1.495051544513647,0.049075124009050654,-0.019714598883713606,106.14865966046894,106.14865966046895,0.04907512400905065,0.04907512400905065,-0.019714598883713606,0.0002797830347948466,1986.124999999987,2013.4583333332955,
GWI_anthro,43/3_Human_Induced,c,2.6213370047133475,0.07353239099287524,0,0,0.9759984752069415,0.9759984752069415,1.4622391570781625,0.050596331782931735,-0.02080646456151642,103.81898015254954,103.81898015254953,0.050596331782931735,0.050596331782931735,-0.02080646456151642,0.002353864606680462,1985.458333333321,2013.3749999999623,
FaIR_nonat_unB,43/1_ERF_FaIR,c,1.9452380123071258,0.027777012689172216,27,0,0.1871646000292663,0.2813317479191439,1.5391960153062048,0.03920845835371953,0.026389765898768795,140.06683739286464,140.06683739286464,0.03920845835371953,0.03312871401234758,0.026389765898768795,0.022017893744627072,1984.458333333322,2011.1249999999643,
FaIR_anthro_unB,43/1_ERF_FaIR,c,1.9557878545491765,0.02421305551252667,39,0,0.16230677764565993,0.16230677764565993,1.3998860898315706,0.03777322919486731,0.027537206516991517,127.38963417467292,127.38963417467293,0.03777322919486731,0.03254270051336009,0.027537206516991517,0.023513440948489082,1983.6249999999893,2011.2083333332976,
