method_name,method_class,c/r,smooth_r,avg_unc.(1se),#q<0.5,#q<0.1,q_min,q_small5,log-likeli,RMS,bias,tlog-l,100log-l,100RMS,75RMS,100bias,bias50,xyear0.5,xyear1.0,xyear1.5
cent20y,42/1_Run_Means,r,1.0,0.028758223363897054,0,0,1.0,1.0,2.6457748497751656,0.0,0.0,410.0951017151507,240.66996571410965,0.0,0.0,0.0,0.0,1984.791666666655,2010.2916666666317,
GWI_anthro_CGWL,43/3_Human_Induced,c,2.6879987969686665,0.07174075928179462,0,0,0.797121750985471,0.797121750985471,1.2713005527111754,0.07016441843178492,-0.061092867196863555,90.26233924249345,90.26233924249343,0.07016441843178492,0.07016441843178492,-0.061092867196863555,-0.08100573024128989,1988.708333333318,2015.4583333332937,
GWI_anthro_SR15,43/3_Human_Induced,c,2.4599557868761637,0.06623655259262282,0,0,0.9853801409585127,0.9853801409585127,1.443281674203165,0.05611364518110553,-0.04451288487671257,102.47299886842472,102.47299886842472,0.05611364518110553,0.05611364518110553,-0.04451288487671257,-0.06311822367788687,1987.8749999999854,2015.208333333294,
GWI_anthro,43/3_Human_Induced,c,2.5706536041585433,0.0682243856897474,0,0,0.9287115227547097,0.9287115227547097,1.3870671086306028,0.06102302155970341,-0.05014007920310154,98.4817647127728,98.4817647127728,0.06102302155970342,0.06102302155970342,-0.05014007920310155,-0.06990552154292341,1987.9583333333187,2015.2916666666272,
FaIR_nonat_unB,43/1_ERF_FaIR,c,5.53699653691911,0.029010226615553508,70,40,2.2035664933485346e-24,3.6534302236531107e-22,-1157.7306900966385,0.41468365328856277,0.24422983836159756,-105353.4927987941,-105353.49279879409,0.41468365328856277,0.29964583374481746,0.24422983836159756,-0.01034767171078194,1986.2083333333203,2011.5416666666306,
FaIR_anthro_unB,43/1_ERF_FaIR,c,5.35041034909251,0.02628068112787911,79,52,2.6761131719952036e-34,2.8043152480375305e-33,-1958.2567653835893,0.3901920318891885,0.21616907727328746,-178201.36564990663,-178201.3656499066,0.39019203188918844,0.2852430346439113,0.2161690772732874,-0.032488686065922534,1987.2916666666526,2013.0416666666292,
