method_name,method_class,c/r,smooth_r,avg_unc.(1se),#q<0.5,#q<0.1,q_min,q_small5,log-likeli,RMS,bias,tlog-l,100log-l,100RMS,75RMS,100bias,bias50,xyear0.5,xyear1.0,xyear1.5
cent20y,42/1_Run_Means,r,1.0,0.030639072646178586,0,0,1.0,1.0,2.5762899619425554,0.0,0.0,399.3249441010961,230.71946616196874,0.0,0.0,0.0,0.0,1984.7083333333153,2009.874999999959,
lowess1dg20wnc,42/3_ST_Fits,c,3.8126367607324383,0.18765091186415817,0,0,0.9973276260396405,0.9973276260396405,0.7120542011234418,0.05558083165053957,-0.016767326992345247,110.36840117413347,48.16790092542762,0.05747989111364003,0.05158756739231592,-0.014078603722266216,-0.04251438186629617,1987.1249999999798,2012.8749999999563,
Kal_flexLin,42/5_Kalman,c,5.092094981996107,0.05317657451406971,3,0,0.24821263974207455,0.7137232714258904,1.5445790318063517,0.05131875440550934,-0.010339971961040499,239.4097499299845,134.10010110244025,0.05399751675536879,0.04386043603076406,-0.009796615153335872,-0.030213508742876528,1986.6249999999802,2013.2916666666226,
GAM_AR1,42/4_GAM_AR1,c,6.799672488588769,0.0512875773334288,18,6,0.00010989914895731587,0.009935568081822823,1.111955917677302,0.061612144370032915,-0.015259232707082208,151.22600480411307,99.52144238041663,0.0632217903639242,0.050636050588396715,-0.01436132607920578,-0.03463998125627733,1986.7083333333135,2013.0416666666229,
CGWL10y_sfUKCP,44/44_EarthModel_CGWL,c,6.417730557865456,0.05043521048801561,0,0,0.9733333333333333,0.9733333333333333,1.6746028524485868,0.04342769288815046,-0.0007015145184691834,244.49201645749366,144.3136968881346,0.045806357587327075,0.035886088224086315,-0.004324896644457192,0.002676842282390588,1985.7083333333144,2009.9583333332923,
