method_name,method_class,c/r,smooth_r,avg_unc.(1se),#q<0.5,#q<0.1,q_min,q_small5,log-likeli,RMS,bias,tlog-l,100log-l,100RMS,75RMS,100bias,bias50,xyear0.5,xyear1.0,xyear1.5
cent20y,42/1_Run_Means,r,1.0,0.02699599657890935,0,0,1.0,1.0,2.7039119213301333,0.0,0.0,419.1063478061707,243.4668837295414,0.0,0.0,0.0,0.0,1984.458333333322,2010.708333333298,
GWI_anthro_CGWL,43/3_Human_Induced,c,2.8474373702208347,0.08033550696992546,0,0,0.9984320187439945,0.9984320187439945,1.5248285461141815,0.02457400382619816,-0.00324473009493404,108.26282677410688,108.26282677410688,0.02457400382619816,0.02457400382619816,-0.00324473009493404,-0.0068781812307505,1985.458333333321,2013.2083333332957,
GWI_anthro_SR15,43/3_Human_Induced,c,2.6161311484066507,0.07246905140040842,0,0,0.9676775164167173,0.9676775164167173,1.5296812272669555,0.03797731537353172,0.0002148963423124769,108.60736713595385,108.60736713595387,0.03797731537353172,0.03797731537353172,0.0002148963423124768,-0.012312290296524845,1986.124999999987,2013.4583333332955,
GWI_anthro,43/3_Human_Induced,c,2.768715508023474,0.07560082975951095,0,0,0.9896905633158521,0.9896905633158521,1.5327336538471457,0.032221974652953664,-0.00047023853334068145,108.82408942314734,108.82408942314734,0.032221974652953664,0.032221974652953664,-0.00047023853334068145,-0.009129225120753428,1985.2916666666545,2013.291666666629,
FaIR_nonat_unB,43/1_ERF_FaIR,c,5.7226939535185455,0.028470887885559137,49,39,6.06205611695966e-21,2.016079496449998e-16,-691.8064457546315,0.3440205829318731,0.22471186903969675,-62954.38656367146,-62954.38656367146,0.34402058293187304,0.2594730132390388,0.22471186903969667,0.020378576072544303,1985.0416666666547,2010.5416666666315,
FaIR_anthro_unB,43/1_ERF_FaIR,c,5.444705945045723,0.024256864217198824,75,51,3.507734757099633e-22,2.6454458276567043e-21,-1182.3649923354428,0.331585265654208,0.2292804977832876,-107595.2143025253,-107595.2143025253,0.33158526565420804,0.25274717917124334,0.22928049778328757,0.037918460995083204,1979.7083333333262,2010.2083333332985,
