method_name,method_class,c/r,smooth_r,avg_unc.(1se),#q<0.5,#q<0.1,q_min,q_small5,log-likeli,RMS,bias,tlog-l,100log-l,100RMS,75RMS,100bias,bias50,xyear0.5,xyear1.0,xyear1.5
cent20y,42/1_Run_Means,r,1.0,0.026863337879081736,0,0,1.0,1.0,2.7104665005064486,0.0,0.0,420.12230757849954,243.58144624302932,0.0,0.0,0.0,0.0,1984.5416666666551,2010.6249999999648,
GWI_anthro_CGWL,43/3_Human_Induced,c,2.8899212097766718,0.08045582977612571,0,0,0.9986939896387277,0.9986939896387277,1.4914429954678972,0.02849688829521742,-0.006255664874141016,105.89245267822069,105.89245267822069,0.02849688829521742,0.02849688829521742,-0.006255664874141015,-0.016822438021488084,1986.124999999987,2013.958333333295,
GWI_anthro_SR15,43/3_Human_Induced,c,2.645733285942892,0.0725273397452971,0,0,0.9828059381638908,0.9828059381638908,1.4925443590247112,0.04197547503661636,-0.00120031647764042,105.9706494907545,105.97064949075451,0.04197547503661636,0.04197547503661636,-0.00120031647764042,-0.019714806066365085,1986.3749999999868,2014.1249999999616,
GWI_anthro,43/3_Human_Induced,c,2.781119786647052,0.075627303550873,0,0,0.9774691957777091,0.9774691957777091,1.496154373395054,0.03651223158398664,-0.0024246002043121196,106.22696051104883,106.22696051104884,0.03651223158398664,0.03651223158398664,-0.0024246002043121196,-0.017521987366803934,1986.0416666666538,2014.0416666666283,
FaIR_nonat_unB,43/1_ERF_FaIR,c,5.525000829383547,0.028422266259696887,42,37,9.520737931987271e-18,8.696600783266053e-17,-692.4302472475946,0.3359409641921252,0.21144575129895976,-63011.152499531105,-63011.152499531105,0.33594096419212527,0.2547004374343222,0.2114457512989598,0.006525637516279717,1985.6249999999875,2011.6249999999638,
