method_name,method_class,c/r,smooth_r,avg_unc.(1se),#q<0.5,#q<0.1,q_min,q_small5,log-likeli,RMS,bias,tlog-l,100log-l,100RMS,75RMS,100bias,bias50,xyear0.5,xyear1.0,xyear1.5
cent20y,42/1_Run_Means,r,1.0,0.030133879781743027,0,0,1.0,1.0,2.5934882611100587,0.0,0.0,401.9906804720591,233.33539878165755,0.0,0.0,0.0,0.0,1983.208333333323,2008.7083333332998,
GWI_anthro_CGWL,43/3_Human_Induced,c,2.45160120491683,0.08032660025858343,0,0,0.992599046611556,0.992599046611556,1.4923372658442497,0.039619496909666915,-0.008814363013437148,105.95594587494173,105.95594587494172,0.039619496909666915,0.039619496909666915,-0.008814363013437148,0.00469447570058875,1983.2916666666563,2009.374999999966,
GWI_anthro_SR15,43/3_Human_Induced,c,2.2484135612183405,0.07305156511820454,0,0,0.9942759802781638,0.9942759802781638,1.5551924124858791,0.04086193060507153,-0.006528870288086631,110.41866128649743,110.41866128649743,0.04086193060507153,0.04086193060507153,-0.006528870288086629,-0.0011638467998572697,1984.6249999999884,2009.2916666666326,
GWI_anthro,43/3_Human_Induced,c,2.331315410477928,0.07594923166158175,0,0,0.970618599762088,0.970618599762088,1.5450583647243767,0.03927037388523768,-0.006924907389867293,109.69914389543075,109.69914389543075,0.03927037388523768,0.03927037388523768,-0.006924907389867295,0.0019005593765341708,1983.7083333333226,2009.6249999999657,
FaIR_nonat_unB,43/1_ERF_FaIR,c,1.802141457544034,0.027498006454105158,6,0,0.39674990091161316,0.39674990091161316,2.169625534892845,0.027913803458898177,0.00774626489594527,197.43592367524892,197.43592367524892,0.027913803458898177,0.02451092659378766,0.0077462648959452695,0.012653672956972428,1983.6249999999893,2009.1249999999661,
FaIR_anthro_unB,43/1_ERF_FaIR,c,1.8494261405139782,0.024291215499571858,24,0,0.48624098316858133,0.48624098316858133,2.0793839700155043,0.029009117748020626,0.003974122604598165,189.2239412714109,189.2239412714109,0.029009117748020626,0.024266018960062485,0.003974122604598166,0.008243624724726631,1983.2916666666563,2009.5416666666324,
