method_name,method_class,c/r,smooth_r,avg_unc.(1se),#q<0.5,#q<0.1,q_min,q_small5,log-likeli,RMS,bias,tlog-l,100log-l,100RMS,75RMS,100bias,bias50,xyear0.5,xyear1.0,xyear1.5
cent20y,42/1_Run_Means,r,1.0,0.032682807815704894,0,0,1.0,1.0,2.514589912074343,0.0,0.0,389.7614363715232,232.66585528520307,0.0,0.0,0.0,0.0,1984.0416666666556,2009.2916666666326,
GWI_anthro_CGWL,43/3_Human_Induced,c,2.3108623096987517,0.09013787357076836,0,0,0.9784368080261662,0.9784368080261662,1.2205894294254136,0.07472978170344066,0.02527173051156054,86.66184948920437,86.66184948920437,0.07472978170344065,0.07472978170344065,0.02527173051156054,0.06651122699885248,1979.958333333326,2006.8749999999682,
GWI_anthro_SR15,43/3_Human_Induced,c,2.1204720858160093,0.08038119463772282,0,0,0.9809568279996721,0.9809568279996721,1.3258873098014607,0.06342840533072319,0.01946891632187885,94.13799899590371,94.1379989959037,0.06342840533072319,0.06342840533072319,0.019468916321878853,0.04873522424434904,1982.7083333333235,2006.0416666666356,
GWI_anthro,43/3_Human_Induced,c,2.3074357751453998,0.08439274074139115,0,0,0.9996256759492552,0.9996256759492552,1.2841517792947188,0.06760311251908845,0.021574797750534624,91.17477632992504,91.17477632992504,0.06760311251908846,0.06760311251908845,0.021574797750534624,0.05637243363916229,1981.5416666666579,2008.0416666666338,
FaIR_nonat_unB,43/1_ERF_FaIR,c,2.1848298390966767,0.02489555022681263,17,1,0.02758481471934415,0.28854538248117323,1.6600035226160033,0.03395572044630059,-0.009585776883568884,151.0603205580563,151.06032055805633,0.03395572044630059,0.030231855669722665,-0.009585776883568882,-0.010608769134211498,1985.8749999999873,2009.9583333332987,
