method_name,method_class,c/r,smooth_r,avg_unc.(1se),#q<0.5,#q<0.1,q_min,q_small5,log-likeli,RMS,bias,tlog-l,100log-l,100RMS,75RMS,100bias,bias50,xyear0.5,xyear1.0,xyear1.5
cent20y,42/1_Run_Means,r,1.0,0.03224093926952945,0,0,1.0,1.0,2.527916555977199,0.0,0.0,391.82706617646585,233.56850019824054,0.0,0.0,0.0,0.0,1984.8749999999882,2009.8749999999654,
GWI_anthro_CGWL,43/3_Human_Induced,c,2.4879573380995077,0.09048931798965061,0,0,0.8138089132733822,0.8138089132733822,1.128171249136912,0.0836696845464387,0.010844069100322255,80.10015868872075,80.10015868872077,0.0836696845464387,0.0836696845464387,0.010844069100322255,0.06213348997004264,1980.7083333333253,2008.6249999999666,
GWI_anthro_SR15,43/3_Human_Induced,c,2.240963131683378,0.08086153513583912,0,0,0.9362700618096942,0.9362700618096942,1.260022732937357,0.07031221988427361,0.005572238609045903,89.46161403855236,89.46161403855237,0.07031221988427362,0.07031221988427362,0.005572238609045903,0.044386631625324136,1983.541666666656,2008.8749999999663,
GWI_anthro,43/3_Human_Induced,c,2.4612444881905318,0.08482768356773733,0,0,0.8792243241009392,0.8792243241009392,1.2014031089284531,0.07591470764587463,0.007661571978681896,85.29962073392018,85.29962073392018,0.07591470764587464,0.07591470764587463,0.0076615719786818975,0.05207835043439663,1982.4583333333237,2009.2916666666326,
FaIR_nonat_unB,43/1_ERF_FaIR,c,4.335007307233269,0.024637418390895557,60,37,9.963048877475478e-22,2.0171377765974853e-20,-1046.471734165655,0.34772292869653537,0.2088636268320276,-95228.92780907461,-95228.92780907461,0.34772292869653537,0.24869048344052083,0.20886362683202767,-0.0043896702324838855,1986.2083333333203,2010.8749999999645,
