method_name,method_class,c/r,smooth_r,avg_unc.(1se),#q<0.5,#q<0.1,q_min,q_small5,log-likeli,RMS,bias,tlog-l,100log-l,100RMS,75RMS,100bias,bias50,xyear0.5,xyear1.0,xyear1.5
cent20y,42/1_Run_Means,r,1.0,0.029549623862396512,0,0,1.0,1.0,2.614745127680968,0.0,0.0,405.28549479055005,235.79146570266664,0.0,0.0,0.0,0.0,1983.4583333333164,2010.3749999999586,
lowess1dg20wnc,42/3_ST_Fits,c,3.3254667943907177,0.165419406308422,0,0,0.9939683141088084,0.9939683141088084,0.8216839363430095,0.052310987752861575,-0.014984338050606753,127.36101013316647,57.86111763467032,0.05385031003409007,0.04701050745948226,-0.01710673783062144,-0.036577420631047894,1984.3749999999823,2014.1249999999552,
Kal_flexLin,42/5_Kalman,c,4.57315248471699,0.05317657451406971,1,0,0.4075087735370607,0.7889234900413282,1.5669650357600304,0.05038927331054103,-0.010227798033676962,242.87958054280472,138.71059006687125,0.051665118699712735,0.042082125079106164,-0.01207253992114941,-0.026292651791364495,1982.374999999984,2014.2083333332885,
GAM_AR1,42/4_GAM_AR1,c,5.421913097453162,0.04898807249497708,24,9,4.239067566329006e-08,0.004076600383751145,0.9651000186617329,0.06136158651673542,-0.010450710205954535,131.25360253799568,52.25923582133217,0.06944517504637915,0.047947825866767116,-0.0236876311575202,-0.034590896854647425,1982.7916666666504,2014.041666666622,
CGWL10y_sfUKCP,44/44_EarthModel_CGWL,c,5.972961922247973,0.05030253126976952,0,0,0.8908474576271186,0.8908474576271186,1.5817569506742972,0.048422139876551536,0.007805391065757498,230.9365147984474,139.38625307061355,0.047854217673750116,0.0404418380151501,0.0022215579192489733,0.009968709970927274,1983.0416666666501,2013.1249999999561,
