method_name,method_class,c/r,smooth_r,avg_unc.(1se),#q<0.5,#q<0.1,q_min,q_small5,log-likeli,RMS,bias,tlog-l,100log-l,100RMS,75RMS,100bias,bias50,xyear0.5,xyear1.0,xyear1.5
cent20y,42/1_Run_Means,r,1.0,0.027538787603032435,0,0,1.0,1.0,2.6864766206568373,0.0,0.0,416.4038762018098,242.21340499086128,0.0,0.0,0.0,0.0,1984.291666666649,2010.1249999999588,
lowess1dg20wnc,42/3_ST_Fits,c,3.6551675936227435,0.17423000013533912,0,0,0.9993700615492201,0.9993700615492201,0.7754167682720513,0.05017520936816288,-0.014663473673389176,120.18959908216794,55.47132984298441,0.05007067419098067,0.050252409093005095,-0.015379999969520712,-0.041934292390494655,1986.9583333333132,2013.4583333332891,
Kal_flexLin,42/5_Kalman,c,4.867326886328914,0.05317657451406971,0,0,0.8748110834989269,0.8748110834989269,1.6372895874719786,0.046919598288138124,-0.011541374645912492,253.77988605815668,151.3126102614309,0.0446728204074757,0.045572008968570575,-0.010348883340040594,-0.02947217339445988,1986.3749999999804,2013.7916666666222,
GAM_AR1,42/4_GAM_AR1,c,7.488969731276738,0.04421738726813453,25,4,0.004495975885939257,0.1642627799408437,1.3242074978067189,0.05377913586620696,-0.008228425862635764,180.09221970171376,111.55760903398195,0.054851022031380044,0.049260443232313725,-0.016817449622131525,-0.030830239819577342,1986.3749999999804,2013.6249999999557,
CGWL10y_sfUKCP,44/44_EarthModel_CGWL,c,6.631361197942314,0.05015324975454038,0,0,0.8726436781609195,0.8726436781609195,1.6332223255512044,0.04411532801694317,-0.0008344474071259996,238.45045953047583,154.35308761696808,0.03963477060302747,0.03857437911919788,0.0011339077357848646,0.004386245469808603,1985.6249999999811,2009.7916666666258,
