method_name,method_class,c/r,smooth_r,avg_unc.(1se),#q<0.5,#q<0.1,q_min,q_small5,log-likeli,RMS,bias,tlog-l,100log-l,100RMS,75RMS,100bias,bias50,xyear0.5,xyear1.0,xyear1.5
cent20y,42/1_Run_Means,r,1.0,0.026861246074700234,0,0,1.0,1.0,2.710545636891389,0.0,0.0,420.1345737181653,243.59146423704183,0.0,0.0,0.0,0.0,1988.2083333333185,2014.1249999999616,
GWI_anthro_CGWL,43/3_Human_Induced,c,2.890910606345528,0.08045582977682798,0,0,0.9933291719612842,0.9933291719612842,1.495152988422575,0.027917777716663345,-0.0025208768052739565,106.15586217800282,106.15586217800282,0.027917777716663345,0.027917777716663345,-0.0025208768052739565,-0.013063720805327436,1989.1249999999843,2015.9583333332932,
GWI_anthro_SR15,43/3_Human_Induced,c,2.6466166683200103,0.0725273396537472,0,0,0.9802592848325367,0.9802592848325367,1.4933019455652705,0.0420366750452482,0.002535539816779334,106.0244381351342,106.02443813513419,0.0420366750452482,0.0420366750452482,0.002535539816779334,-0.015953359414668463,1989.2083333333176,2016.208333333293,
GWI_anthro,43/3_Human_Induced,c,2.7821381400857086,0.07562730341030885,0,0,0.9779843209347197,0.9779843209347197,1.4975585718610351,0.036457738621055225,0.0013102328991105485,106.32665860213349,106.32665860213348,0.036457738621055225,0.036457738621055225,0.0013102328991105485,-0.013761045296837865,1989.1249999999843,2015.9583333332932,
FaIR_nonat_unB,43/1_ERF_FaIR,c,2.930429452279796,0.02839745365748142,42,0,0.2471188019587044,0.2471188019587044,1.4735333445624323,0.04356964616678996,0.0335338571390353,134.09153435518135,134.09153435518135,0.04356964616678996,0.04198841438017077,0.0335338571390353,0.021596603334466925,1988.4583333333183,2014.0416666666283,
FaIR_anthro_unB,43/1_ERF_FaIR,c,2.425850320851012,0.024201043906927837,68,29,0.09049501828725125,0.09049501828725125,0.3329810753831552,0.050174079067013135,0.04288601494693123,30.301277859867124,30.301277859867124,0.050174079067013135,0.05225188739378826,0.04288601494693122,0.03667354671203779,1986.791666666653,2013.7916666666285,
