method_name,method_class,c/r,smooth_r,avg_unc.(1se),#q<0.5,#q<0.1,q_min,q_small5,log-likeli,RMS,bias,tlog-l,100log-l,100RMS,75RMS,100bias,bias50,xyear0.5,xyear1.0,xyear1.5
cent20y,42/1_Run_Means,r,1.0,0.028959813651719814,0,0,1.0,1.0,2.638627325116011,0.0,0.0,408.9872353929817,239.24400643709276,0.0,0.0,0.0,0.0,1978.041666666661,2004.7083333333035,
GWI_anthro_CGWL,43/3_Human_Induced,c,2.586686946713938,0.07215513744534746,0,0,0.9843317021194111,0.9843317021194111,1.4008192032791213,0.057663284590272805,-0.047101427677188265,99.45816343281761,99.4581634328176,0.05766328459027281,0.05766328459027281,-0.047101427677188265,-0.06003704960348543,1982.7916666666567,2006.208333333302,
GWI_anthro_SR15,43/3_Human_Induced,c,2.362901728057586,0.06673951098181329,0,0,0.9955883649939121,0.9955883649939121,1.495611855765847,0.05053362571825575,-0.03474491302174581,106.18844175937514,106.18844175937514,0.05053362571825576,0.05053362571825576,-0.034744913021745795,-0.049715035172108776,1982.541666666657,2005.0416666666365,
GWI_anthro,43/3_Human_Induced,c,2.405898652556884,0.06871051872068104,0,0,0.9947476412165212,0.9947476412165212,1.4720517068155505,0.05229904795174648,-0.03875918591475373,104.51567118390409,104.51567118390409,0.05229904795174648,0.05229904795174648,-0.038759185914753726,-0.05337584401556309,1982.541666666657,2006.0416666666356,
FaIR_nonat_unB,43/1_ERF_FaIR,c,1.9250361230195816,0.02848231647372135,0,0,0.5388143366740276,0.5388143366740276,1.9325853515431004,0.03401742347799403,-0.020051910312783822,175.86526699042213,175.86526699042219,0.03401742347799403,0.03494028592325651,-0.020051910312783822,-0.010434845366241266,1979.7916666666595,2001.958333333306,
