method_name,method_class,c/r,smooth_r,avg_unc.(1se),#q<0.5,#q<0.1,q_min,q_small5,log-likeli,RMS,bias,tlog-l,100log-l,100RMS,75RMS,100bias,bias50,xyear0.5,xyear1.0,xyear1.5
cent20y,42/1_Run_Means,r,1.0,0.030156677065473265,0,0,1.0,1.0,2.59339808722299,0.0,0.0,401.97670351956344,236.91126137264285,0.0,0.0,0.0,0.0,1984.8749999999882,2010.2916666666317,
GWI_anthro_CGWL,43/3_Human_Induced,c,2.535814770395397,0.08064659960191549,0,0,0.9973030430757504,0.9973030430757504,1.473242084063056,0.041852308612717735,-0.0019013388528253921,104.60018796847697,104.60018796847699,0.04185230861271773,0.041852308612717735,-0.0019013388528253921,0.005836747922987431,1982.541666666657,2014.291666666628,
GWI_anthro_SR15,43/3_Human_Induced,c,2.3001487952634303,0.07309553302480272,0,0,0.9971753766253033,0.9971753766253033,1.5427560695409899,0.04021360066767423,-0.00027725229844067763,109.53568093741028,109.53568093741026,0.04021360066767423,0.04021360066767423,-0.0002772522984406779,0.0012858018992783972,1984.3749999999886,2014.1249999999616,
GWI_anthro,43/3_Human_Induced,c,2.414917899168648,0.07603500194469284,0,0,0.9898994019829191,0.9898994019829191,1.527887955279489,0.03992807444398844,-0.0008926259672082991,108.48004482484372,108.4800448248437,0.03992807444398844,0.03992807444398844,-0.0008926259672082993,0.003719629869983399,1983.1249999999898,2014.1249999999616,
FaIR_nonat_unB,43/1_ERF_FaIR,c,4.853998957904009,0.02807458097397229,48,39,6.752595058291527e-22,8.483730723590071e-20,-871.6397859025036,0.36119601582013305,0.22581015611890545,-79319.22051712783,-79319.22051712783,0.36119601582013305,0.26050248554828914,0.22581015611890545,0.010881307580962897,1984.9583333333214,2010.708333333298,
FaIR_anthro_unB,43/1_ERF_FaIR,c,4.665062112778857,0.025307500607467347,46,35,7.556613008910445e-26,1.0719751923284788e-24,-1314.8521194788436,0.33774834227133915,0.2041680748627686,-119651.54287257478,-119651.54287257479,0.33774834227133915,0.24540811731533876,0.20416807486276856,-0.0021455298471640526,1984.9583333333214,2011.5416666666306,
