method_name,method_class,c/r,smooth_r,avg_unc.(1se),#q<0.5,#q<0.1,q_min,q_small5,log-likeli,RMS,bias,tlog-l,100log-l,100RMS,75RMS,100bias,bias50,xyear0.5,xyear1.0,xyear1.5
cent20y,42/1_Run_Means,r,1.0,0.02789704342739599,0,0,1.0,1.0,2.673759718244236,0.0,0.0,414.43275632785657,236.17285509849307,0.0,0.0,0.0,0.0,1984.2083333333221,2010.7916666666313,
GWI_anthro_CGWL,43/3_Human_Induced,c,2.7008682714599783,0.08188927316463054,0,0,0.9945221842827743,0.9945221842827743,1.4861116955989695,0.04187359384793395,0.015335929910863912,105.51393038752684,105.51393038752686,0.041873593847933946,0.04187359384793395,0.015335929910863912,0.028231243452453397,1982.0416666666574,2012.624999999963,
GWI_anthro_SR15,43/3_Human_Induced,c,2.488303496046393,0.07361213291140324,0,0,0.986841390506771,0.986841390506771,1.5046136293409695,0.04622187781539643,0.014783443140232512,106.82756768320884,106.82756768320885,0.04622187781539643,0.04622187781539643,0.014783443140232512,0.018340159936794498,1983.541666666656,2012.7083333332962,
GWI_anthro,43/3_Human_Induced,c,2.6163120046101307,0.07694675318372658,0,0,0.9989752013977213,0.9989752013977213,1.5062655025630276,0.043306695509343796,0.015245479575048522,106.94485068197496,106.94485068197496,0.043306695509343796,0.043306695509343796,0.015245479575048519,0.023080085404522267,1982.7083333333235,2012.7916666666295,
FaIR_nonat_unB,43/1_ERF_FaIR,c,2.3263708324656602,0.027890538265131812,12,0,0.43281807372175973,0.43281807372175984,1.8870104436719026,0.03456074335674831,0.014282164892608435,171.71795037414313,171.71795037414313,0.03456074335674831,0.030538669698396928,0.014282164892608435,0.022131025377611902,1983.7083333333226,2010.8749999999645,
FaIR_anthro_unB,43/1_ERF_FaIR,c,2.141378609898859,0.024158777943517243,39,0,0.31569436002796525,0.3895362663495838,1.832231674776218,0.0340254712581182,0.012876648551786446,166.73308240463584,166.7330824046358,0.0340254712581182,0.027434849709606256,0.012876648551786446,0.02077203428914091,1983.208333333323,2011.2083333332976,
