method_name,method_class,c/r,smooth_r,avg_unc.(1se),#q<0.5,#q<0.1,q_min,q_small5,log-likeli,RMS,bias,tlog-l,100log-l,100RMS,75RMS,100bias,bias50,xyear0.5,xyear1.0,xyear1.5
cent20y,42/1_Run_Means,r,1.0,0.02814634766426417,0,0,1.0,1.0,2.666315317494549,0.0,0.0,413.2788742116551,242.99338991076795,0.0,0.0,0.0,0.0,1984.3749999999823,2010.4583333332919,
lowess1dg20wnc,42/3_ST_Fits,c,3.7166875032857463,0.1558940657266075,0,0,0.9976345262309708,0.9976345262309708,0.8574880983700192,0.051025747797262176,-0.017668505103137416,132.91065524735296,64.65138421787027,0.04477843492635803,0.0418560164002394,-0.015419084526639103,-0.03569425553647958,1986.7916666666467,2013.708333333289,
Kal_flexLin,42/5_Kalman,c,5.043056846109613,0.05317657451406971,0,0,0.9359911994337418,0.9359911994337418,1.6504204894264338,0.0462431887515638,-0.009387959906102215,255.81517586109723,153.94596404011713,0.04306853366633732,0.03726925319343846,-0.010862491437285762,-0.02539273354129513,1986.4583333333137,2014.041666666622,
GAM_AR1,42/4_GAM_AR1,c,5.523455114333233,0.048438731027463676,16,8,0.0017212156691619443,0.03650308744500471,1.2917160528067668,0.05412493229106288,-0.015890742507731915,175.67338318172028,106.8013841360458,0.057537787911327166,0.04570509578083234,-0.02254620327603066,-0.039861602951618946,1987.1249999999798,2013.5416666666224,
CGWL10y_sfUKCP,44/44_EarthModel_CGWL,c,6.054010995907861,0.0504441641751797,0,0,0.8931764705882353,0.8931764705882353,1.6513724068596847,0.046009501595356966,0.010498515529897069,241.10037140151397,142.72365982821663,0.04675392882185603,0.04294299412531068,0.005085035811298754,0.009628595682740212,1985.7916666666476,2013.1249999999561,
