method_name,method_class,c/r,smooth_r,avg_unc.(1se),#q<0.5,#q<0.1,q_min,q_small5,log-likeli,RMS,bias,tlog-l,100log-l,100RMS,75RMS,100bias,bias50,xyear0.5,xyear1.0,xyear1.5
cent20y,42/1_Run_Means,r,1.0,0.028511112706175408,0,0,1.0,1.0,2.657327204853948,0.0,0.0,411.88571675236193,241.88265188078995,0.0,0.0,0.0,0.0,1984.2083333333221,2010.2083333332985,
GWI_anthro_CGWL,43/3_Human_Induced,c,2.715664678725427,0.07219712667674093,0,0,0.8065170415951928,0.8065170415951928,1.3205478854361756,0.0631195114496897,-0.05546458538412692,93.75889986596847,93.75889986596849,0.0631195114496897,0.0631195114496897,-0.05546458538412692,-0.06263875766299914,1987.2083333333194,2015.208333333294,
GWI_anthro_SR15,43/3_Human_Induced,c,2.4819548368034434,0.06689979686821451,0,0,0.9721131987755152,0.9721131987755152,1.4300492916077472,0.05611899658469899,-0.04364307905462037,101.53349970415005,101.53349970415005,0.056118996584698995,0.056118996584698995,-0.04364307905462037,-0.05427396623346333,1987.0416666666529,2015.208333333294,
GWI_anthro,43/3_Human_Induced,c,2.5286261524408906,0.06883460173716922,0,0,0.9416965938666342,0.9416965938666342,1.4067198024391208,0.057674620596048554,-0.047331831774867224,99.87710597317758,99.87710597317758,0.057674620596048554,0.057674620596048554,-0.047331831774867224,-0.056903739955962644,1986.9583333333196,2015.1249999999607,
FaIR_nonat_unB,43/1_ERF_FaIR,c,4.862200491288909,0.02794621441674365,52,36,5.789365377038526e-20,5.295851452713604e-19,-876.5202196832079,0.3643278244368136,0.22891198263443624,-79763.33999117192,-79763.3399911719,0.3643278244368136,0.2715612004892766,0.2289119826344362,0.010040890819784525,1984.2083333333221,2011.5416666666306,
FaIR_anthro_unB,43/1_ERF_FaIR,c,4.9038712392373,0.024126106955608892,53,36,2.045638740239972e-26,1.0078483394125194e-24,-1466.1604830843735,0.3448140987445187,0.21561856048631314,-133420.60396067798,-133420.60396067798,0.3448140987445187,0.2589308406384943,0.21561856048631312,0.004641737527387564,1983.874999999989,2011.8749999999636,
