method_name,method_class,c/r,smooth_r,avg_unc.(1se),#q<0.5,#q<0.1,q_min,q_small5,log-likeli,RMS,bias,tlog-l,100log-l,100RMS,75RMS,100bias,bias50,xyear0.5,xyear1.0,xyear1.5
cent20y,42/1_Run_Means,r,1.0,0.02875146747529464,0,0,1.0,1.0,2.6460212716187113,0.0,0.0,410.1332971009002,240.7100966910759,0.0,0.0,0.0,0.0,1974.7083333333308,2002.3749999999723,
GWI_anthro_CGWL,43/3_Human_Induced,c,2.6883688053725385,0.07174075943476779,0,0,0.8836274587542252,0.8836274587542252,1.3306431705736879,0.06486790742811809,-0.05496276535062562,94.47566511073184,94.47566511073184,0.06486790742811809,0.06486790742811809,-0.05496276535062562,-0.07484529907181228,1979.958333333326,2004.541666666637,
GWI_anthro_SR15,43/3_Human_Induced,c,2.4603899519862638,0.06623655257970369,0,0,0.9982799122841902,0.9982799122841902,1.4912046989315715,0.051344087320728204,-0.038381048155114096,105.87553362414157,105.87553362414155,0.0513440873207282,0.051344087320728204,-0.03838104815511408,-0.056954910884431144,1979.0416666666601,2003.1249999999716,
GWI_anthro,43/3_Human_Induced,c,2.5711403218716042,0.06822438566374492,0,0,0.982114415232127,0.982114415232127,1.43861668516095,0.056056637797307476,-0.04400908615409915,102.14178464642745,102.14178464642744,0.05605663779730748,0.05605663779730748,-0.04400908615409915,-0.06374305570221031,1979.2083333333267,2004.1249999999707,
FaIR_nonat_unB,43/1_ERF_FaIR,c,2.0856272566062577,0.029015280512787938,63,0,0.1498216409036861,0.1498216409036861,1.2122242748559509,0.04827101067345196,-0.032912231922137734,110.31240901189153,110.3124090118915,0.04827101067345196,0.05013867564644402,-0.032912231922137734,-0.011237296661138504,1977.708333333328,2000.2916666666408,2022.4583333332873
