method_name,method_class,c/r,smooth_r,avg_unc.(1se),#q<0.5,#q<0.1,q_min,q_small5,log-likeli,RMS,bias,tlog-l,100log-l,100RMS,75RMS,100bias,bias50,xyear0.5,xyear1.0,xyear1.5
cent20y,42/1_Run_Means,r,1.0,0.029290156352373073,0,0,1.0,1.0,2.6347866460837426,0.0,0.0,408.39193014298013,242.66179278326484,0.0,0.0,0.0,0.0,1984.6249999999884,2010.6249999999648,
GWI_anthro_CGWL,43/3_Human_Induced,c,2.6085754012068443,0.0767178476175054,46,0,0.2677770503983074,0.2677770503983074,0.7353662605166933,0.10642605209723412,-0.08563024315900218,52.21100449668523,52.211004496685234,0.10642605209723412,0.10642605209723412,-0.08563024315900218,-0.12793257630177773,1990.29166666665,2017.4583333332919,
GWI_anthro_SR15,43/3_Human_Induced,c,2.3600352771615722,0.06956808878661438,11,0,0.26623562567386994,0.26623562567386994,0.9821783685416204,0.08582113680677561,-0.06295539345544605,69.73466416645505,69.73466416645508,0.08582113680677561,0.08582113680677561,-0.06295539345544604,-0.1011774234445945,1989.5416666666506,2016.874999999959,
GWI_anthro,43/3_Human_Induced,c,2.4990023477358876,0.07221626985993507,29,0,0.2931865339057579,0.2931865339057579,0.8896616516159236,0.09338959306104047,-0.07045958257716192,63.16597726473058,63.165977264730586,0.09338959306104046,0.09338959306104046,-0.07045958257716192,-0.11123276786351417,1989.7916666666504,2016.9583333332923,
FaIR_nonat_unB,43/1_ERF_FaIR,c,4.836353346440719,0.027911904214687786,56,38,1.607858040961344e-23,1.0085984775558152e-21,-991.4055334063544,0.3787962125215426,0.23260833945793655,-90217.90353997824,-90217.90353997826,0.3787962125215426,0.2840263957021453,0.23260833945793655,0.003094400138045497,1985.2916666666545,2011.7916666666304,
FaIR_anthro_unB,43/1_ERF_FaIR,c,4.618013439271426,0.025451836404889027,75,35,5.785321670879639e-28,1.2173031047440108e-26,-1514.4029555114478,0.3542147756149153,0.20918153801589162,-137810.66895154174,-137810.66895154174,0.3542147756149153,0.2700233803641013,0.2091815380158916,-0.012374890047143537,1985.8749999999873,2012.3749999999632,
