method_name,method_class,c/r,smooth_r,avg_unc.(1se),#q<0.5,#q<0.1,q_min,q_small5,log-likeli,RMS,bias,tlog-l,100log-l,100RMS,75RMS,100bias,bias50,xyear0.5,xyear1.0,xyear1.5
cent20y,42/1_Run_Means,r,1.0,0.03092609256981823,0,0,1.0,1.0,2.570781009289289,0.0,0.0,398.4710564398398,235.32952434282572,0.0,0.0,0.0,0.0,1980.0416666666529,2005.624999999963,
lowess1dg20wnc,42/3_ST_Fits,c,3.4459383721829657,0.0589727652808873,7,0,0.2766445851590007,0.3953375042619135,1.3825538643076285,0.05639204315576461,-0.011052300649898542,214.29584896768242,131.0741683542402,0.0515097502479778,0.05029913002149393,-0.013029420678413908,-0.03802799229914917,1982.2083333333176,2005.4583333332964,
Kal_flexLin,42/5_Kalman,c,4.916702540667358,0.05317657451406971,7,0,0.3635234992895649,0.3635234992895649,1.4815040895123934,0.054709200053328716,-0.011143193989611038,229.633133874421,146.63865065329736,0.04738671700314951,0.042155413564767256,-0.008573283842038613,-0.02596811446476368,1980.4583333333192,2005.0416666666301,
GAM_AR1,42/4_GAM_AR1,c,7.822832802364229,0.05804987778589246,16,0,0.33114433065265214,0.33114433065265214,1.3138594745675112,0.060733599784964266,-0.01131799006461381,178.68488854118152,138.028400728826,0.05032282691904773,0.04690628258411964,-0.01032282491147129,-0.02925617839811941,1980.4583333333192,2005.1249999999634,
CGWL10y_sfUKCP,44/44_EarthModel_CGWL,c,5.8006797532543315,0.05099021099027126,0,0,0.9733333333333333,0.9733333333333333,1.659161114677645,0.04236150357881812,-0.004630623990474305,242.23752274293616,146.96282206082464,0.042218676438116914,0.035303621878958656,-0.007363691689488609,-0.002357081874418235,1980.1249999999861,2004.374999999964,
