method_name,method_class,c/r,smooth_r,avg_unc.(1se),#q<0.5,#q<0.1,q_min,q_small5,log-likeli,RMS,bias,tlog-l,100log-l,100RMS,75RMS,100bias,bias50,xyear0.5,xyear1.0,xyear1.5
cent20y,42/1_Run_Means,r,1.0,0.032249580584353905,0,0,1.0,1.0,2.530592171469427,0.0,0.0,392.24178657776116,233.04387189093563,0.0,0.0,0.0,0.0,1982.208333333324,2009.1249999999661,
GWI_anthro_CGWL,43/3_Human_Induced,c,2.382964935211577,0.09259866066985202,0,0,0.7446920652221952,0.7446920652221952,1.0546402430623785,0.09139945523387082,0.010231364415150995,74.87945725742887,74.87945725742888,0.09139945523387083,0.09139945523387083,0.010231364415150995,0.06481322831080692,1979.7916666666595,2006.1249999999688,
GWI_anthro_SR15,43/3_Human_Induced,c,2.1725135409092786,0.08314540206149397,0,0,0.8405596962530065,0.8405596962530065,1.1842750306838863,0.07763056306072728,0.0042355690429595454,84.08352717855593,84.08352717855593,0.07763056306072728,0.07763056306072728,0.004235569042959545,0.04744499471065199,1982.4583333333237,2004.9583333333032,
GWI_anthro,43/3_Human_Induced,c,2.4092003106246764,0.08701172353944275,0,0,0.7429201086087422,0.7429201086087422,1.1273031367946174,0.08334559081479707,0.006401258181692128,80.03852271241783,80.03852271241783,0.08334559081479707,0.08334559081479707,0.0064012581816921274,0.054861869778273634,1981.1249999999916,2006.9583333333014,
FaIR_nonat_unB,43/1_ERF_FaIR,c,1.744405857675338,0.0246208420313453,42,0,0.21576763485477177,0.21576763485477177,1.588443841939589,0.037753981422936414,-0.01565223788086414,144.5483896165026,144.5483896165026,0.037753981422936414,0.034318123932702636,-0.01565223788086414,-0.0016103643638041795,1984.791666666655,2009.9583333332987,
