method_name,method_class,c/r,smooth_r,avg_unc.(1se),#q<0.5,#q<0.1,q_min,q_small5,log-likeli,RMS,bias,tlog-l,100log-l,100RMS,75RMS,100bias,bias50,xyear0.5,xyear1.0,xyear1.5
cent20y,42/1_Run_Means,r,1.0,0.02998853050581312,0,0,1.0,1.0,2.5991713629806847,0.0,0.0,402.87156126200614,237.0095769158985,0.0,0.0,0.0,0.0,1985.3749999999814,2011.124999999958,
lowess1dg20wnc,42/3_ST_Fits,c,3.5974590007326843,0.05643717832435756,5,0,0.29779867398071574,0.4876515427723123,1.4507995194996297,0.05281086068557858,-0.012081704464268343,224.8739255224426,143.5166831217858,0.04481787317290385,0.04130682485484989,-0.012674079911992786,-0.03952956443798931,1987.7083333333126,2013.708333333289,
Kal_flexLin,42/5_Kalman,c,4.818732997090286,0.05317657451406971,11,0,0.30654310995921674,0.30654310995921674,1.481058340614919,0.05429194494331704,-0.009984912962142541,229.56404279531242,149.30979453439596,0.04585541011797335,0.03892025219562739,-0.008746215938423384,-0.028490267103667283,1987.208333333313,2014.041666666622,
GAM_AR1,42/4_GAM_AR1,c,7.515930144129081,0.05414960357165543,32,0,0.10561082761837183,0.21372129291699443,1.1932884957488568,0.06659745901606208,-0.013243682989770434,162.2872354218445,128.75560250999206,0.05417814778044765,0.05185877634869078,-0.014582726478731631,-0.04691909871269465,1989.3749999999777,2013.7916666666222,
CGWL10y_sfUKCP,44/44_EarthModel_CGWL,c,5.840301594737759,0.05032071801683595,0,0,0.98,0.98,1.6898469309171733,0.04269585711512487,-0.0005753925857241988,246.7176519139073,147.5531255370016,0.04455537808452863,0.0394459039093984,0.00010774434316827363,0.007541518764240291,1985.874999999981,2012.45833333329,
