method_name,method_class,c/r,smooth_r,avg_unc.(1se),#q<0.5,#q<0.1,q_min,q_small5,log-likeli,RMS,bias,tlog-l,100log-l,100RMS,75RMS,100bias,bias50,xyear0.5,xyear1.0,xyear1.5
cent20y,42/1_Run_Means,r,1.0,0.028734282858707265,0,0,1.0,1.0,2.6452369506965003,0.0,0.0,410.01172735795757,234.1856172151679,0.0,0.0,0.0,0.0,1985.791666666654,2012.7916666666295,
GWI_anthro_CGWL,43/3_Human_Induced,c,2.737448468025847,0.08324383708735711,0,0,0.9948872589490112,0.9948872589490112,1.4662719868543008,0.04306775803823978,0.01334955890345081,104.10531106665536,104.10531106665536,0.04306775803823978,0.043067758038239784,0.013349558903450812,0.02912534158176661,1983.2916666666563,2014.3749999999613,
GWI_anthro_SR15,43/3_Human_Induced,c,2.5457642733863817,0.07470318967905053,0,0,0.9777739144211602,0.9777739144211602,1.4816836685455406,0.04835479035753635,0.01274183070348718,105.19954046673338,105.1995404667334,0.04835479035753635,0.04835479035753635,0.012741830703487179,0.01807536023998674,1985.458333333321,2014.5416666666279,
GWI_anthro,43/3_Human_Induced,c,2.6834605682898554,0.0782223895027001,0,0,0.9934889178033693,0.9934889178033693,1.483827246243998,0.04546657059349575,0.013389242168765355,105.35173448332387,105.35173448332387,0.04546657059349575,0.04546657059349575,0.013389242168765357,0.023429225160257475,1983.874999999989,2014.3749999999613,
FaIR_nonat_unB,43/1_ERF_FaIR,c,2.1804934324573555,0.027751908684957912,2,0,0.42600131246162,0.5049544193420531,1.8837925731672964,0.034070100445653624,0.010858664965029501,171.42512415822398,171.42512415822398,0.03407010044565362,0.029569124642347788,0.010858664965029501,0.009673127876911453,1985.8749999999873,2013.1249999999625,
