method_name,method_class,c/r,smooth_r,avg_unc.(1se),#q<0.5,#q<0.1,q_min,q_small5,log-likeli,RMS,bias,tlog-l,100log-l,100RMS,75RMS,100bias,bias50,xyear0.5,xyear1.0,xyear1.5
cent20y,42/1_Run_Means,r,1.0,0.03215200468451718,0,0,1.0,1.0,2.5335168910473347,0.0,0.0,392.6951181123369,232.843593282644,0.0,0.0,0.0,0.0,1992.4583333333082,,
lowess1dg20wnc,42/3_ST_Fits,c,3.7934105487129877,0.06256274113414215,4,2,0.020037887279755116,0.5411594328782893,1.344113515491928,0.06095339059246916,-0.0035438774490586947,208.33759490124882,145.01327367062075,0.0442184677774649,0.04001666993980002,-0.01260153764753259,-0.038497048082880216,1994.958333333306,2016.958333333286,
Kal_flexLin,42/5_Kalman,c,5.374154894248329,0.05317657451406971,17,3,0.003755568569859304,0.22101157053336917,1.3925249874518189,0.057976229761205304,-0.007857758544687227,215.84137305503194,147.6498650259506,0.046812902888454314,0.04024910755445675,-0.010117139958505404,-0.02842018592390924,1990.6249999999766,2016.29166666662,
GAM_AR1,42/4_GAM_AR1,c,9.063521947746672,0.0707045021296743,4,0,0.10683539194547412,0.659896556148549,1.2294937629225229,0.0701595124714362,-0.008664205606096594,167.2111517574631,134.36622796946443,0.048498697801723,0.04149370514715396,-0.00989754442628681,-0.029332267592983886,1990.5416666666433,2016.0416666666201,
CGWL10y_sfUKCP,44/44_EarthModel_CGWL,c,6.4540024885750515,0.05057023097911189,0,0,0.8418018018018018,0.8418018018018018,1.5564691288130597,0.05010329436014199,0.007513161736581625,227.24449280670672,138.16606002089674,0.05061565872706081,0.043726516195341826,0.005743945510087162,0.00815424676798347,1991.6249999999757,2017.1249999999525,
