method_name,method_class,c/r,smooth_r,avg_unc.(1se),#q<0.5,#q<0.1,q_min,q_small5,log-likeli,RMS,bias,tlog-l,100log-l,100RMS,75RMS,100bias,bias50,xyear0.5,xyear1.0,xyear1.5
cent20y,42/1_Run_Means,r,1.0,0.03261256842012127,0,0,1.0,1.0,2.5188383536597083,0.0,0.0,390.41994481725476,232.45632259777608,0.0,0.0,0.0,0.0,1984.7083333333217,2010.2916666666317,
GWI_anthro_CGWL,43/3_Human_Induced,c,2.5585871077638447,0.08927164966850518,0,0,0.9779391687991723,0.9779391687991723,1.190136503579816,0.07695867923910828,0.015216816572045865,84.49969175416693,84.49969175416692,0.07695867923910828,0.07695867923910828,0.015216816572045865,0.059922624110982155,1980.7916666666586,2009.0416666666329,
GWI_anthro_SR15,43/3_Human_Induced,c,2.322638312253323,0.07989373424739671,0,0,0.9283606503625242,0.9283606503625242,1.2984206389902355,0.0665337851944134,0.010398083484952197,92.18786536830672,92.18786536830672,0.0665337851944134,0.0665337851944134,0.010398083484952195,0.043349826421422676,1983.4583333333228,2009.1249999999661,
GWI_anthro,43/3_Human_Induced,c,2.4660584323090866,0.08377546180305444,0,0,0.9750254193149562,0.9750254193149562,1.2574782744869368,0.07024512708286562,0.012258723535689874,89.28095748857251,89.28095748857251,0.07024512708286561,0.07024512708286561,0.012258723535689874,0.05057788837137584,1982.4583333333237,2009.4583333332992,
FaIR_nonat_unB,43/1_ERF_FaIR,c,4.394374814218986,0.024861720064993063,48,36,3.217298494673061e-23,1.1324094565428782e-21,-1110.559727654044,0.35606715627810137,0.22066659645152806,-101060.935216518,-101060.935216518,0.35606715627810137,0.25504458345346337,0.22066659645152806,0.005864395157648151,1985.5416666666542,2011.2083333332976,
FaIR_anthro_unB,43/1_ERF_FaIR,c,4.397258256080458,0.023182346819851447,55,45,1.309323498775357e-27,1.6877090673865438e-24,-1471.1571637495667,0.34080534806135937,0.22155700085843028,-133875.30190121057,-133875.30190121057,0.34080534806135937,0.24609600874987453,0.22155700085843028,0.019818031699931734,1984.1249999999889,2010.708333333298,
