method_name,method_class,c/r,smooth_r,avg_unc.(1se),#q<0.5,#q<0.1,q_min,q_small5,log-likeli,RMS,bias,tlog-l,100log-l,100RMS,75RMS,100bias,bias50,xyear0.5,xyear1.0,xyear1.5
cent20y,42/1_Run_Means,r,1.0,0.0282029858862352,0,0,1.0,1.0,2.6617644149165267,0.0,0.0,412.5734843120616,236.98317607710936,0.0,0.0,0.0,0.0,1985.0416666666547,2010.1249999999652,
GWI_anthro_CGWL,43/3_Human_Induced,c,2.598053647200712,0.08213997262048332,0,0,0.967915042715095,0.967915042715095,1.4089014839893077,0.04458807111528073,-0.01080211914768402,100.03200536324084,100.03200536324084,0.04458807111528072,0.04458807111528072,-0.01080211914768402,0.007592967135836773,1986.0416666666538,2009.2916666666326,
GWI_anthro_SR15,43/3_Human_Induced,c,2.4222340290667,0.07436731985352922,0,0,0.9701569493656056,0.9701569493656056,1.4288693312192502,0.047779900643238775,-0.008769008005228111,101.44972251656677,101.44972251656677,0.04777990064323877,0.04777990064323877,-0.008769008005228113,-0.002976623607702702,1986.45833333332,2009.708333333299,
GWI_anthro,43/3_Human_Induced,c,2.598780888562955,0.07757545938059347,0,0,0.9864252883238065,0.9864252883238065,1.4285079049471692,0.04548684155944332,-0.008666167821436109,101.42406125124901,101.42406125124901,0.04548684155944332,0.045486841559443325,-0.008666167821436109,0.0021818992866163792,1985.791666666654,2009.8749999999654,
FaIR_nonat_unB,43/1_ERF_FaIR,c,5.643860649129092,0.02841561466048643,43,35,1.3815816222967376e-16,4.7477823696149085e-15,-705.1820885283269,0.34863702522373163,0.22131763707283753,-64171.57005607775,-64171.57005607774,0.3486370252237316,0.27393821486729086,0.22131763707283747,0.008472640236065612,1985.7083333333208,2011.1249999999643,
