method_name,method_class,c/r,smooth_r,avg_unc.(1se),#q<0.5,#q<0.1,q_min,q_small5,log-likeli,RMS,bias,tlog-l,100log-l,100RMS,75RMS,100bias,bias50,xyear0.5,xyear1.0,xyear1.5
cent20y,42/1_Run_Means,r,1.0,0.029177031597040493,0,0,1.0,1.0,2.6347486060233853,0.0,0.0,408.38603393362473,241.24929510364473,0.0,0.0,0.0,0.0,1973.124999999997,2002.2916666666372,
GWI_anthro_CGWL,43/3_Human_Induced,c,2.6309236818598865,0.07085055420739161,0,0,0.9703922201841205,0.9703922201841205,1.4112837603497388,0.05602904042607782,-0.04284033295700564,100.20114698483145,100.20114698483144,0.056029040426077814,0.056029040426077814,-0.04284033295700565,-0.06173603369066022,1978.1249999999925,2003.4583333333028,
GWI_anthro_SR15,43/3_Human_Induced,c,2.3922576951149184,0.06543282516721158,0,0,0.9993427518542,0.9993427518542,1.5435787239821992,0.04543357468094498,-0.02719392377463718,109.59408940273615,109.59408940273616,0.04543357468094498,0.04543357468094498,-0.02719392377463718,-0.04479547969099441,1976.958333333327,2002.0416666666374,
GWI_anthro,43/3_Human_Induced,c,2.5298053104195293,0.06737126805738418,0,0,0.997037013071999,0.997037013071999,1.500126211984761,0.04892857298870148,-0.03255071159904222,106.50896105091803,106.50896105091805,0.04892857298870148,0.04892857298870148,-0.03255071159904222,-0.05118410072676026,1977.1249999999934,2002.6249999999702,
FaIR_nonat_unB,43/1_ERF_FaIR,c,2.083927584906841,0.028544639729252544,65,0,0.1000246389709498,0.1000246389709498,0.36835299830645307,0.05755127738045367,-0.03788801689158988,33.52012284588723,33.52012284588722,0.05755127738045367,0.05891299006645819,-0.03788801689158988,-0.010168001396430995,1976.7916666666604,2000.0416666666392,2022.3749999999523
