method_name,method_class,c/r,smooth_r,avg_unc.(1se),#q<0.5,#q<0.1,q_min,q_small5,log-likeli,RMS,bias,tlog-l,100log-l,100RMS,75RMS,100bias,bias50,xyear0.5,xyear1.0,xyear1.5
cent20y,42/1_Run_Means,r,1.0,0.030995872216289695,0,0,1.0,1.0,2.5683478180524038,0.0,0.0,398.0939117981226,235.2544057302946,0.0,0.0,0.0,0.0,1984.958333333315,2010.0416666666256,
lowess1dg20wnc,42/3_ST_Fits,c,3.6560448585617924,0.19682074655161647,0,0,0.9964316809428854,0.9964316809428854,0.6430545394584729,0.05658882903376929,-0.012066952617672997,99.6734536160633,44.82905329255824,0.050938873363107,0.04961625612326325,-0.013803943605559482,-0.03707152353368588,1987.1249999999798,2013.1249999999561,
Kal_flexLin,42/5_Kalman,c,4.7496547003343625,0.05317657451406971,10,0,0.1703229881883588,0.3707460568646417,1.4840941387196067,0.05460027286372757,-0.010796411127061013,230.03459150153904,147.2534418350446,0.04703868761615377,0.0435053828674823,-0.009420872750212675,-0.02578791266783117,1986.7083333333135,2013.6249999999557,
GAM_AR1,42/4_GAM_AR1,c,7.066878366901997,0.05567660575091242,21,2,0.021456172797639134,0.18562566193663763,1.1740342387095029,0.06527552456750856,-0.013466633538601327,159.6686564644924,112.89168883535898,0.0594083298279471,0.05032778985174155,-0.017669163788826835,-0.03434083295995307,1986.87499999998,2013.1249999999561,
CGWL10y_sfUKCP,44/44_EarthModel_CGWL,c,5.9279602508650004,0.05023869023688378,0,0,0.9733333333333333,0.9733333333333333,1.7030316374755372,0.041442120844768414,-0.002128576688277928,248.64261907142844,150.5970303883696,0.04143974378021713,0.03721537614053814,-0.005876985023364789,9.959298818106415e-05,1986.1249999999807,2009.874999999959,
