method_name,method_class,c/r,smooth_r,avg_unc.(1se),#q<0.5,#q<0.1,q_min,q_small5,log-likeli,RMS,bias,tlog-l,100log-l,100RMS,75RMS,100bias,bias50,xyear0.5,xyear1.0,xyear1.5
cent20y,42/1_Run_Means,r,1.0,0.031194540547683478,0,0,1.0,1.0,2.5633441698385444,0.0,0.0,397.3183463249744,234.92766148685251,0.0,0.0,0.0,0.0,1985.0416666666547,2010.2916666666317,
GWI_anthro_CGWL,43/3_Human_Induced,c,2.334932615078976,0.08429616209637013,0,0,0.8607388154907827,0.8607388154907827,1.1611160243461816,0.07120220496623686,-0.028868302442736735,82.43923772857889,82.43923772857889,0.07120220496623686,0.07120220496623686,-0.02886830244273674,0.00829807122448167,1986.124999999987,2009.6249999999657,
GWI_anthro_SR15,43/3_Human_Induced,c,2.179664191877304,0.07692672381708562,0,0,0.7974356612896184,0.7974356612896184,1.2695663669753308,0.06536790766159914,-0.02776880375410904,90.13921205524848,90.13921205524848,0.06536790766159914,0.06536790766159914,-0.027768803754109037,-0.001928326308208153,1986.6249999999866,2009.9583333332987,
GWI_anthro,43/3_Human_Induced,c,2.3648225421704527,0.07996875063092597,0,0,0.7786149145726511,0.7786149145726511,1.242966619531456,0.06655914576971363,-0.027529455902502664,88.25062998673337,88.25062998673337,0.06655914576971364,0.06655914576971364,-0.027529455902502664,0.002957161285887355,1985.9583333333205,2010.2916666666317,
FaIR_nonat_unB,43/1_ERF_FaIR,c,4.382356741918697,0.02602403231014179,42,35,6.7601182743018765e-22,5.776464175171013e-19,-982.8044462897507,0.3509623579605494,0.21974526406751227,-89435.2046123673,-89435.20461236729,0.3509623579605494,0.2641960574704325,0.2197452640675123,0.0040279380011925365,1986.124999999987,2011.041666666631,
