method_name,method_class,c/r,smooth_r,avg_unc.(1se),#q<0.5,#q<0.1,q_min,q_small5,log-likeli,RMS,bias,tlog-l,100log-l,100RMS,75RMS,100bias,bias50,xyear0.5,xyear1.0,xyear1.5
cent20y,42/1_Run_Means,r,1.0,0.03169350683629165,0,0,1.0,1.0,2.5462620925808044,0.0,0.0,394.6706243500247,233.71234542301508,0.0,0.0,0.0,0.0,1985.0416666666483,2010.6249999999584,
lowess1dg20wnc,42/3_ST_Fits,c,3.688152498102952,0.06331430932081271,0,0,0.7880783164975816,0.7880783164975816,1.409153474300173,0.05763596488719933,-0.01331112146787009,218.41878851652683,124.65338430595087,0.056799578029260854,0.0539574624231622,-0.013382534423403748,-0.03651620981611053,1987.3749999999795,2013.2083333332894,
Kal_flexLin,42/5_Kalman,c,5.265836328433698,0.05317657451406971,7,0,0.29029194153776655,0.29029194153776655,1.4703172957875987,0.05488514310568751,-0.00933130182526891,227.8991808470778,135.78668533011,0.05315616412021091,0.04610171754247654,-0.008723919002917746,-0.0237721318117792,1986.9583333333132,2013.7916666666222,
GAM_AR1,42/4_GAM_AR1,c,4.866923392770678,0.05636842685643621,15,3,0.004321564477342696,0.14449871411047624,1.1887489959064752,0.06306477315150306,-0.008000015453357406,161.66986344328063,94.94780894911875,0.06713690154776282,0.05407901958242976,-0.018208794376971153,-0.03161909596649532,1987.1249999999798,2013.374999999956,
CGWL10y_sfUKCP,44/44_EarthModel_CGWL,c,5.967909276988993,0.04990741916962208,0,0,0.9521739130434783,0.9521739130434783,1.7056046783305285,0.042453616291407245,0.0030340655498902903,249.01828303625717,151.12210480352678,0.042026582298431855,0.031310784715539546,-0.001432313512751266,0.0058421575040054265,1985.874999999981,2009.874999999959,
