method_name,method_class,c/r,smooth_r,avg_unc.(1se),#q<0.5,#q<0.1,q_min,q_small5,log-likeli,RMS,bias,tlog-l,100log-l,100RMS,75RMS,100bias,bias50,xyear0.5,xyear1.0,xyear1.5
cent20y,42/1_Run_Means,r,1.0,0.026863337879081736,0,0,1.0,1.0,2.7104665005064486,0.0,0.0,420.12230757849954,243.58144624302932,0.0,0.0,0.0,0.0,1984.5416666666551,2010.6249999999648,
GWI_anthro_CGWL,43/3_Human_Induced,c,2.8899212098256,0.08045582977612285,0,0,0.9986939896387277,0.9986939896387277,1.491442995467276,0.028496888295276426,-0.006255664874180809,105.8924526781766,105.89245267817658,0.028496888295276426,0.028496888295276426,-0.006255664874180809,-0.016822438021540265,1986.124999999987,2013.958333333295,
GWI_anthro_SR15,43/3_Human_Induced,c,2.645733285957252,0.07252733974529836,0,0,0.9828059381638908,0.9828059381638908,1.4925443590270089,0.041975475036605245,-0.0012003164776848527,105.97064949091762,105.97064949091762,0.041975475036605245,0.041975475036605245,-0.0012003164776848527,-0.01971480606640531,1986.3749999999868,2014.1249999999616,
GWI_anthro,43/3_Human_Induced,c,2.781119786607603,0.07562730355086515,0,0,0.9774691957777091,0.9774691957777091,1.4961543733953637,0.03651223158396875,-0.002424600204313555,106.22696051107083,106.22696051107084,0.03651223158396875,0.03651223158396875,-0.002424600204313555,-0.01752198736682419,1986.0416666666538,2014.0416666666283,
FaIR_nonat_unB,43/1_ERF_FaIR,c,5.5875050185750155,0.028457115304185997,49,38,1.0236811695829186e-16,3.5190020059340723e-16,-708.2770211193972,0.34272114837987444,0.22237076724623137,-64453.208921865145,-64453.20892186514,0.3427211483798745,0.2600426832165306,0.22237076724623137,0.01782455665394847,1985.2083333333212,2011.041666666631,
FaIR_anthro_unB,43/1_ERF_FaIR,c,5.052513091131816,0.024187536333061317,72,54,4.569919974300792e-24,7.342551845621404e-22,-1227.2262813920552,0.3287307782007631,0.22465943180287765,-111677.59160667703,-111677.59160667703,0.3287307782007631,0.25213780003713054,0.22465943180287765,0.03292595159788905,1980.2083333333258,2010.8749999999645,
