method_name,method_class,c/r,smooth_r,avg_unc.(1se),#q<0.5,#q<0.1,q_min,q_small5,log-likeli,RMS,bias,tlog-l,100log-l,100RMS,75RMS,100bias,bias50,xyear0.5,xyear1.0,xyear1.5
cent20y,42/1_Run_Means,r,1.0,0.029126427791077592,0,0,1.0,1.0,2.6343624125572447,0.0,0.0,408.32617394637293,240.36662065391462,0.0,0.0,0.0,0.0,1984.458333333322,2010.708333333298,
GWI_anthro_CGWL,43/3_Human_Induced,c,2.6744451285460644,0.07273922321638482,0,0,0.7398844952468645,0.7398844952468645,1.2879264627817386,0.06501311619088657,-0.05109613040164729,91.44277885750344,91.44277885750343,0.06501311619088657,0.06501311619088657,-0.05109613040164729,-0.07199228900572682,1987.374999999986,2016.208333333293,
GWI_anthro_SR15,43/3_Human_Induced,c,2.4164307666656746,0.06695198671049242,0,0,0.9327952762263491,0.9327952762263491,1.4380614545627206,0.0535472845103507,-0.03555335480779663,102.10236327395316,102.10236327395316,0.0535472845103507,0.0535472845103507,-0.03555335480779662,-0.05459223568086347,1986.9583333333196,2015.7916666666267,
GWI_anthro,43/3_Human_Induced,c,2.534123940076385,0.06902190990688144,0,0,0.8826678947120312,0.8826678947120312,1.3891032701772696,0.05750741358277043,-0.040962761587963144,98.62633218258614,98.62633218258614,0.05750741358277043,0.05750741358277043,-0.04096276158796314,-0.06117368066937413,1987.1249999999861,2015.87499999996,
FaIR_nonat_unB,43/1_ERF_FaIR,c,5.934678569186256,0.02906695185824102,70,51,3.5399630782154e-24,2.623615291253603e-22,-1103.9513397792593,0.40495905094645257,0.2326357582435299,-100459.5719199126,-100459.57191991262,0.40495905094645257,0.2893969194418429,0.2326357582435299,-0.0150864592151019,1986.2083333333203,2012.1249999999634,
