method_name,method_class,c/r,smooth_r,avg_unc.(1se),#q<0.5,#q<0.1,q_min,q_small5,log-likeli,RMS,bias,tlog-l,100log-l,100RMS,75RMS,100bias,bias50,xyear0.5,xyear1.0,xyear1.5
cent20y,42/1_Run_Means,r,1.0,0.02887846207134827,0,0,1.0,1.0,2.637217243819404,0.0,0.0,408.76867279200764,236.55502451941751,0.0,0.0,0.0,0.0,1984.8749999999882,2010.2916666666317,
GWI_anthro_CGWL,43/3_Human_Induced,c,2.7052293311944844,0.07735193435947303,0,0,0.9992681357550142,0.9992681357550142,1.3697469445248327,0.05522338484908152,-0.02649941207803128,97.25203306126312,97.25203306126312,0.05522338484908152,0.05522338484908152,-0.02649941207803128,0.0014297653991869794,1984.5416666666551,2012.1249999999634,
GWI_anthro_SR15,43/3_Human_Induced,c,2.4932000805297037,0.07106682836666121,0,0,0.9121548970584212,0.9121548970584212,1.4828241959399475,0.05002638976632894,-0.02201810543608328,105.28051791173627,105.28051791173627,0.05002638976632894,0.05002638976632894,-0.022018105436083284,-0.0020430521531968737,1985.5416666666542,2012.3749999999632,
GWI_anthro,43/3_Human_Induced,c,2.6213657806356685,0.07353239092022955,0,0,0.9634250417758448,0.9634250417758448,1.4495442523479463,0.05156591857062684,-0.02310924517889905,102.91764191670418,102.91764191670418,0.05156591857062684,0.05156591857062684,-0.02310924517889905,3.2123917788978114e-05,1984.5416666666551,2012.3749999999632,
FaIR_nonat_unB,43/1_ERF_FaIR,c,4.682765733533615,0.02777652186531372,46,38,3.033657103644973e-23,1.0477407060761711e-17,-876.7326567163003,0.3669492501679608,0.23487531979432716,-79782.67176118333,-79782.67176118333,0.3669492501679608,0.2722232595151645,0.23487531979432716,0.01971608030536017,1983.541666666656,2010.5416666666315,
FaIR_anthro_unB,43/1_ERF_FaIR,c,4.596372991223578,0.02427523740994862,58,38,7.032772193778295e-26,2.4945737774849842e-23,-1416.3639092429758,0.351014339798319,0.22811398860973295,-128889.1157411108,-128889.1157411108,0.351014339798319,0.2614131823478452,0.22811398860973295,0.021221279447187387,1981.7916666666576,2010.708333333298,
