method_name,method_class,c/r,smooth_r,avg_unc.(1se),#q<0.5,#q<0.1,q_min,q_small5,log-likeli,RMS,bias,tlog-l,100log-l,100RMS,75RMS,100bias,bias50,xyear0.5,xyear1.0,xyear1.5
cent20y,42/1_Run_Means,r,1.0,0.029220050261845133,0,0,1.0,1.0,2.6348047163183934,0.0,0.0,408.39473102935096,239.60824956928803,0.0,0.0,0.0,0.0,1984.8749999999882,2010.2083333332985,
GWI_anthro_CGWL,43/3_Human_Induced,c,2.742472778374329,0.0711630939640805,0,0,0.8513305024260479,0.8513305024260479,1.4156699176755745,0.05397723066732395,-0.03554482354204759,100.51256415496579,100.51256415496577,0.053977230667323954,0.053977230667323954,-0.03554482354204759,-0.059158547887864454,1987.4583333333192,2014.7916666666276,
GWI_anthro_SR15,43/3_Human_Induced,c,2.49558596914756,0.06551554771874558,0,0,0.9341823816040977,0.9341823816040977,1.4981317870583468,0.04878743104797696,-0.02225839319946597,106.36735688114263,106.36735688114264,0.04878743104797697,0.04878743104797697,-0.02225839319946597,-0.04675785779525404,1987.1249999999861,2014.5416666666279,
GWI_anthro,43/3_Human_Induced,c,2.580293257535873,0.06754532194723341,0,0,0.8848759936965606,0.8848759936965606,1.4706240671346729,0.05029554201160148,-0.02673280253900038,104.41430876656177,104.41430876656179,0.05029554201160148,0.05029554201160148,-0.026732802539000376,-0.051267130328256263,1987.2083333333194,2014.6249999999611,
FaIR_nonat_unB,43/1_ERF_FaIR,c,5.23980606380574,0.028199108685216405,71,47,7.906917999041159e-25,1.3688269152410316e-22,-1222.5374957875165,0.41273457051994644,0.24355594048411588,-111250.912116664,-111250.912116664,0.41273457051994644,0.3008072784216291,0.24355594048411588,-0.011204776341350822,1986.2083333333203,2011.6249999999638,
FaIR_anthro_unB,43/1_ERF_FaIR,c,5.3093885844147515,0.0254770809504145,81,48,4.5807808927195405e-31,3.323675244790258e-29,-1973.0947029758408,0.39088738278694946,0.22095940379613602,-179551.6179708015,-179551.61797080154,0.39088738278694946,0.28684831298535896,0.22095940379613602,-0.028671120726957405,1986.8749999999864,2012.4583333332964,
