method_name,method_class,c/r,smooth_r,avg_unc.(1se),#q<0.5,#q<0.1,q_min,q_small5,log-likeli,RMS,bias,tlog-l,100log-l,100RMS,75RMS,100bias,bias50,xyear0.5,xyear1.0,xyear1.5
cent20y,42/1_Run_Means,r,1.0,0.027119294177871966,0,0,1.0,1.0,2.6991643298356274,0.0,0.0,418.3704711245222,243.04016849318953,0.0,0.0,0.0,0.0,1984.6249999999884,2010.6249999999648,
GWI_anthro_CGWL,43/3_Human_Induced,c,2.8409436385278295,0.07931361604336824,0,0,0.9970699324171384,0.9970699324171384,1.5254091528341698,0.026934451006200923,-0.0018951207760000875,108.30404985122605,108.30404985122604,0.026934451006200923,0.026934451006200923,-0.0018951207760000875,-0.008827755791692184,1984.3749999999886,2014.2083333332948,
GWI_anthro_SR15,43/3_Human_Induced,c,2.5889013982133835,0.07154932958475273,0,0,0.9748039393977844,0.9748039393977844,1.5438761727846408,0.03698926204161222,0.0024033717834253746,109.6152082677095,109.6152082677095,0.03698926204161222,0.03698926204161222,0.002403371783425375,-0.01175415650322088,1985.5416666666542,2014.2083333332948,
GWI_anthro,43/3_Human_Induced,c,2.6917948332531796,0.0745791551248772,0,0,0.9917834488420231,0.9917834488420231,1.5419884497617966,0.03233884779868682,0.0012713425800454526,109.48117993308756,109.48117993308756,0.03233884779868682,0.03233884779868682,0.0012713425800454526,-0.009657800572383034,1984.458333333322,2014.2083333332948,
FaIR_nonat_unB,43/1_ERF_FaIR,c,4.881631321031011,0.028251764922199073,43,35,8.126217037079683e-17,1.5329223998270231e-16,-694.5359617269745,0.3371440991656049,0.21178108232838497,-63202.77251715468,-63202.77251715469,0.3371440991656049,0.250230345546848,0.21178108232838497,0.00756652274276846,1985.124999999988,2011.6249999999638,
