method_name,method_class,c/r,smooth_r,avg_unc.(1se),#q<0.5,#q<0.1,q_min,q_small5,log-likeli,RMS,bias,tlog-l,100log-l,100RMS,75RMS,100bias,bias50,xyear0.5,xyear1.0,xyear1.5
cent20y,42/1_Run_Means,r,1.0,0.02887895793572621,0,0,1.0,1.0,2.6371934352656736,0.0,0.0,408.7649824661794,236.5545317987564,0.0,0.0,0.0,0.0,1985.6249999999811,2011.124999999958,
lowess1dg20wnc,42/3_ST_Fits,c,3.700193669389501,0.052864198823722244,7,0,0.16921614836060214,0.36304304615551397,1.4675049254795307,0.05279882022931156,-0.01872237378688089,227.46326344932726,135.54319815685938,0.04915635526058132,0.04228203333195678,-0.01493044617594818,-0.0347418334688959,1987.3749999999795,2014.2083333332885,
Kal_flexLin,42/5_Kalman,c,5.2619565415192255,0.05317657451406971,0,0,0.8606827350651005,0.8606827350651005,1.6141758406889317,0.04806585528193719,-0.010021254074584743,250.19725530678443,143.72599614115637,0.049001968099982085,0.03873169401504928,-0.010834362074768032,-0.024835770576598117,1987.0416666666465,2014.2916666666217,
GAM_AR1,42/4_GAM_AR1,c,6.839009512993379,0.04958635398804526,82,3,0.07070617927413257,0.1777967762279569,1.15248975054827,0.06379850437606303,-0.021483870944523163,156.73860607456473,115.14950456485045,0.059367767500437284,0.051172149138299206,-0.022341981047568685,-0.04631079264958208,1989.124999999978,2014.041666666622,
CGWL10y_sfUKCP,44/44_EarthModel_CGWL,c,5.983610603900096,0.050181391090154646,0,0,0.9733333333333334,0.9733333333333334,1.654118053646691,0.04456198324935415,0.0023887107942489414,241.50123583241688,141.46627926546472,0.04827933683829112,0.040808553654556365,-0.0019426561362507681,0.005669351010351155,1986.1249999999807,2013.374999999956,
