method_name,method_class,c/r,smooth_r,avg_unc.(1se),#q<0.5,#q<0.1,q_min,q_small5,log-likeli,RMS,bias,tlog-l,100log-l,100RMS,75RMS,100bias,bias50,xyear0.5,xyear1.0,xyear1.5
cent20y,42/1_Run_Means,r,1.0,0.03208834849178158,0,0,1.0,1.0,2.5339336720313894,0.0,0.0,392.7597191648654,233.60073547589485,0.0,0.0,0.0,0.0,1986.124999999987,2011.7916666666304,
GWI_anthro_CGWL,43/3_Human_Induced,c,2.2743903728131145,0.0911167701733529,0,0,0.9393677954563554,0.9393677954563554,1.1590826440676225,0.08007864439205484,0.020099561186511936,82.2948677288012,82.2948677288012,0.08007864439205482,0.08007864439205484,0.020099561186511936,0.06748959075717796,1982.208333333324,2009.7916666666322,
GWI_anthro_SR15,43/3_Human_Induced,c,2.0908264484971717,0.08136267580203461,0,0,0.9451927019269584,0.9451927019269584,1.2828162112904482,0.06700094565395283,0.014095646910871203,91.07995100162182,91.07995100162182,0.06700094565395281,0.06700094565395283,0.014095646910871203,0.0491077333264849,1984.791666666655,2010.374999999965,
GWI_anthro,43/3_Human_Induced,c,2.2961883599661075,0.08540827404265382,0,0,0.9857565751646618,0.9857565751646618,1.228965854715459,0.0721854436902433,0.016368879773303393,87.25657568479758,87.2565756847976,0.0721854436902433,0.0721854436902433,0.016368879773303393,0.05704568348137555,1983.208333333323,2010.708333333298,
FaIR_nonat_unB,43/1_ERF_FaIR,c,1.7542749124050465,0.024345762112258706,7,2,0.01754889527382175,0.1731272294887039,1.0501571786692088,0.03308838662325207,0.00841252237667791,95.564303258898,95.564303258898,0.03308838662325207,0.02099177179016476,0.00841252237667791,0.0018708720061923032,1986.8749999999864,2012.3749999999632,
FaIR_anthro_unB,43/1_ERF_FaIR,c,1.7295854077983914,0.022840423792636302,19,1,0.05963552924120808,0.22778795091527893,1.5862551905186504,0.0342098432550639,0.018794612494494885,144.34922233719718,144.34922233719723,0.0342098432550639,0.026389103007649375,0.018794612494494888,0.019289609015410627,1986.2083333333203,2011.7916666666304,
