method_name,method_class,c/r,smooth_r,avg_unc.(1se),#q<0.5,#q<0.1,q_min,q_small5,log-likeli,RMS,bias,tlog-l,100log-l,100RMS,75RMS,100bias,bias50,xyear0.5,xyear1.0,xyear1.5
cent20y,42/1_Run_Means,r,1.0,0.031165859884406302,0,0,1.0,1.0,2.56095758287824,0.0,0.0,396.94842534612724,231.92479667501283,0.0,0.0,0.0,0.0,1984.7083333333153,2010.3749999999586,
lowess1dg20wnc,42/3_ST_Fits,c,3.7352709277120972,0.19587700101403535,0,0,0.9973691704604243,0.9973691704604243,0.6647334358517977,0.05679696531035415,-0.011343834398284352,103.03368255702864,46.69443694963824,0.05642597672379099,0.054560425438692724,-0.015037858259269638,-0.036678487596685905,1986.9583333333132,2013.6249999999557,
Kal_flexLin,42/5_Kalman,c,5.238238867885252,0.05317657451406971,16,0,0.3614521461148026,0.3614521461148026,1.4543728931714452,0.05598911883590111,-0.011421225174219096,225.427798441574,135.40656033096988,0.05334694781678582,0.04777943839065594,-0.01059354936143809,-0.0246076885398344,1986.4583333333137,2014.041666666622,
GAM_AR1,42/4_GAM_AR1,c,6.247649910079368,0.05158448643480398,53,8,1.3487960284745825e-05,0.022222043103078515,0.9273243623795339,0.06779021907221985,-0.009541740103239105,126.1161132836166,57.33374288640687,0.07145469308694985,0.061998855700364494,-0.022219713254786715,-0.042560483972618565,1986.9583333333132,2013.5416666666224,
CGWL10y_sfUKCP,44/44_EarthModel_CGWL,c,5.51612823175986,0.05051883850847521,0,0,0.9652892561983472,0.9652892561983472,1.6653405945011606,0.04321123260663413,-0.0035280437211500293,243.13972679716943,148.51430948109032,0.042949376152732206,0.034018667992967294,-0.004182023892588172,0.0012315289611100364,1985.6249999999811,2012.0416666666238,
