method_name,method_class,c/r,smooth_r,avg_unc.(1se),#q<0.5,#q<0.1,q_min,q_small5,log-likeli,RMS,bias,tlog-l,100log-l,100RMS,75RMS,100bias,bias50,xyear0.5,xyear1.0,xyear1.5
cent20y,42/1_Run_Means,r,1.0,0.032683734697645433,0,0,1.0,1.0,2.514574438452129,0.0,0.0,389.75903796008,232.66964713432867,0.0,0.0,0.0,0.0,1984.9583333333214,2009.9583333332987,
GWI_anthro_CGWL,43/3_Human_Induced,c,2.31088540294468,0.0901378734428606,0,0,0.9714456019305439,0.9714456019305439,1.229674558552686,0.07387363501905334,0.02256904718955019,87.3068936572407,87.30689365724069,0.07387363501905334,0.07387363501905334,0.02256904718955019,0.06382404062353574,1980.624999999992,2008.6249999999666,
GWI_anthro_SR15,43/3_Human_Induced,c,2.120520879650588,0.08038119458496468,0,0,0.9844852715512818,0.9844852715512818,1.3343039057228847,0.06267229165409197,0.016764918768739506,94.73557730632481,94.73557730632481,0.06267229165409195,0.06267229165409195,0.016764918768739506,0.04604574825605617,1983.4583333333228,2008.5416666666333,
GWI_anthro,43/3_Human_Induced,c,2.3073047273766742,0.0843927403230421,0,0,0.9732678016179597,0.9732678016179597,1.2929925941692326,0.06680773909509029,0.018871961522865615,91.80247418601552,91.80247418601553,0.06680773909509029,0.06680773909509029,0.018871961522865615,0.05368510784187399,1982.3749999999905,2009.2916666666326,
FaIR_nonat_unB,43/1_ERF_FaIR,c,4.609320636226527,0.024879150174363263,56,39,5.351916168662522e-26,7.481835276215912e-23,-1174.100405774247,0.3659064791239385,0.2172986410968217,-106843.13692545649,-106843.13692545648,0.36590647912393853,0.26146629171482605,0.2172986410968217,-0.008877727440517496,1986.2083333333203,2011.041666666631,
FaIR_anthro_unB,43/1_ERF_FaIR,c,4.342213299970161,0.02335348490077412,51,37,3.607608489702902e-28,1.6541303076086488e-26,-1515.1584806157343,0.34895386886477175,0.2159808619868021,-137879.42173603183,-137879.42173603183,0.34895386886477175,0.25095982885645207,0.2159808619868021,0.0029606430618769387,1985.6249999999875,2010.8749999999645,
