method_name,method_class,c/r,smooth_r,avg_unc.(1se),#q<0.5,#q<0.1,q_min,q_small5,log-likeli,RMS,bias,tlog-l,100log-l,100RMS,75RMS,100bias,bias50,xyear0.5,xyear1.0,xyear1.5
cent20y,42/1_Run_Means,r,1.0,0.029367330430742057,0,0,1.0,1.0,2.6321191169645077,0.0,0.0,407.9784631294987,239.70352857963678,0.0,0.0,0.0,0.0,1984.2916666666554,2010.2083333332985,
GWI_anthro_CGWL,43/3_Human_Induced,c,2.7060786790300084,0.0716861136692879,0,0,0.8500154614773028,0.8500154614773028,1.3917660042674325,0.054891906957876296,-0.042226682277114,98.8153863029877,98.8153863029877,0.0548919069578763,0.054891906957876296,-0.042226682277114,-0.03493003804648605,1986.2083333333203,2014.5416666666279,
GWI_anthro_SR15,43/3_Human_Induced,c,2.4894816926338423,0.06651941284187397,0,0,0.9063594104180586,0.9063594104180586,1.4957943685112984,0.05079053133378009,-0.033504428958977754,106.20140016430219,106.20140016430219,0.05079053133378009,0.05079053133378009,-0.033504428958977754,-0.029993266446548605,1986.2083333333203,2014.4583333332946,
GWI_anthro,43/3_Human_Induced,c,2.525800243782563,0.06841453572814093,0,0,0.867220216720533,0.867220216720533,1.471810873299582,0.05118692139615175,-0.036373557843873194,104.49857200427033,104.49857200427032,0.05118692139615175,0.05118692139615175,-0.036373557843873194,-0.03157750949305493,1986.0416666666538,2014.4583333332946,
FaIR_nonat_unB,43/1_ERF_FaIR,c,5.145182378628242,0.02863430092170098,73,40,3.8392989025583053e-22,3.6948679455947705e-20,-1081.4661090552518,0.40211467159354075,0.24294582334399678,-98413.41592402791,-98413.41592402791,0.40211467159354075,0.2920142009378422,0.24294582334399678,-0.00022509708645306983,1985.124999999988,2011.5416666666306,
FaIR_anthro_unB,43/1_ERF_FaIR,c,5.041922793715011,0.025437531259318663,78,41,7.937961617120854e-29,1.2439463645576747e-27,-1796.0217282689136,0.3803180944251761,0.21947396387449009,-163437.97727247115,-163437.97727247115,0.38031809442517617,0.27745997347653695,0.21947396387449003,-0.019792286647693134,1985.9583333333205,2012.624999999963,
