method_name,method_class,c/r,smooth_r,avg_unc.(1se),#q<0.5,#q<0.1,q_min,q_small5,log-likeli,RMS,bias,tlog-l,100log-l,100RMS,75RMS,100bias,bias50,xyear0.5,xyear1.0,xyear1.5
cent20y,42/1_Run_Means,r,1.0,0.028734282858707265,0,0,1.0,1.0,2.6452369506965003,0.0,0.0,410.01172735795757,234.1856172151679,0.0,0.0,0.0,0.0,1985.7916666666476,2012.791666666623,
lowess1dg20wnc,42/3_ST_Fits,c,3.4789752494156256,0.04558852729927305,75,7,0.014836884945953392,0.06532359736428067,1.1281593809712354,0.05871619571565019,-0.01415067409625765,174.8647040505415,80.17744319249957,0.06523430660147993,0.05458524497579101,-0.01620056569403252,-0.037508607500699946,1987.4583333333128,2015.1249999999543,
Kal_flexLin,42/5_Kalman,c,4.698320051646537,0.05317657451406971,5,1,0.08501103380795098,0.437169442767571,1.4632269919036227,0.05502200322851391,-0.010164648474887187,226.8001837450615,122.17475408331387,0.059608596619243726,0.045670222582217784,-0.011034088065480849,-0.0261915700636556,1987.0416666666465,2015.041666666621,
GAM_AR1,42/4_GAM_AR1,c,8.984101388035672,0.046743834540866024,47,8,4.427573423936799e-09,0.010121595838487037,0.9060399653341117,0.0638165177536475,-0.009965354042527061,123.22143528543918,51.12523139478222,0.07063962460096423,0.04880407923985843,-0.016502407571222493,-0.02269992070781826,1986.6249999999802,2014.708333333288,
CGWL10y_sfUKCP,44/44_EarthModel_CGWL,c,5.927431914221902,0.05008815916315202,0,0,0.8342857142857143,0.8342857142857143,1.5556805584666706,0.050403054299563856,0.0028784315314302174,227.12936153613393,139.27708129057535,0.05031546113610922,0.03829921626030215,-0.0015554510796649277,0.006217689816496477,1986.3749999999804,2014.5416666666215,
