method_name,method_class,c/r,smooth_r,avg_unc.(1se),#q<0.5,#q<0.1,q_min,q_small5,log-likeli,RMS,bias,tlog-l,100log-l,100RMS,75RMS,100bias,bias50,xyear0.5,xyear1.0,xyear1.5
cent20y,42/1_Run_Means,r,1.0,0.028183064151438786,0,0,1.0,1.0,2.662833009533797,0.0,0.0,412.73911647773855,237.98742239734096,0.0,0.0,0.0,0.0,1991.7916666666486,2015.541666666627,
GWI_anthro_CGWL,43/3_Human_Induced,c,2.64043434713367,0.08653631182235387,0,0,0.8645359489697757,0.8645359489697757,1.23841833948815,0.07277105841497251,0.019142674019094953,87.92770210365865,87.92770210365865,0.07277105841497251,0.07277105841497251,0.019142674019094953,0.06265239343151094,1986.2916666666536,2015.208333333294,
GWI_anthro_SR15,43/3_Human_Induced,c,2.4331736855409223,0.07672828872020215,0,0,0.9592605599796793,0.9592605599796793,1.3343567912574326,0.06400882586042816,0.01520177816085383,94.73933217927771,94.73933217927774,0.06400882586042816,0.06400882586042816,0.01520177816085383,0.045306502729927194,1987.1249999999861,2015.541666666627,
GWI_anthro,43/3_Human_Induced,c,2.6312353580790604,0.08083828649780081,0,0,0.8711284212754039,0.8711284212754039,1.2985639268172093,0.06692495989038239,0.016976379643080915,92.19803880402186,92.19803880402186,0.06692495989038239,0.06692495989038239,0.016976379643080915,0.05301258396720172,1986.2916666666536,2015.3749999999604,
FaIR_nonat_unB,43/1_ERF_FaIR,c,2.6559478496978124,0.027838646328862033,56,32,0.0066321263573845156,0.01319227945425802,-2.2106468171020475,0.07210857702013615,0.044352684959616404,-201.1688603562863,-201.1688603562863,0.07210857702013614,0.0488199878318982,0.044352684959616404,0.011765387694427204,1990.3749999999832,2015.7083333332935,
