method_name,method_class,c/r,smooth_r,avg_unc.(1se),#q<0.5,#q<0.1,q_min,q_small5,log-likeli,RMS,bias,tlog-l,100log-l,100RMS,75RMS,100bias,bias50,xyear0.5,xyear1.0,xyear1.5
cent20y,42/1_Run_Means,r,1.0,0.026734369819201898,0,0,1.0,1.0,2.716754555248457,0.0,0.0,421.09695606351085,244.84472513489735,0.0,0.0,0.0,0.0,1984.4583333333155,2010.4583333332919,
lowess1dg20wnc,42/3_ST_Fits,c,3.607863236917413,0.1686052983671889,0,0,0.9998422912837734,0.9998422912837734,0.8230180263067061,0.049126939995854574,-0.012611241410726568,127.56779407753943,59.31860881728049,0.05013839078229621,0.04887112715676661,-0.015216111772007856,-0.04184618551997542,1987.0416666666465,2014.041666666622,
Kal_flexLin,42/5_Kalman,c,5.007653130329561,0.05317657451406971,0,0,0.8808212727042674,0.8808212727042674,1.6564215123246047,0.04597623806232655,-0.011366046438560066,256.7453344103137,153.5157969163688,0.043334657964733625,0.04306718678001652,-0.010211080528626694,-0.029730190941381695,1986.4583333333137,2014.2083333332885,
GAM_AR1,42/4_GAM_AR1,c,6.743781402781347,0.04253732485255549,20,2,0.004525303131891434,0.306726652850723,1.4349067233809847,0.049152469288588574,-0.003961183505439669,195.1473143798139,130.29934626006482,0.04846983803076712,0.04442471180887036,-0.01312590965852542,-0.02776585690939526,1986.2916666666472,2014.1249999999552,
CGWL10y_sfUKCP,44/44_EarthModel_CGWL,c,6.378868209881483,0.05012973971184223,0,0,0.8620952380952381,0.8620952380952381,1.6132108128888223,0.04536036936049191,-0.001231861911702826,235.52877868176805,151.80096487537736,0.04097684370285984,0.039441200095376855,0.0023000989755789627,0.004919881638646146,1985.6249999999811,2013.2916666666226,
