method_name,method_class,c/r,smooth_r,avg_unc.(1se),#q<0.5,#q<0.1,q_min,q_small5,log-likeli,RMS,bias,tlog-l,100log-l,100RMS,75RMS,100bias,bias50,xyear0.5,xyear1.0,xyear1.5
cent20y,42/1_Run_Means,r,1.0,0.03064080364333994,0,0,1.0,1.0,2.576228310079251,0.0,0.0,399.31538806228394,230.71225845286148,0.0,0.0,0.0,0.0,1983.541666666656,2009.2916666666326,
GWI_anthro_CGWL,43/3_Human_Induced,c,2.6078294206478225,0.08314293564784367,0,0,0.9890613399462793,0.9890613399462793,1.4253330857833304,0.04735387790567382,-0.0033862266505252686,101.19864909061646,101.19864909061647,0.04735387790567382,0.04735387790567382,-0.0033862266505252686,0.011345424975535595,1982.1249999999907,2011.374999999964,
GWI_anthro_SR15,43/3_Human_Induced,c,2.3895328151290793,0.0752938570949431,0,0,0.997451318449388,0.997451318449388,1.4821185855049204,0.04631385514029539,-0.0031653291992174517,105.23041957084935,105.23041957084935,0.04631385514029539,0.04631385514029539,-0.0031653291992174517,0.0031121232453309973,1983.4583333333228,2011.2916666666308,
GWI_anthro,43/3_Human_Induced,c,2.537698542252765,0.07842579765241024,0,0,0.991938094038111,0.991938094038111,1.4732481000595623,0.04564004791475656,-0.00304340257330605,104.60061510422892,104.60061510422892,0.045640047914756565,0.045640047914756565,-0.00304340257330605,0.0071564581417871975,1982.6249999999902,2011.5416666666306,
FaIR_nonat_unB,43/1_ERF_FaIR,c,1.9215035984683828,0.02715777151041833,21,0,0.2813317479191439,0.2813317479191439,1.9015890481032183,0.036478027452307125,-0.01143624250575929,173.04460337739286,173.0446033773929,0.036478027452307125,0.028586004372750686,-0.01143624250575929,0.0066539177884040734,1983.6249999999893,2010.2083333332985,
