method_name,method_class,c/r,smooth_r,avg_unc.(1se),#q<0.5,#q<0.1,q_min,q_small5,log-likeli,RMS,bias,tlog-l,100log-l,100RMS,75RMS,100bias,bias50,xyear0.5,xyear1.0,xyear1.5
cent20y,42/1_Run_Means,r,1.0,0.026919981432262798,0,0,1.0,1.0,2.7079950458197652,0.0,0.0,419.7392321020636,244.31965651344305,0.0,0.0,0.0,0.0,1984.8749999999882,2010.2083333332985,
GWI_anthro_CGWL,43/3_Human_Induced,c,2.909833058039173,0.08180767603437047,0,0,0.9970897543178749,0.9970897543178749,1.5261826539352954,0.02461400354109204,-0.0006903111808077931,108.35896842940598,108.35896842940598,0.02461400354109204,0.02461400354109204,-0.0006903111808077931,-0.0006930270655644647,1984.8749999999882,2012.5416666666297,
GWI_anthro_SR15,43/3_Human_Induced,c,2.6601789851692916,0.07353985365229379,0,0,0.9615735882627215,0.9615735882627215,1.545450266496873,0.03484441072038553,0.0011491178202298292,109.72696892127799,109.72696892127797,0.03484441072038552,0.03484441072038552,0.0011491178202298292,-0.007844448757686641,1985.8749999999873,2012.8749999999627,
GWI_anthro,43/3_Human_Induced,c,2.714379421438329,0.07684360468006707,0,0,0.9792554524212198,0.9792554524212198,1.5426538738305546,0.030253032724664834,0.0009007980208548976,109.52842504196938,109.5284250419694,0.030253032724664834,0.030253032724664834,0.0009007980208548976,-0.004082838300696692,1984.8749999999882,2012.7916666666295,
FaIR_nonat_unB,43/1_ERF_FaIR,c,5.865025693005511,0.028305482149809078,45,39,5.816392311572499e-18,1.2137925217354997e-17,-754.0452694207846,0.3497343526941009,0.22439345103474587,-68618.1195172914,-68618.1195172914,0.3497343526941009,0.26012216877978583,0.22439345103474587,0.014241406997892865,1985.124999999988,2010.4583333332982,
FaIR_anthro_unB,43/1_ERF_FaIR,c,5.765738231739,0.024078444009389938,62,44,5.120328222024464e-22,3.0382796535311567e-21,-1265.0652901966537,0.3340703536623256,0.22148977222529997,-115120.94140789549,-115120.94140789549,0.3340703536623256,0.2501253154165726,0.22148977222529997,0.022319972184464295,1983.7916666666558,2010.708333333298,
