method_name,method_class,c/r,smooth_r,avg_unc.(1se),#q<0.5,#q<0.1,q_min,q_small5,log-likeli,RMS,bias,tlog-l,100log-l,100RMS,75RMS,100bias,bias50,xyear0.5,xyear1.0,xyear1.5
cent20y,42/1_Run_Means,r,1.0,0.03021666614353629,0,0,1.0,1.0,2.5941641233450063,0.0,0.0,402.095439118476,238.71542570923566,0.0,0.0,0.0,0.0,1982.7916666666567,2008.8749999999663,
GWI_anthro_CGWL,43/3_Human_Induced,c,2.4712328783531854,0.08211513792728309,0,0,0.9386855712111288,0.9386855712111288,1.3265108438973943,0.06225163562436654,0.008035644139670138,94.18226991671499,94.182269916715,0.06225163562436653,0.06225163562436654,0.008035644139670138,0.045323495267585535,1980.958333333325,2006.0416666666356,
GWI_anthro_SR15,43/3_Human_Induced,c,2.293164693422661,0.07390348116629844,0,0,0.9380042142555193,0.9380042142555193,1.4295228905048036,0.05640394642312075,0.005879221519680247,101.49612522584106,101.49612522584104,0.05640394642312074,0.05640394642312075,0.005879221519680247,0.03248498241850204,1983.1249999999898,2004.9583333333032,
GWI_anthro,43/3_Human_Induced,c,2.425035404901175,0.07735243480467625,0,0,0.8940008340785734,0.8940008340785734,1.4027754491641864,0.05776063184498206,0.006703221413113972,99.59705689065723,99.59705689065723,0.05776063184498206,0.05776063184498206,0.006703221413113972,0.03812971894735312,1982.3749999999905,2006.5416666666351,
FaIR_nonat_unB,43/1_ERF_FaIR,c,2.0007958739517435,0.027403524682624733,20,0,0.10133485610023421,0.14338691999658476,1.1806309699787287,0.04359298737517844,0.020824541109774507,107.4374182680643,107.43741826806429,0.04359298737517844,0.02494834394565696,0.020824541109774507,0.009969556716704355,1983.6249999999893,2009.0416666666329,
FaIR_anthro_unB,43/1_ERF_FaIR,c,1.7396229300492203,0.024522833253093637,15,9,0.07085905918938822,0.07085905918938822,0.6266623499391119,0.04006256723041186,0.01977816897234489,57.02627384445918,57.02627384445919,0.04006256723041186,0.019069030993036747,0.019778168972344894,0.006681992981968948,1983.208333333323,2009.374999999966,
