method_name,method_class,c/r,smooth_r,avg_unc.(1se),#q<0.5,#q<0.1,q_min,q_small5,log-likeli,RMS,bias,tlog-l,100log-l,100RMS,75RMS,100bias,bias50,xyear0.5,xyear1.0,xyear1.5
cent20y,42/1_Run_Means,r,1.0,0.030996073221395696,0,0,1.0,1.0,2.5683399761855426,0.0,0.0,398.0926963087591,235.25010076729723,0.0,0.0,0.0,0.0,1981.9583333333242,2008.2916666666335,
GWI_anthro_CGWL,43/3_Human_Induced,c,2.6247159951543555,0.08273446148219067,0,0,0.992453046668188,0.992453046668188,1.4427717135370206,0.04813789527452755,0.003906471783279346,102.43679166112847,102.43679166112847,0.04813789527452755,0.04813789527452755,0.003906471783279346,0.028438050389107492,1981.1249999999916,2006.6249999999684,
GWI_anthro_SR15,43/3_Human_Induced,c,2.409003350605216,0.07474486970949266,0,0,0.9976959082851224,0.9976959082851224,1.495655771847851,0.04794775339003347,0.0032244710909194096,106.19155980119741,106.19155980119744,0.04794775339003347,0.04794775339003347,0.0032244710909194096,0.017996807445472125,1983.0416666666565,2005.541666666636,
GWI_anthro,43/3_Human_Induced,c,2.545454746905735,0.07802942184174691,0,0,0.9870582468186606,0.9870582468186606,1.4880266411496663,0.0471094750923215,0.003685096265902296,105.64989152162632,105.64989152162633,0.0471094750923215,0.04710947509232151,0.003685096265902295,0.022828654682647213,1982.3749999999905,2008.2083333333003,
FaIR_nonat_unB,43/1_ERF_FaIR,c,1.8853724320912673,0.027080693242275435,0,0,0.5951248513674197,0.7357907253269917,2.107335267424629,0.02867109405658895,0.008260326551976374,191.76750933564125,191.76750933564125,0.02867109405658895,0.02406867854573287,0.008260326551976374,0.011935424889790597,1983.0416666666565,2008.5416666666333,
