method_name,method_class,c/r,smooth_r,avg_unc.(1se),#q<0.5,#q<0.1,q_min,q_small5,log-likeli,RMS,bias,tlog-l,100log-l,100RMS,75RMS,100bias,bias50,xyear0.5,xyear1.0,xyear1.5
cent20y,42/1_Run_Means,r,1.0,0.028204047156492038,0,0,1.0,1.0,2.6640354794898924,0.0,0.0,412.92549932093334,242.14280368801343,0.0,0.0,0.0,0.0,1975.45833333333,2004.7083333333035,
GWI_anthro_CGWL,43/3_Human_Induced,c,2.714734137263381,0.07243890591118471,0,0,0.9089573247845931,0.9089573247845931,1.3423696315109257,0.06279529550442575,-0.05403066951446921,95.30824383727573,95.30824383727571,0.06279529550442575,0.06279529550442577,-0.054030669514469214,-0.06967322965841047,1980.5416666666588,2008.2083333333003,
GWI_anthro_SR15,43/3_Human_Induced,c,2.4648469073049166,0.0669615814144885,0,0,0.9986390004775837,0.9986390004775837,1.508706935833197,0.04878506817354154,-0.036632920758450656,107.11819244415699,107.11819244415699,0.04878506817354154,0.04878506817354154,-0.036632920758450656,-0.05103383781842719,1979.7083333333262,2006.1249999999688,
GWI_anthro,43/3_Human_Induced,c,2.5928402564925372,0.0689294776201448,0,0,0.9873498689732496,0.9873498689732496,1.456033680607833,0.05332886134007138,-0.04241063817113955,103.37839132315614,103.37839132315614,0.05332886134007138,0.05332886134007138,-0.042410638171139554,-0.05793269582796135,1979.8749999999927,2006.8749999999682,
FaIR_nonat_unB,43/1_ERF_FaIR,c,2.059997960662867,0.02889856779325382,55,0,0.28939929328621905,0.28939929328621905,1.6802236317289538,0.0406337230639798,-0.017218225005517666,152.9003504873348,152.90035048733478,0.0406337230639798,0.04058952038387198,-0.017218225005517666,0.008540760784293586,1977.6249999999948,2000.708333333307,
FaIR_anthro_unB,43/1_ERF_FaIR,c,2.007704043436786,0.025817839650198928,67,0,0.10820451843043995,0.10820451843043995,0.9738357209075719,0.046380498477862235,-0.034319091184034395,88.61905060258904,88.61905060258903,0.046380498477862235,0.04223732397720716,-0.0343190911840344,-0.012101902089580984,1977.5416666666615,2002.958333333305,
