method_name,method_class,c/r,smooth_r,avg_unc.(1se),#q<0.5,#q<0.1,q_min,q_small5,log-likeli,RMS,bias,tlog-l,100log-l,100RMS,75RMS,100bias,bias50,xyear0.5,xyear1.0,xyear1.5
cent20y,42/1_Run_Means,r,1.0,0.02678476981502025,0,0,1.0,1.0,2.711986093063938,0.0,0.0,420.35784442491035,244.58192041157128,0.0,0.0,0.0,0.0,1984.2083333333157,2010.3749999999586,
lowess1dg20wnc,42/3_ST_Fits,c,3.4635475167317784,0.1650944138973091,0,0,0.9998616070708339,0.9998616070708339,0.8149969430780578,0.049119418006140794,-0.014304350093044043,126.32452617709896,60.24847523017485,0.04907483204683113,0.04737626400894297,-0.014333968707624632,-0.043620637353008584,1987.0416666666465,2013.9583333332887,
Kal_flexLin,42/5_Kalman,c,4.9188549344006836,0.05317657451406971,0,0,0.8621744618741628,0.8621744618741628,1.6616445933654478,0.04568312467660007,-0.01120750525767179,257.5549119716444,152.10478939221457,0.044196335156421615,0.04260838461023253,-0.009711929511004231,-0.03176842212144885,1986.541666666647,2014.1249999999552,
GAM_AR1,42/4_GAM_AR1,c,6.733184056829611,0.04287035438884667,31,3,0.0015263050415287428,0.1327976298287875,1.3498193578203057,0.05151607946432399,-0.007656174619267475,183.57543266356157,115.84473210700878,0.052593402939585546,0.04513693697649504,-0.015905197364752773,-0.032284766891028015,1986.4583333333137,2013.9583333332887,
CGWL10y_sfUKCP,44/44_EarthModel_CGWL,c,6.043997866247295,0.05018994402020208,0,0,0.8681081081081081,0.8681081081081081,1.6250673770401407,0.0447264059133951,0.00037721523701615976,237.25983704786054,151.448557493497,0.04170932304974349,0.03995085113057162,0.002657271699370301,0.006519607390332249,1985.4583333333146,2013.374999999956,
