method_name,method_class,c/r,smooth_r,avg_unc.(1se),#q<0.5,#q<0.1,q_min,q_small5,log-likeli,RMS,bias,tlog-l,100log-l,100RMS,75RMS,100bias,bias50,xyear0.5,xyear1.0,xyear1.5
cent20y,42/1_Run_Means,r,1.0,0.03215442354209088,0,0,1.0,1.0,2.5334226187822195,0.0,0.0,392.68050591124404,232.8296524764571,0.0,0.0,0.0,0.0,1984.6249999999884,2010.2083333332985,
GWI_anthro_CGWL,43/3_Human_Induced,c,2.605745336158341,0.08211519279073566,0,0,0.9985517805583946,0.9985517805583946,1.4641058785138326,0.04360028298754295,0.0013855178126961788,103.95151737448211,103.95151737448211,0.04360028298754295,0.04360028298754295,0.0013855178126961788,0.02661048518405494,1983.208333333323,2009.7916666666322,
GWI_anthro_SR15,43/3_Human_Induced,c,2.399472897931832,0.07451495203112435,0,0,0.9966921883931974,0.9966921883931974,1.5357094321456877,0.04087399509017736,0.0032266031159022797,109.03536968234383,109.03536968234383,0.04087399509017736,0.04087399509017736,0.0032266031159022797,0.017752292413398988,1985.2916666666545,2010.1249999999652,
GWI_anthro,43/3_Human_Induced,c,2.522448865734726,0.07754971060118537,0,0,0.9995285667493871,0.9995285667493871,1.5120784705394335,0.041526620750259445,0.003148374459802598,107.35757140829978,107.35757140829978,0.041526620750259445,0.04152662075025945,0.0031483744598025977,0.022132438688471118,1983.7916666666558,2010.4583333332982,
FaIR_nonat_unB,43/1_ERF_FaIR,c,4.667135058390681,0.0254074400479623,55,37,7.848558400545577e-21,7.269571660667692e-20,-942.8395276445502,0.3420206178716949,0.20884570728563773,-85798.39701565407,-85798.39701565406,0.3420206178716949,0.2537024945124978,0.20884570728563778,-0.0020510014535401627,1986.45833333332,2011.2083333332976,
