method_name,method_class,c/r,smooth_r,avg_unc.(1se),#q<0.5,#q<0.1,q_min,q_small5,log-likeli,RMS,bias,tlog-l,100log-l,100RMS,75RMS,100bias,bias50,xyear0.5,xyear1.0,xyear1.5
cent20y,42/1_Run_Means,r,1.0,0.032590659406139685,0,0,1.0,1.0,2.521344022372416,0.0,0.0,390.8083234677245,233.35714503048155,0.0,0.0,0.0,0.0,1984.8749999999818,2010.208333333292,
lowess1dg20wnc,42/3_ST_Fits,c,4.074075058497274,0.1886964211529386,0,0,0.9942726333328273,0.9942726333328273,0.708542840293746,0.05945738839979957,-0.012232400182142321,109.82414024553064,48.39980948797151,0.04729788629581327,0.04670552409399622,-0.009478816424190581,-0.041243632414141515,1987.541666666646,2013.374999999956,
Kal_flexLin,42/5_Kalman,c,5.45667901271882,0.05317657451406971,17,0,0.24283445930421227,0.27467562588978695,1.4012168524558977,0.057698113019688774,-0.007335720840877922,217.18861213066413,145.76314406853612,0.04787796930460175,0.04344166542681009,-0.0066798949867872045,-0.03035976509036261,1987.1249999999798,2013.6249999999557,
GAM_AR1,42/4_GAM_AR1,c,5.9688747422361015,0.06351503428267954,3,0,0.45473650433257956,0.5012579392717103,1.3185717385452123,0.0593371614089139,-0.0036400273132245384,179.32575644214887,136.37948781509053,0.04947092107146239,0.0447041080090276,-0.004775804956788879,-0.032790276937983996,1987.0416666666465,2013.4583333332891,
CGWL10y_sfUKCP,44/44_EarthModel_CGWL,c,6.482648085114063,0.05042071814738935,0,0,0.9733333333333333,0.9733333333333333,1.6929578916922583,0.04326548845334098,0.003209534902416003,247.1718521870697,150.31118386162436,0.04347735086674437,0.03851948672512344,-0.002770430719490099,0.004277460761833288,1986.1249999999807,2009.9583333332923,
