method_name,method_class,c/r,smooth_r,avg_unc.(1se),#q<0.5,#q<0.1,q_min,q_small5,log-likeli,RMS,bias,tlog-l,100log-l,100RMS,75RMS,100bias,bias50,xyear0.5,xyear1.0,xyear1.5
cent20y,42/1_Run_Means,r,1.0,0.030914897747180464,0,0,1.0,1.0,2.5707391807158415,0.0,0.0,398.46457301095546,230.51210614689245,0.0,0.0,0.0,0.0,1985.0416666666483,2010.4583333332919,
lowess1dg20wnc,42/3_ST_Fits,c,3.2964175586765094,0.21759873507915514,0,0,0.9975148701239467,0.9975148701239467,0.5569818063888525,0.05906644578616193,-0.015403858276195764,86.33217999027214,34.13490442767073,0.05733572184361439,0.05004075836788636,-0.012472665005848713,-0.033239327442843636,1986.87499999998,2013.7916666666222,
Kal_flexLin,42/5_Kalman,c,4.651465887476959,0.05317657451406971,11,0,0.1758635873212824,0.38676674902105995,1.4752875422060499,0.05458787921814852,-0.009527838993258422,228.66956904193773,132.74882581681155,0.054662257305735415,0.04403812734778524,-0.008310533149789636,-0.023208664803587208,1986.3749999999804,2014.1249999999552,
GAM_AR1,42/4_GAM_AR1,c,8.118341796291089,0.05460976290106128,32,5,0.0021226387098843206,0.07818000075168303,1.0511791535849315,0.06744884868919632,-0.012439313945691052,142.9603648875507,127.41491058992513,0.05715550752050405,0.04707691889434734,-0.00856607506900123,-0.02492861907946569,1986.3749999999804,2013.8749999999554,
CGWL10y_sfUKCP,44/44_EarthModel_CGWL,c,5.874930953313938,0.05027083714883174,0,0,0.9453237410071942,0.9453237410071942,1.6380181478695852,0.04564893543352686,-0.002365252412665575,239.15064958895945,138.52163076587232,0.0483646086615875,0.038551506158709906,-0.011378450053340863,-0.00324661269450188,1986.2916666666472,2009.9583333332923,
