method_name,method_class,c/r,smooth_r,avg_unc.(1se),#q<0.5,#q<0.1,q_min,q_small5,log-likeli,RMS,bias,tlog-l,100log-l,100RMS,75RMS,100bias,bias50,xyear0.5,xyear1.0,xyear1.5
cent20y,42/1_Run_Means,r,1.0,0.030845666037721316,0,0,1.0,1.0,2.5716370639823882,0.0,0.0,398.60374491727015,235.81504916597882,0.0,0.0,0.0,0.0,1984.8749999999818,2010.0416666666256,
lowess1dg20wnc,42/3_ST_Fits,c,3.8832811459175165,0.21081824978835556,0,0,0.9989169986865887,0.9989169986865887,0.6013488449890829,0.051821523335326504,-0.013007750306661299,93.20907097330785,40.04198692620329,0.04476450801305093,0.04689103507028328,-0.013373960068029916,-0.03470374820660029,1987.1249999999798,2013.0416666666229,
Kal_flexLin,42/5_Kalman,c,4.97473456084313,0.05317657451406971,2,0,0.45053047195116425,0.5585099527167696,1.5754547147628033,0.05030317327614474,-0.011174915156714777,244.1954807882345,155.7311309535554,0.041946095850586014,0.042250924119970265,-0.00899280625891568,-0.023686350445243358,1986.7083333333135,2013.4583333332891,
GAM_AR1,42/4_GAM_AR1,c,6.651538142676318,0.052861980077421857,11,3,0.004116356588214635,0.21135704635056732,1.2717992400286924,0.05950312459603124,-0.011817540079638951,172.96469664390216,113.76177700911676,0.05697509983558812,0.04977997844743496,-0.02021766975880966,-0.03711305901914558,1987.2916666666463,2013.1249999999561,
CGWL10y_sfUKCP,44/44_EarthModel_CGWL,c,5.8650049319714075,0.05038226441510262,0,0,0.9403389830508475,0.9403389830508475,1.709791340845827,0.03905747623072031,-0.00437917108779212,249.62953576349074,152.89734257820425,0.03800889328837425,0.036921390819526646,-0.006873175184570367,-0.0020373262921332793,1986.2916666666472,2009.6249999999593,
