method_name,method_class,c/r,smooth_r,avg_unc.(1se),#q<0.5,#q<0.1,q_min,q_small5,log-likeli,RMS,bias,tlog-l,100log-l,100RMS,75RMS,100bias,bias50,xyear0.5,xyear1.0,xyear1.5
cent20y,42/1_Run_Means,r,1.0,0.027095800081717553,0,0,1.0,1.0,2.6997748202164296,0.0,0.0,418.4650971335466,243.54139085772002,0.0,0.0,0.0,0.0,1988.2916666666517,2014.2083333332948,
GWI_anthro_CGWL,43/3_Human_Induced,c,2.7550677286192635,0.08093939287898594,0,0,0.9918192722670718,0.9918192722670718,1.5350740138281882,0.02371104195035813,0.006304421380654257,108.99025498180136,108.99025498180136,0.02371104195035813,0.02371104195035813,0.006304421380654257,0.0052069675785299885,1987.374999999986,2015.541666666627,
GWI_anthro_SR15,43/3_Human_Induced,c,2.5318064164154594,0.07281188893626178,0,0,0.971862160001735,0.971862160001735,1.5394669542598933,0.03730769957374408,0.008989988790424461,109.30215375245243,109.30215375245241,0.03730769957374408,0.03730769957374408,0.008989988790424461,-0.0011879229466161068,1987.7916666666522,2015.7916666666267,
GWI_anthro,43/3_Human_Induced,c,2.6681558437821766,0.07605292565910209,0,0,0.9747014842369205,0.9747014842369205,1.5412539408318913,0.031608038834075265,0.008498705262720256,109.42902979906428,109.42902979906428,0.031608038834075265,0.031608038834075265,0.008498705262720256,0.0023318518482600033,1987.374999999986,2015.541666666627,
FaIR_nonat_unB,43/1_ERF_FaIR,c,2.7255258909285263,0.028204426196481218,18,0,0.24346016646848986,0.24346016646848986,1.7932837630405236,0.03694180668513644,0.02367021202847505,163.18882243668764,163.18882243668764,0.03694180668513644,0.032434942993230034,0.023670212028475062,0.009812957376778828,1988.8749999999845,2014.291666666628,
