method_name,method_class,c/r,smooth_r,avg_unc.(1se),#q<0.5,#q<0.1,q_min,q_small5,log-likeli,RMS,bias,tlog-l,100log-l,100RMS,75RMS,100bias,bias50,xyear0.5,xyear1.0,xyear1.5
cent20y,42/1_Run_Means,r,1.0,0.03015188434031753,0,0,1.0,1.0,2.593583172927422,0.0,0.0,402.0053918037504,236.9278522553392,0.0,0.0,0.0,0.0,1978.4583333333273,2005.7916666666358,
GWI_anthro_CGWL,43/3_Human_Induced,c,2.536889637162277,0.08064659981026963,0,0,0.9789855966557716,0.9789855966557716,1.478417115765379,0.041814898086732,0.0012990112846865672,104.96761521934191,104.96761521934191,0.04181489808673199,0.04181489808673199,0.0012990112846865672,0.009030567329476715,1978.041666666661,2005.7916666666358,
GWI_anthro_SR15,43/3_Human_Induced,c,2.301060449273942,0.07309553308635632,0,0,0.9985196743650032,0.9985196743650032,1.5452278077700463,0.04032036527389456,0.0029255685238442604,109.7111743516733,109.7111743516733,0.04032036527389456,0.04032036527389456,0.0029255685238442604,0.004483284737444711,1979.624999999993,2004.6249999999702,
GWI_anthro,43/3_Human_Induced,c,2.415894633894815,0.0760350020309172,0,0,0.9902578788147488,0.9902578788147488,1.5310536713418024,0.039979822369793715,0.0023094238681541823,108.70481066526797,108.70481066526796,0.039979822369793715,0.039979822369793715,0.0023094238681541823,0.006916214745820089,1979.0416666666601,2005.6249999999693,
FaIR_nonat_unB,43/1_ERF_FaIR,c,1.8887001698801762,0.02811685710524882,41,0,0.12984542211652794,0.12984542211652794,1.2909953273067338,0.04789893898645452,-0.01924653317749611,117.48057478491278,117.48057478491276,0.04789893898645452,0.043393445715497476,-0.019246533177496108,0.01406248292650872,1978.2916666666608,2002.7083333333053,
