method_name,method_class,c/r,smooth_r,avg_unc.(1se),#q<0.5,#q<0.1,q_min,q_small5,log-likeli,RMS,bias,tlog-l,100log-l,100RMS,75RMS,100bias,bias50,xyear0.5,xyear1.0,xyear1.5
cent20y,42/1_Run_Means,r,1.0,0.02895918567899019,0,0,1.0,1.0,2.6386652686661094,0.0,0.0,408.99311664324694,239.25979346634148,0.0,0.0,0.0,0.0,1984.9583333333214,2010.374999999965,
GWI_anthro_CGWL,43/3_Human_Induced,c,2.586166201132366,0.07215513719587693,0,0,0.9354659950700136,0.9354659950700136,1.357236153158332,0.061771571513411797,-0.0520603687525214,96.36376687424156,96.36376687424158,0.0617715715134118,0.0617715715134118,-0.05206036875252141,-0.06498249807254255,1987.7916666666522,2014.6249999999611,
GWI_anthro_SR15,43/3_Human_Induced,c,2.3624989489945016,0.06673951094600894,0,0,0.990988565292976,0.990988565292976,1.4585445735177962,0.054053918389989256,-0.039705920334974,103.55666471976353,103.55666471976352,0.054053918389989256,0.054053918389989256,-0.039705920334974,-0.05466395735581196,1987.6249999999857,2014.5416666666279,
GWI_anthro,43/3_Human_Induced,c,2.405463175579123,0.06871051867018006,0,0,0.9932740485393149,0.9932740485393149,1.4335354544398824,0.05606418682389582,-0.04371930569594206,101.78101726523165,101.78101726523164,0.05606418682389582,0.05606418682389582,-0.04371930569594206,-0.05832372014836781,1987.6249999999857,2014.5416666666279,
FaIR_nonat_unB,43/1_ERF_FaIR,c,5.289564815640786,0.028461690699543993,71,37,3.553188345865359e-22,1.7795152499976844e-21,-1134.7150503426494,0.4054564003960106,0.24224448127041448,-103259.06958118109,-103259.06958118107,0.4054564003960106,0.2994470066803406,0.24224448127041448,-0.008319250293458232,1986.0416666666538,2011.5416666666306,
FaIR_anthro_unB,43/1_ERF_FaIR,c,5.273962858651287,0.025344719620249583,81,40,3.027404981589228e-31,3.3426534764784516e-29,-1852.7088299708676,0.38275729553853305,0.218710106806744,-168596.50352734895,-168596.50352734892,0.38275729553853305,0.2852602175758683,0.218710106806744,-0.027288204078878907,1986.791666666653,2012.4583333332964,
