method_name,method_class,c/r,smooth_r,avg_unc.(1se),#q<0.5,#q<0.1,q_min,q_small5,log-likeli,RMS,bias,tlog-l,100log-l,100RMS,75RMS,100bias,bias50,xyear0.5,xyear1.0,xyear1.5
cent20y,42/1_Run_Means,r,1.0,0.030337384575720924,0,0,1.0,1.0,2.591807828086125,0.0,0.0,401.7302133533494,236.8646862975236,0.0,0.0,0.0,0.0,1985.124999999988,2010.5416666666315,
GWI_anthro_CGWL,43/3_Human_Induced,c,2.5168545695084847,0.08183509439315463,0,0,0.9989824156508995,0.9989824156508995,1.5043776617709665,0.03432103135113437,-0.005886093844703228,106.81081398573862,106.8108139857386,0.03432103135113437,0.03432103135113437,-0.005886093844703228,0.006002072726942121,1985.2916666666545,2012.7083333332962,
GWI_anthro_SR15,43/3_Human_Induced,c,2.311594074946918,0.07402472282016119,0,0,0.9956292162993926,0.9956292162993926,1.5386924538006173,0.04061513285277375,-0.004350576745823832,109.24716421984382,109.24716421984382,0.04061513285277375,0.04061513285277375,-0.0043505767458238325,-0.0009733476005448433,1986.124999999987,2012.7916666666295,
GWI_anthro,43/3_Human_Induced,c,2.4063466110254006,0.07718145247762852,0,0,0.9963211043680419,0.9963211043680419,1.539876050115302,0.03669431525085379,-0.004687610950092343,109.33119955818644,109.33119955818644,0.03669431525085379,0.03669431525085379,-0.004687610950092343,0.0024947421952463533,1985.2916666666545,2012.7916666666295,
FaIR_nonat_unB,43/1_ERF_FaIR,c,4.58343385216234,0.0273547193229327,42,35,7.199920356887481e-22,1.7771825686830546e-20,-988.5871554729163,0.3704662659614075,0.22425470876293954,-89961.43114803538,-89961.4311480354,0.37046626596140747,0.2748303189219144,0.22425470876293954,-0.004104128514529701,1986.2083333333203,2011.374999999964,
