method_name,method_class,c/r,smooth_r,avg_unc.(1se),#q<0.5,#q<0.1,q_min,q_small5,log-likeli,RMS,bias,tlog-l,100log-l,100RMS,75RMS,100bias,bias50,xyear0.5,xyear1.0,xyear1.5
cent20y,42/1_Run_Means,r,1.0,0.03130008474456345,0,0,1.0,1.0,2.560659608119598,0.0,0.0,396.9022392585377,236.7551775344313,0.0,0.0,0.0,0.0,1987.7916666666458,2013.2916666666226,
lowess1dg20wnc,42/3_ST_Fits,c,4.09705329924361,0.06507763704648056,4,0,0.23032852120804956,0.8447979511419121,1.3940017808853433,0.05736409311789977,-0.010581712349338811,216.0702760372282,139.88226064535377,0.04735352935807481,0.043581632896937644,-0.011870515665153982,-0.041510916580167055,1989.7083333333107,2015.2083333332876,
Kal_flexLin,42/5_Kalman,c,5.592352693928272,0.05317657451406971,13,4,0.0631475866298652,0.14152344979131676,1.415196028802363,0.05723518928265947,-0.007692905639188906,219.35538446436627,147.36775431373385,0.046973691756703004,0.04169586439682716,-0.008531401360379727,-0.03060003165150829,1989.124999999978,2015.1249999999543,
GAM_AR1,42/4_GAM_AR1,c,6.376309727374232,0.060833706574752004,13,0,0.23504721469657416,0.2996010840291667,1.2383865029731078,0.061954406216820315,-0.00027370254738754774,168.42056440434266,137.34868032416657,0.04864573896429014,0.046474876277484374,-0.008298313175780772,-0.0377507470619039,1989.3749999999777,2014.8749999999545,
CGWL10y_sfUKCP,44/44_EarthModel_CGWL,c,5.779796960898361,0.05041071508199938,0,0,0.9429166666666667,0.9429166666666667,1.638800438880045,0.04642582007705871,0.0050108907802757854,239.26486407648656,144.95134850309634,0.04575862057576227,0.04094592913747823,-0.00034337944739076256,0.00589988047625067,1989.2916666666445,2014.708333333288,
