method_name,method_class,c/r,smooth_r,avg_unc.(1se),#q<0.5,#q<0.1,q_min,q_small5,log-likeli,RMS,bias,tlog-l,100log-l,100RMS,75RMS,100bias,bias50,xyear0.5,xyear1.0,xyear1.5
cent20y,42/1_Run_Means,r,1.0,0.026719735845147297,0,0,1.0,1.0,2.713137421665607,0.0,0.0,420.5363003581691,244.8719210640242,0.0,0.0,0.0,0.0,1988.9583333333178,2015.2916666666272,
GWI_anthro_CGWL,43/3_Human_Induced,c,2.7307257906341675,0.07996024139150648,0,0,0.9795272525513449,0.9795272525513449,1.5092577158793767,0.028268810607626843,0.00044144671343894666,107.15729782743576,107.15729782743577,0.028268810607626843,0.028268810607626843,0.00044144671343894666,-0.005754723063581161,1988.6249999999848,2016.4583333332928,
GWI_anthro_SR15,43/3_Human_Induced,c,2.5210753060512703,0.07207262249262887,0,0,0.9426710360818803,0.9426710360818803,1.5026372111791548,0.04249985845995473,0.004637732112328081,106.68724199372,106.68724199372,0.04249985845995473,0.04249985845995473,0.004637732112328081,-0.01021402023617096,1989.1249999999843,2016.7916666666258,
GWI_anthro,43/3_Human_Induced,c,2.646916314087551,0.07519771993459645,0,0,0.9737926335800764,0.9737926335800764,1.5089794787148771,0.03673584172212075,0.003750237150535408,107.13754298875628,107.13754298875628,0.03673584172212075,0.03673584172212075,0.003750237150535408,-0.007358941706947998,1988.708333333318,2016.541666666626,
FaIR_nonat_unB,43/1_ERF_FaIR,c,2.73890882401293,0.02830500419760774,41,0,0.21640903686087987,0.2596908442330559,1.539744317086472,0.042854969140730524,0.02838721167224556,140.11673285486896,140.11673285486896,0.042854969140730524,0.04047410431280337,0.028387211672245557,0.012066061744381566,1988.9583333333178,2014.9583333332941,
