method_name,method_class,c/r,smooth_r,avg_unc.(1se),#q<0.5,#q<0.1,q_min,q_small5,log-likeli,RMS,bias,tlog-l,100log-l,100RMS,75RMS,100bias,bias50,xyear0.5,xyear1.0,xyear1.5
cent20y,42/1_Run_Means,r,1.0,0.03266282748362712,0,0,1.0,1.0,2.5154627981360527,0.0,0.0,389.8967337110882,230.59219912364716,0.0,0.0,0.0,0.0,1984.791666666655,2010.4583333332982,
GWI_anthro_CGWL,43/3_Human_Induced,c,2.44106805267041,0.08616104609443641,0,0,0.9772784555356149,0.9772784555356149,1.347637173468311,0.05844776771946168,-0.00016946266842088174,95.68223931625009,95.68223931625009,0.05844776771946168,0.05844776771946168,-0.00016946266842088174,0.034086059015931855,1982.9583333333233,2009.8749999999654,
GWI_anthro_SR15,43/3_Human_Induced,c,2.2341348003099326,0.07792387083379902,0,0,0.9962258905440404,0.9962258905440404,1.4241317652969763,0.05316991219723192,-0.0017140580936728053,101.11335533608532,101.11335533608532,0.05316991219723192,0.05316991219723192,-0.001714058093672806,0.021649741584051484,1985.0416666666547,2010.2083333332985,
GWI_anthro,43/3_Human_Induced,c,2.3716852596255307,0.0812495852653489,0,0,0.9817478374299926,0.9817478374299926,1.3996032203873112,0.05465391244261555,-0.0008173710519567371,99.3718286474991,99.37182864749909,0.05465391244261555,0.054653912442615554,-0.0008173710519567371,0.027283255246522472,1983.7083333333226,2010.5416666666315,
FaIR_nonat_unB,43/1_ERF_FaIR,c,4.163404323581438,0.02469695771615998,64,38,1.0952099038516178e-23,6.062143933408788e-20,-1068.8874431097406,0.3508459386322329,0.20767297359819945,-97268.75732298639,-97268.7573229864,0.3508459386322329,0.2582648658737583,0.20767297359819945,-0.010788401612700617,1986.6249999999866,2011.5416666666306,
