method_name,method_class,c/r,smooth_r,avg_unc.(1se),#q<0.5,#q<0.1,q_min,q_small5,log-likeli,RMS,bias,tlog-l,100log-l,100RMS,75RMS,100bias,bias50,xyear0.5,xyear1.0,xyear1.5
cent20y,42/1_Run_Means,r,1.0,0.02787764370736767,0,0,1.0,1.0,2.6739183853751727,0.0,0.0,414.4573497331518,241.90378698530515,0.0,0.0,0.0,0.0,1984.2083333333221,2010.7916666666313,
GWI_anthro_CGWL,43/3_Human_Induced,c,2.9504467086957304,0.07555774734315299,43,0,0.35897158718775457,0.35897158718775457,0.84657957804745,0.0977187678885114,-0.06721047391037649,60.107150041368946,60.10715004136894,0.0977187678885114,0.0977187678885114,-0.06721047391037648,-0.11530503390557455,1989.4583333333173,2017.2916666666254,
GWI_anthro_SR15,43/3_Human_Induced,c,2.6805409630318744,0.06853569370336193,11,0,0.3751055812888267,0.3751055812888267,1.073284831951541,0.07908842062855581,-0.044692577174526925,76.2032230685594,76.20322306855941,0.07908842062855582,0.07908842062855582,-0.044692577174526925,-0.08818420926537056,1988.041666666652,2016.7083333332926,
GWI_anthro,43/3_Human_Induced,c,2.892417181536627,0.07116252136567015,13,0,0.3737084351654358,0.3737084351654358,0.9774489883077394,0.08652929802310964,-0.05231037138383828,69.3988781698495,69.3988781698495,0.08652929802310963,0.08652929802310963,-0.052310371383838275,-0.09844065853434063,1988.7916666666513,2016.7916666666258,
FaIR_nonat_unB,43/1_ERF_FaIR,c,5.271185326272797,0.02820407293720061,62,39,7.307749440552151e-22,3.781885006135447e-21,-994.3056359637574,0.3835631668973334,0.23325844557964376,-90481.81287270192,-90481.81287270194,0.3835631668973334,0.2814545131165145,0.23325844557964376,0.0029347112007178135,1984.9583333333214,2011.7916666666304,
FaIR_anthro_unB,43/1_ERF_FaIR,c,5.103965720577982,0.025641252706559654,70,40,5.382483414333186e-30,2.0289610242615703e-28,-1613.0575846394859,0.3595403120553792,0.210124172703127,-146788.2402021932,-146788.2402021932,0.3595403120553791,0.2672086221218659,0.210124172703127,-0.012507090603413002,1985.458333333321,2012.624999999963,
