method_name,method_class,c/r,smooth_r,avg_unc.(1se),#q<0.5,#q<0.1,q_min,q_small5,log-likeli,RMS,bias,tlog-l,100log-l,100RMS,75RMS,100bias,bias50,xyear0.5,xyear1.0,xyear1.5
cent20y,42/1_Run_Means,r,1.0,0.03033817023613351,0,0,1.0,1.0,2.5917893228453517,0.0,0.0,401.7273450410295,236.86874398509042,0.0,0.0,0.0,0.0,1981.291666666658,2007.3749999999677,
GWI_anthro_CGWL,43/3_Human_Induced,c,2.5161197461024374,0.08183509447639715,0,0,0.9876283049558157,0.9876283049558157,1.5106086010693667,0.033853533037180625,-0.0020995377919149605,107.25321067592503,107.25321067592503,0.03385353303718063,0.03385353303718063,-0.0020995377919149605,0.009788708447482156,1981.7916666666576,2006.4583333333019,
GWI_anthro_SR15,43/3_Human_Induced,c,2.310905930179482,0.07402472283517726,0,0,0.9933519247787499,0.9933519247787499,1.5421462709886875,0.040355278758987666,-0.0005618391897899614,109.49238524019681,109.4923852401968,0.04035527875898766,0.04035527875898766,-0.0005618391897899614,0.00281642601191737,1983.0416666666565,2005.2916666666363,
GWI_anthro,43/3_Human_Induced,c,2.4056498162085322,0.07718145249671443,0,0,0.9955137844584169,0.9955137844584169,1.5438093559493038,0.036376529309456174,-0.0008996972690332958,109.61046427240058,109.61046427240058,0.036376529309456174,0.036376529309456174,-0.0008996972690332958,0.006283748862985904,1982.4583333333237,2006.8749999999682,
FaIR_nonat_unB,43/1_ERF_FaIR,c,1.798099760426048,0.027348419247700175,0,0,0.7694543532831286,0.7694543532831286,2.200391236090144,0.027202039884318744,-0.009991062988169897,200.2356024842031,200.2356024842031,0.027202039884318744,0.023555064286372995,-0.009991062988169899,-0.00132097304580418,1983.0416666666565,2008.6249999999666,
