method_name,method_class,c/r,smooth_r,avg_unc.(1se),#q<0.5,#q<0.1,q_min,q_small5,log-likeli,RMS,bias,tlog-l,100log-l,100RMS,75RMS,100bias,bias50,xyear0.5,xyear1.0,xyear1.5
cent20y,42/1_Run_Means,r,1.0,0.02663438343920396,0,0,1.0,1.0,2.71843345372178,0.0,0.0,421.3571853268759,244.325868198538,0.0,0.0,0.0,0.0,1984.458333333322,2010.6249999999648,
GWI_anthro_CGWL,43/3_Human_Induced,c,2.9616760957774226,0.08020987219112298,0,0,0.9971005237200226,0.9971005237200226,1.5223704519806969,0.026379326996921644,-0.0018011344805070157,108.08830209062948,108.08830209062948,0.026379326996921644,0.026379326996921644,-0.0018011344805070157,-0.006486749155422827,1984.3749999999886,2013.958333333295,
GWI_anthro_SR15,43/3_Human_Induced,c,2.7003233970528058,0.07228693566784751,0,0,0.9646860431237215,0.9646860431237215,1.5366793854939569,0.03715903047497992,0.0016000978081877823,109.10423637007094,109.10423637007095,0.037159030474979926,0.037159030474979926,0.0016000978081877823,-0.011112690875664664,1985.7083333333208,2014.0416666666283,
GWI_anthro,43/3_Human_Induced,c,2.8183190065176347,0.07541004946130232,0,0,0.9638595959694823,0.9638595959694823,1.5365505267365025,0.03230441952670797,0.0008224703128221039,109.09508739829168,109.0950873982917,0.03230441952670797,0.03230441952670797,0.0008224703128221041,-0.008298508602122901,1984.5416666666551,2013.958333333295,
FaIR_nonat_unB,43/1_ERF_FaIR,c,5.318879269745165,0.028419803944523956,45,36,2.516299905700447e-17,1.6025625547710968e-16,-662.2584546904749,0.3346952512463213,0.21112670113838652,-60265.51937683322,-60265.519376833225,0.3346952512463213,0.25034727309997784,0.21112670113838658,0.008604289506063779,1985.124999999988,2011.6249999999638,
