method_name,method_class,c/r,smooth_r,avg_unc.(1se),#q<0.5,#q<0.1,q_min,q_small5,log-likeli,RMS,bias,tlog-l,100log-l,100RMS,75RMS,100bias,bias50,xyear0.5,xyear1.0,xyear1.5
cent20y,42/1_Run_Means,r,1.0,0.03241322704667546,0,0,1.0,1.0,2.525492033730651,0.0,0.0,391.4512652282509,233.59676170277385,0.0,0.0,0.0,0.0,1985.2083333333148,2010.0416666666256,
lowess1dg20wnc,42/3_ST_Fits,c,3.9676335665225224,0.20403858813023856,0,0,0.9978807816852031,0.9978807816852031,0.6121716291758488,0.06429605932997709,-0.017166217460802907,94.88660252225657,40.78972803425321,0.048269246555411295,0.04448553856361164,-0.009261440101536862,-0.03985137120277917,1987.7916666666458,2012.124999999957,
Kal_flexLin,42/5_Kalman,c,5.268133722206393,0.05317657451406971,31,5,0.020315272389906245,0.03530368528389583,1.3295973043331613,0.0612335023375042,-0.007146899011615207,206.08758217164,146.50064040633268,0.047464492989961075,0.03991018041018661,-0.006781337583068665,-0.028924641187306727,1987.3749999999795,2013.0416666666229,
GAM_AR1,42/4_GAM_AR1,c,10.014191744058614,0.0662669067987742,14,7,0.026086350840499616,0.041055230191128826,1.1150698794046006,0.06993858436407344,-0.0021882919117898365,151.64950359902568,135.12686490209575,0.04957022262275282,0.04366030846260087,-0.005189809859028718,-0.03251796479933324,1987.2916666666463,2012.9583333332896,
CGWL10y_sfUKCP,44/44_EarthModel_CGWL,c,5.865168021375774,0.0511412504820093,0,0,0.9344000000000001,0.9344000000000001,1.6123914106137596,0.04577048125985785,0.0008978242909509337,235.4091459496089,140.9316189951462,0.04627417088319403,0.038730234123529196,-0.007190518090825648,0.0001262961685180277,1986.7916666666467,2009.4583333332928,
