method_name,method_class,c/r,smooth_r,avg_unc.(1se),#q<0.5,#q<0.1,q_min,q_small5,log-likeli,RMS,bias,tlog-l,100log-l,100RMS,75RMS,100bias,bias50,xyear0.5,xyear1.0,xyear1.5
cent20y,42/1_Run_Means,r,1.0,0.02936181159659969,0,0,1.0,1.0,2.625073286423316,0.0,0.0,406.886359395614,238.66008835461145,0.0,0.0,0.0,0.0,1985.2083333333148,2010.3749999999586,
lowess1dg20wnc,42/3_ST_Fits,c,3.6855236264041205,0.16707027058156754,0,0,0.5334662232720367,0.9978707607053617,0.7175736037882885,0.06133562576181133,-0.020578922402756137,111.22390858718472,58.43791898049694,0.05373680360943626,0.04661988324182949,-0.01377254995418323,-0.04222145155183158,1988.1249999999789,2013.4583333332891,
Kal_flexLin,42/5_Kalman,c,4.958048539899143,0.05317657451406971,0,0,0.503416271169802,0.503416271169802,1.528727869295977,0.05224872132613977,-0.010352925011310368,236.95281974087644,139.34478744630104,0.05133599461439599,0.040483006074909275,-0.00942296379941159,-0.030979603756707396,1987.2916666666463,2013.9583333332887,
GAM_AR1,42/4_GAM_AR1,c,7.4198363054875776,0.05687131928087187,34,8,0.0005595773295794882,0.019208738246290557,1.0090239287047222,0.06993732524176335,-0.01544702091118828,137.22725430384222,99.3194169919056,0.06551671759403334,0.051183344180267515,-0.015489336661356492,-0.042177548498723086,1987.7083333333126,2013.374999999956,
CGWL10y_sfUKCP,44/44_EarthModel_CGWL,c,5.536451480966777,0.05024437262646614,0,0,0.8395000000000001,0.8395000000000001,1.6281863621725448,0.04681427929931512,0.004972950263626436,237.71520887719154,138.7843621574723,0.050265956392825134,0.043157010387283,0.0021092223510702137,0.002722931138014758,1986.87499999998,2013.1249999999561,
