method_name,method_class,c/r,smooth_r,avg_unc.(1se),#q<0.5,#q<0.1,q_min,q_small5,log-likeli,RMS,bias,tlog-l,100log-l,100RMS,75RMS,100bias,bias50,xyear0.5,xyear1.0,xyear1.5
cent20y,42/1_Run_Means,r,1.0,0.028107667207801557,0,0,1.0,1.0,2.6661120310827964,0.0,0.0,413.24736481783344,239.4970534684365,0.0,0.0,0.0,0.0,1976.708333333329,2004.9583333333032,
GWI_anthro_CGWL,43/3_Human_Induced,c,2.5656112665072377,0.06988702323500569,0,0,0.9761618818972682,0.9761618818972682,1.470875850171742,0.05152172739352875,-0.041271346662216664,104.43218536219368,104.43218536219368,0.05152172739352875,0.05152172739352875,-0.04127134666221665,-0.054916547474348584,1980.624999999992,2006.208333333302,
GWI_anthro_SR15,43/3_Human_Induced,c,2.3362042913752545,0.06480554945757662,0,0,0.9941339849643123,0.9941339849643123,1.595662115496168,0.041978626920759786,-0.026544588908096346,113.29201020022794,113.29201020022794,0.04197862692075979,0.04197862692075979,-0.026544588908096342,-0.03999303097168575,1980.0416666666592,2004.9583333333032,
GWI_anthro,43/3_Human_Induced,c,2.4266293337369773,0.06663892059920551,0,0,0.9992435218511195,0.9992435218511195,1.5584380527425972,0.04487049151941255,-0.0314946073774275,110.6491017447244,110.6491017447244,0.04487049151941255,0.04487049151941255,-0.03149460737742749,-0.04550353165827367,1980.1249999999925,2005.874999999969,
FaIR_nonat_unB,43/1_ERF_FaIR,c,1.7833214449114045,0.02893376653042101,53,0,0.2835704620935668,0.2835704620935668,1.6258702241154794,0.04141573153718938,-0.020768157941332813,147.95419039450863,147.95419039450863,0.04141573153718938,0.042821052262426995,-0.020768157941332813,-0.005086086713616449,1978.7083333333271,2001.958333333306,
