method_name,method_class,c/r,smooth_r,avg_unc.(1se),#q<0.5,#q<0.1,q_min,q_small5,log-likeli,RMS,bias,tlog-l,100log-l,100RMS,75RMS,100bias,bias50,xyear0.5,xyear1.0,xyear1.5
cent20y,42/1_Run_Means,r,1.0,0.026721883464822856,0,0,1.0,1.0,2.7130592206210764,0.0,0.0,420.52417919626686,244.8616634240129,0.0,0.0,0.0,0.0,1984.1249999999889,2010.7916666666313,
GWI_anthro_CGWL,43/3_Human_Induced,c,2.7300656152314984,0.07996024139799329,0,0,0.9938286443239734,0.9938286443239734,1.5059763401371806,0.028449335390091573,-0.0031399112251425153,106.92432014973983,106.92432014973983,0.028449335390091573,0.028449335390091573,-0.003139911225142515,-0.009354336750537396,1984.9583333333214,2013.958333333295,
GWI_anthro_SR15,43/3_Human_Induced,c,2.520515213098428,0.07207262259418412,0,0,0.962317160441924,0.962317160441924,1.5016700225642376,0.04226798952795623,0.0010553023559880439,106.61857160206087,106.61857160206087,0.04226798952795623,0.04226798952795623,0.001055302355988044,-0.013816140792528716,1985.791666666654,2014.1249999999616,
GWI_anthro,43/3_Human_Induced,c,2.6462000232483343,0.07519772009977486,0,0,0.9725748849110027,0.9725748849110027,1.5078328848077116,0.036553766094233754,0.00016889220123938423,107.05613482134753,107.05613482134751,0.036553766094233754,0.036553766094233754,0.00016889220123938412,-0.010960567788643405,1984.791666666655,2014.0416666666283,
FaIR_nonat_unB,43/1_ERF_FaIR,c,5.486477820327665,0.02831774223060319,50,37,1.1055481367664167e-16,1.5592525794720532e-15,-663.8974194860092,0.33560844128213824,0.21256873676998989,-60414.66517322684,-60414.66517322684,0.3356084412821382,0.25519991737311554,0.21256873676998994,0.00940460569286245,1985.0416666666547,2011.9583333332969,
