method_name,method_class,c/r,smooth_r,avg_unc.(1se),#q<0.5,#q<0.1,q_min,q_small5,log-likeli,RMS,bias,tlog-l,100log-l,100RMS,75RMS,100bias,bias50,xyear0.5,xyear1.0,xyear1.5
cent20y,42/1_Run_Means,r,1.0,0.026995406095528286,0,0,1.0,1.0,2.7039553261004055,0.0,0.0,419.1130755455629,243.4649122516015,0.0,0.0,0.0,0.0,1988.8749999999845,2014.9583333332941,
GWI_anthro_CGWL,43/3_Human_Induced,c,2.8466196416936107,0.0803355069672737,0,0,0.9994947907303817,0.9994947907303817,1.5272282156579564,0.024368354819954776,0.0005303507292268048,108.4332033117149,108.43320331171489,0.024368354819954776,0.024368354819954776,0.0005303507292268048,-0.003122491980554831,1988.374999999985,2015.87499999996,
GWI_anthro_SR15,43/3_Human_Induced,c,2.6153347554987367,0.07246905132402157,0,0,0.9578230791534845,0.9578230791534845,1.5301549834509263,0.03818893123440401,0.003991093502667746,108.64100382501577,108.64100382501576,0.03818893123440401,0.03818893123440401,0.003991093502667746,-0.008554260025646646,1988.8749999999845,2016.2916666666263,
GWI_anthro,43/3_Human_Induced,c,2.7679413724187842,0.07560082963008534,0,0,0.9788373105915972,0.9788373105915972,1.5330614054412701,0.03239198386486055,0.0033051097488689387,108.84735978633017,108.84735978633017,0.03239198386486055,0.03239198386486055,0.0033051097488689383,-0.005371413791983053,1988.374999999985,2015.9583333332932,
FaIR_nonat_unB,43/1_ERF_FaIR,c,2.846688002360523,0.028384088717399874,56,0,0.1793103448275862,0.1793103448275862,1.0981839374800217,0.04994408202275603,0.039872813640274146,99.93473831068198,99.93473831068195,0.04994408202275602,0.04544654926980985,0.039872813640274146,0.02411791322463544,1988.8749999999845,2014.2083333332948,
FaIR_anthro_unB,43/1_ERF_FaIR,c,2.7101043497596016,0.024294521792461016,78,39,0.07252247061047852,0.07252247061047852,-0.536862839186892,0.05748420495158958,0.05148573560651079,-48.85451836600718,-48.85451836600718,0.057484204951589575,0.05722726243423828,0.05148573560651079,0.04169054792336226,1987.1249999999861,2013.958333333295,
