method_name,method_class,c/r,smooth_r,avg_unc.(1se),#q<0.5,#q<0.1,q_min,q_small5,log-likeli,RMS,bias,tlog-l,100log-l,100RMS,75RMS,100bias,bias50,xyear0.5,xyear1.0,xyear1.5
cent20y,42/1_Run_Means,r,1.0,0.028728306138772502,0,0,1.0,1.0,2.647754624557361,0.0,0.0,410.40196680639093,240.96227069821015,0.0,0.0,0.0,0.0,1984.6249999999884,2010.7916666666313,
GWI_anthro_CGWL,43/3_Human_Induced,c,2.5868242846527867,0.07182469506192068,0,0,0.7618159618126668,0.7618159618126668,1.2528721724118903,0.07061018044612297,-0.061861025371275025,88.95392424124421,88.95392424124421,0.07061018044612297,0.07061018044612297,-0.061861025371275025,-0.0714595655848702,1987.9583333333187,2015.541666666627,
GWI_anthro_SR15,43/3_Human_Induced,c,2.353565147422581,0.06660859583637434,0,0,0.816083056022604,0.816083056022604,1.4027402929115949,0.05963021163873357,-0.047723714052999924,99.59456079672323,99.59456079672324,0.05963021163873356,0.05963021163873356,-0.047723714052999924,-0.058342377539713254,1987.708333333319,2015.3749999999604,
GWI_anthro,43/3_Human_Induced,c,2.428568052508572,0.0684979809907503,0,0,0.8591239953967238,0.8591239953967238,1.3593996872288674,0.06276902875002889,-0.05236348136741211,96.51737779324958,96.51737779324958,0.06276902875002889,0.06276902875002889,-0.05236348136741211,-0.06313518633859135,1987.708333333319,2015.3749999999604,
FaIR_nonat_unB,43/1_ERF_FaIR,c,5.109802112149594,0.02875699821577459,73,44,1.923440477523266e-23,1.5456161377634949e-21,-1026.0444597417902,0.39461252501318617,0.23348016145044034,-93370.0458365029,-93370.0458365029,0.39461252501318617,0.290786557029223,0.23348016145044034,-0.009017092379045853,1986.2083333333203,2012.4583333332964,
