method_name,method_class,c/r,smooth_r,avg_unc.(1se),#q<0.5,#q<0.1,q_min,q_small5,log-likeli,RMS,bias,tlog-l,100log-l,100RMS,75RMS,100bias,bias50,xyear0.5,xyear1.0,xyear1.5
cent20y,42/1_Run_Means,r,1.0,0.02709964305501444,0,0,1.0,1.0,2.700704148594601,0.0,0.0,418.60914303216316,243.51898809161855,0.0,0.0,0.0,0.0,1985.791666666654,2012.0416666666301,
GWI_anthro_CGWL,43/3_Human_Induced,c,2.797283894255541,0.07891745981437621,0,0,0.9927454962462555,0.9927454962462555,1.4510007104156744,0.03725609500905514,-0.0029941047359378936,103.02105043951288,103.02105043951289,0.03725609500905514,0.03725609500905514,-0.0029941047359378936,-0.0208405736998017,1986.45833333332,2015.0416666666274,
GWI_anthro_SR15,43/3_Human_Induced,c,2.5514025975583907,0.07112196620251345,0,0,0.9893677381229489,0.9893677381229489,1.4545701982660835,0.04731545955144041,0.0029105774570954064,103.27448407689192,103.27448407689194,0.047315459551440404,0.04731545955144041,0.0029105774570954064,-0.021146056859578252,1986.6249999999866,2015.1249999999607,
GWI_anthro,43/3_Human_Induced,c,2.6539610788855352,0.0741051287180821,0,0,0.9917122870032388,0.9917122870032388,1.4592175539313896,0.043139698930937206,0.0012859598619000452,103.60444632912866,103.60444632912865,0.043139698930937206,0.04313969893093721,0.0012859598619000452,-0.02001005809610635,1986.2916666666536,2015.0416666666274,
FaIR_nonat_unB,43/1_ERF_FaIR,c,2.271776031653392,0.02812965865307332,0,0,0.7934998018232263,0.9689222786725759,2.242736715903927,0.024329496123555203,0.00600808881475915,204.08904114725735,204.08904114725735,0.024329496123555203,0.02397902279289781,0.00600808881475915,0.008979950387070586,1986.124999999987,2012.624999999963,
