method_name,method_class,c/r,smooth_r,avg_unc.(1se),#q<0.5,#q<0.1,q_min,q_small5,log-likeli,RMS,bias,tlog-l,100log-l,100RMS,75RMS,100bias,bias50,xyear0.5,xyear1.0,xyear1.5
cent20y,42/1_Run_Means,r,1.0,0.02922718413781151,0,0,1.0,1.0,2.6246255280743847,0.0,0.0,406.8169568515296,236.44461030433996,0.0,0.0,0.0,0.0,1984.9583333333214,2010.374999999965,
GWI_anthro_CGWL,43/3_Human_Induced,c,2.530109649526668,0.08607813510834973,0,0,0.987710876602796,0.987710876602796,1.239270063330955,0.07201775957461365,0.014642520647799475,87.9881744964978,87.9881744964978,0.07201775957461365,0.07201775957461365,0.014642520647799475,0.05514007422831716,1982.208333333324,2009.1249999999661,
GWI_anthro_SR15,43/3_Human_Induced,c,2.3406741371577167,0.07705643696323028,0,0,0.9380565488803242,0.9380565488803242,1.3359687423543387,0.06436187688510481,0.009617632057095577,94.85378070715805,94.85378070715807,0.0643618768851048,0.06436187688510481,0.009617632057095577,0.03930134769953468,1984.1249999999889,2009.2083333332994,
GWI_anthro,43/3_Human_Induced,c,2.465750488026536,0.08084555590580828,0,0,0.9333679524024661,0.9333679524024661,1.308132096306081,0.0665492219177444,0.011343782560102553,92.87737883773175,92.87737883773178,0.06654922191774441,0.0665492219177444,0.011343782560102553,0.046118197124703955,1982.9583333333233,2009.5416666666324,
FaIR_nonat_unB,43/1_ERF_FaIR,c,4.842410813409034,0.027809855372580808,61,36,4.149789895339552e-21,3.944988681566374e-19,-1023.6834556830923,0.3856666943067558,0.23244174847147764,-93155.1944671614,-93155.1944671614,0.3856666943067558,0.27028753272416695,0.23244174847147764,-0.002960885774662391,1985.7083333333208,2011.6249999999638,
