method_name,method_class,c/r,smooth_r,avg_unc.(1se),#q<0.5,#q<0.1,q_min,q_small5,log-likeli,RMS,bias,tlog-l,100log-l,100RMS,75RMS,100bias,bias50,xyear0.5,xyear1.0,xyear1.5
cent20y,42/1_Run_Means,r,1.0,0.031371649269290175,0,0,1.0,1.0,2.5550733798724585,0.0,0.0,396.03637388023105,232.35977949652718,0.0,0.0,0.0,0.0,1985.124999999988,2010.5416666666315,
GWI_anthro_CGWL,43/3_Human_Induced,c,2.4517810823812063,0.08489761070262775,0,0,0.9481243094359253,0.9481243094359253,1.3598445237921415,0.056963633037470776,0.006628298919818535,96.54896118924205,96.54896118924206,0.056963633037470776,0.056963633037470776,0.006628298919818535,0.03927306396623874,1983.208333333323,2009.4583333332992,
GWI_anthro_SR15,43/3_Human_Induced,c,2.258913577490876,0.07646584919048255,0,0,0.9964904981636196,0.9964904981636196,1.431685119876004,0.05407496037460586,0.004637119371145897,101.64964351119629,101.64964351119629,0.05407496037460586,0.05407496037460586,0.0046371193711458964,0.026337174025031697,1985.2916666666545,2009.5416666666324,
GWI_anthro,43/3_Human_Induced,c,2.4346102656657234,0.07997569400421134,0,0,0.945141463300562,0.945141463300562,1.4167524442071167,0.054295450865123725,0.005615347384918228,100.58942353870529,100.58942353870529,0.054295450865123725,0.054295450865123725,0.005615347384918228,0.03217589545992901,1983.9583333333223,2009.8749999999654,
FaIR_nonat_unB,43/1_ERF_FaIR,c,4.451488742136561,0.026692357282112816,60,36,4.287076421330495e-22,7.290713709098346e-20,-1043.2358854706868,0.373100842509415,0.22494750870156716,-94934.4655778325,-94934.46557783248,0.373100842509415,0.27332703713120954,0.22494750870156713,-0.005062381887254957,1986.6249999999866,2011.2916666666308,
