method_name,method_class,c/r,smooth_r,avg_unc.(1se),#q<0.5,#q<0.1,q_min,q_small5,log-likeli,RMS,bias,tlog-l,100log-l,100RMS,75RMS,100bias,bias50,xyear0.5,xyear1.0,xyear1.5
cent20y,42/1_Run_Means,r,1.0,0.03223718365069718,0,0,1.0,1.0,2.528034252162824,0.0,0.0,391.8453090852377,233.5755570372353,0.0,0.0,0.0,0.0,1987.1249999999798,2012.2083333332903,
lowess1dg20wnc,42/3_ST_Fits,c,3.9629296416645494,0.06599711314108028,3,0,0.3591224393863197,0.8236226457130048,1.4043314647506062,0.05644811964854423,-0.01672936987228683,217.67137703634396,142.6979309174445,0.043710148081323605,0.04002013692945227,-0.011301058903916628,-0.040230694861756774,1989.2916666666445,2014.374999999955,
Kal_flexLin,42/5_Kalman,c,5.486730644633346,0.05317657451406971,14,3,0.06078516778328519,0.3524549765899569,1.4534997384488688,0.055403582057986664,-0.008457741154518606,225.29245945957467,151.0459764312685,0.04483205803665794,0.03834064788633947,-0.00804902234348373,-0.029578344462147577,1988.6249999999784,2014.2916666666217,
GAM_AR1,42/4_GAM_AR1,c,6.08081092329101,0.058135013821957286,10,3,0.02180933277377861,0.10077832465888292,1.2781113251260074,0.056329587305597915,-0.006564851725958636,173.82314021713702,140.86214631031459,0.04674993797483371,0.04144063559503005,-0.007444124307894118,-0.03717220565080153,1989.2083333333112,2014.2916666666217,
CGWL10y_sfUKCP,44/44_EarthModel_CGWL,c,6.219987944084585,0.05067576564127399,0,0,0.9817241379310345,0.9817241379310345,1.6427736357929625,0.04522689804895742,0.0070234118282430326,239.84495082577254,145.75607734785535,0.044730662379525145,0.039221800940740584,-0.00016619891994581223,0.005293586855669047,1987.7083333333126,2014.041666666622,
