method_name,method_class,c/r,smooth_r,avg_unc.(1se),#q<0.5,#q<0.1,q_min,q_small5,log-likeli,RMS,bias,tlog-l,100log-l,100RMS,75RMS,100bias,bias50,xyear0.5,xyear1.0,xyear1.5
cent20y,42/1_Run_Means,r,1.0,0.0268829862001264,0,0,1.0,1.0,2.7073744588483284,0.0,0.0,419.6430411214909,242.5197676541379,0.0,0.0,0.0,0.0,1985.791666666654,2011.6249999999638,
GWI_anthro_CGWL,43/3_Human_Induced,c,2.8773442097451274,0.08056709074567404,0,0,0.9981535837219806,0.9981535837219806,1.5423253647505217,0.025807071816800083,0.003995099641368317,109.50510089728704,109.50510089728704,0.025807071816800083,0.02580707181680008,0.003995099641368317,0.0043170013378889165,1985.6249999999875,2014.0416666666283,
GWI_anthro_SR15,43/3_Human_Induced,c,2.649851056099957,0.0725616267646369,0,0,0.961836857715827,0.961836857715827,1.567293015157533,0.033673154870090066,0.005981946571980671,111.27780407618485,111.27780407618484,0.033673154870090066,0.033673154870090066,0.0059819465719806696,-0.0019241580946756955,1986.2083333333203,2014.2083333332948,
GWI_anthro,43/3_Human_Induced,c,2.8296191108233244,0.07572059821586795,0,0,0.9988760118917528,0.9988760118917528,1.5622164537229297,0.029830415205782123,0.005603388657441868,110.91736821432801,110.91736821432801,0.029830415205782126,0.029830415205782126,0.005603388657441868,0.001416797192828025,1985.5416666666542,2014.1249999999616,
FaIR_nonat_unB,43/1_ERF_FaIR,c,2.098141713339006,0.028338486514653215,0,0,0.8656361474435195,0.9821640903686087,2.3038571512637467,0.022535954822593213,0.00870767805209505,209.65100076500093,209.65100076500096,0.02253595482259321,0.02059285197062287,0.00870767805209505,0.009235565542714284,1986.0416666666538,2012.1249999999634,
