method_name,method_class,c/r,smooth_r,avg_unc.(1se),#q<0.5,#q<0.1,q_min,q_small5,log-likeli,RMS,bias,tlog-l,100log-l,100RMS,75RMS,100bias,bias50,xyear0.5,xyear1.0,xyear1.5
cent20y,42/1_Run_Means,r,1.0,0.029290156352373073,0,0,1.0,1.0,2.6347866460837426,0.0,0.0,408.39193014298013,242.66179278326484,0.0,0.0,0.0,0.0,1984.6249999999884,2010.6249999999648,
GWI_anthro_CGWL,43/3_Human_Induced,c,2.608575401231336,0.07671784761750307,46,0,0.26777705039844407,0.26777705039844407,0.7353662605155558,0.10642605209724398,-0.08563024315899948,52.21100449660446,52.21100449660446,0.10642605209724398,0.10642605209724398,-0.08563024315899946,-0.1279325763017813,1990.29166666665,2017.4583333332919,
GWI_anthro_SR15,43/3_Human_Induced,c,2.360035277174354,0.06956808878662596,11,0,0.2662356256740256,0.2662356256740256,0.9821783685450546,0.08582113680677707,-0.0629553934554671,69.73466416669888,69.73466416669889,0.08582113680677707,0.08582113680677707,-0.0629553934554671,-0.10117742344459976,1989.5416666666506,2016.874999999959,
GWI_anthro,43/3_Human_Induced,c,2.4990023477509955,0.07221626985992981,29,0,0.2931865339057579,0.2931865339057579,0.8896616516177517,0.09338959306101466,-0.07045958257709717,63.165977264860366,63.165977264860366,0.09338959306101466,0.09338959306101466,-0.07045958257709717,-0.1112327678634852,1989.7916666666504,2016.9583333332923,
FaIR_nonat_unB,43/1_ERF_FaIR,c,4.8438131663719695,0.02792372939842867,69,36,5.023753363205696e-24,5.262329897316282e-21,-950.2767505538698,0.3722344643291386,0.22345289151067937,-86475.18430040215,-86475.18430040214,0.37223446432913854,0.27931518772300973,0.22345289151067935,-0.004473249790940753,1985.7083333333208,2012.0416666666301,
