method_name,method_class,c/r,smooth_r,avg_unc.(1se),#q<0.5,#q<0.1,q_min,q_small5,log-likeli,RMS,bias,tlog-l,100log-l,100RMS,75RMS,100bias,bias50,xyear0.5,xyear1.0,xyear1.5
cent20y,42/1_Run_Means,r,1.0,0.029262270515920376,0,0,1.0,1.0,2.626560789814804,0.0,0.0,407.1169224212946,235.77418692967836,0.0,0.0,0.0,0.0,1989.4583333333173,2013.3749999999623,
GWI_anthro_CGWL,43/3_Human_Induced,c,2.6977984118919545,0.08766451341476436,0,0,0.9981523466053204,0.9981523466053204,1.290116686760779,0.06690312878309615,0.008467693919243166,91.5982847600153,91.59828476001528,0.06690312878309615,0.06690312878309615,0.008467693919243166,0.04819538329985269,1986.6249999999866,2014.291666666628,
GWI_anthro_SR15,43/3_Human_Induced,c,2.499248531452057,0.07838488349392009,0,0,0.9811963859878815,0.9811963859878815,1.4021466101008415,0.05632079850883744,0.0048977329989616375,99.55240931715974,99.55240931715974,0.05632079850883744,0.05632079850883744,0.004897732998961637,0.031846992203768756,1987.2916666666526,2014.7916666666276,
GWI_anthro,43/3_Human_Induced,c,2.6501251266073025,0.08227318376750198,0,0,0.9680545314524132,0.9680545314524132,1.3617983572442447,0.059982066997681716,0.006507295032891474,96.68768336434137,96.68768336434138,0.05998206699768172,0.05998206699768172,0.006507295032891473,0.039113876135132467,1986.5416666666533,2014.4583333332946,
FaIR_nonat_unB,43/1_ERF_FaIR,c,2.3808606308615685,0.027349741908847057,40,12,0.02117849690223889,0.08656361474435195,-0.2970989438690419,0.05437863418635187,0.03816543508283519,-27.03600389208281,-27.036003892082817,0.05437863418635187,0.037940709216053296,0.038165435082835195,0.017898392059633197,1988.9583333333178,2013.8749999999618,
FaIR_anthro_unB,43/1_ERF_FaIR,c,2.368307469143282,0.024176117057973238,75,46,0.015431773454050847,0.039073733255483176,-2.0639022849828694,0.06340209773886557,0.051552532505789846,-187.8151079334411,-187.81510793344108,0.06340209773886556,0.05219645997884103,0.051552532505789825,0.03771487383159816,1987.4583333333192,2013.5416666666288,
