method_name,method_class,c/r,smooth_r,avg_unc.(1se),#q<0.5,#q<0.1,q_min,q_small5,log-likeli,RMS,bias,tlog-l,100log-l,100RMS,75RMS,100bias,bias50,xyear0.5,xyear1.0,xyear1.5
cent20y,42/1_Run_Means,r,1.0,0.03223074844056488,0,0,1.0,1.0,2.535632278082165,0.0,0.0,393.0230031027356,237.29329784348067,0.0,0.0,0.0,0.0,1990.624999999983,2015.4583333332937,
GWI_anthro_CGWL,43/3_Human_Induced,c,2.2922764209823225,0.09091778223927625,0,0,0.6198210258415534,0.6198210258415534,0.9348264866768075,0.09712608576532661,-0.012416840017004147,66.37268055405333,66.37268055405335,0.09712608576532661,0.09712608576532661,-0.012416840017004148,0.04805132149929009,1987.374999999986,2015.2916666666272,
GWI_anthro_SR15,43/3_Human_Induced,c,2.1278636871457666,0.08202246327757816,0,0,0.6576488545598135,0.6576488545598135,1.0799252063963716,0.08519088644179132,-0.01498916444795867,76.67468965414238,76.67468965414238,0.0851908864417913,0.0851908864417913,-0.01498916444795867,0.032233726382139005,1987.9583333333187,2015.7083333332935,
GWI_anthro,43/3_Human_Induced,c,2.329662564341159,0.08573451707584116,0,0,0.6125801662152306,0.6125801662152306,1.0224031976933874,0.089930141600204,-0.013563761528973385,72.5906270362305,72.5906270362305,0.089930141600204,0.089930141600204,-0.013563761528973386,0.03934010652913915,1987.374999999986,2015.4583333332937,
FaIR_nonat_unB,43/1_ERF_FaIR,c,2.13400742664467,0.02528836122221111,46,13,0.006226605859963297,0.052279496807430784,-1.0935008894020108,0.05634571213866419,0.03645562538772545,-99.50858093558298,-99.50858093558296,0.05634571213866419,0.039493036192602714,0.03645562538772544,0.011669550263094889,1990.29166666665,2014.9583333332941,
FaIR_anthro_unB,43/1_ERF_FaIR,c,1.9785626819136732,0.02357151699965252,66,49,0.019113574265547793,0.021420417223592204,-3.141271681073072,0.06275311594052828,0.053768088352349246,-285.8557229776495,-285.8557229776495,0.06275311594052828,0.05293094687061689,0.05376808835234923,0.03705693242055486,1988.7916666666513,2014.3749999999613,
