method_name,method_class,c/r,smooth_r,avg_unc.(1se),#q<0.5,#q<0.1,q_min,q_small5,log-likeli,RMS,bias,tlog-l,100log-l,100RMS,75RMS,100bias,bias50,xyear0.5,xyear1.0,xyear1.5
cent20y,42/1_Run_Means,r,1.0,0.02922720846499472,0,0,1.0,1.0,2.6270735927592366,0.0,0.0,407.1964068776817,238.29832139759853,0.0,0.0,0.0,0.0,1987.3749999999795,2013.0416666666229,
lowess1dg20wnc,42/3_ST_Fits,c,3.6158655521753222,0.05780789795806112,0,0,0.8455388547566335,0.8455388547566335,1.5153583162264648,0.05317494449213401,-0.018336438266930728,234.88053901510204,136.3560597577425,0.05099478966230668,0.047500920601432066,-0.014031467120969079,-0.03591447937546276,1989.2916666666445,2014.9583333332878,
Kal_flexLin,42/5_Kalman,c,5.078498194390628,0.05317657451406971,0,0,0.8159830863604677,0.8163660325556422,1.6189263682504995,0.047808050137150074,-0.008727987064446012,250.93358707882743,145.19467431786978,0.0481942601384095,0.040230546129103255,-0.009663259782874984,-0.024335411495225636,1988.6249999999784,2014.8749999999545,
GAM_AR1,42/4_GAM_AR1,c,5.060876159706153,0.05134068982187222,11,5,0.011288036052046284,0.04576204475462833,1.281289143912689,0.05659944854200162,-0.020584178428815943,174.2553235721257,123.74543914419516,0.05722295862332129,0.050432349865055966,-0.016977008087267684,-0.03749807035459799,1989.2916666666445,2014.6249999999548,
CGWL10y_sfUKCP,44/44_EarthModel_CGWL,c,5.931983198272799,0.050055494784347475,0,0,0.9870422535211267,0.9870422535211267,1.6831795406782553,0.04306862859482919,0.007454142262855107,245.74421293902526,144.42898570350178,0.045330368579248326,0.0376171962218183,0.000982919659880323,0.004507062673179631,1989.124999999978,2014.5416666666215,
