method_name,method_class,c/r,smooth_r,avg_unc.(1se),#q<0.5,#q<0.1,q_min,q_small5,log-likeli,RMS,bias,tlog-l,100log-l,100RMS,75RMS,100bias,bias50,xyear0.5,xyear1.0,xyear1.5
cent20y,42/1_Run_Means,r,1.0,0.03238589717495197,0,0,1.0,1.0,2.5236008164071793,0.0,0.0,391.15812654311276,231.98492259216158,0.0,0.0,0.0,0.0,1985.6249999999875,2010.9583333332978,
GWI_anthro_CGWL,43/3_Human_Induced,c,2.4246298134330457,0.08506022750900509,0,0,0.9890397154584053,0.9890397154584053,1.4535153467455992,0.04353647446111951,0.013237753504708112,103.19958961893755,103.19958961893754,0.043536474461119516,0.043536474461119516,0.013237753504708112,0.03294412617624962,1983.6249999999893,2012.0416666666301,
GWI_anthro_SR15,43/3_Human_Induced,c,2.2128769325915525,0.07671927981982893,0,0,0.9926834634083255,0.9926834634083255,1.5164733019303656,0.04161547654908458,0.012254026303905536,107.66960443705595,107.66960443705594,0.04161547654908458,0.04161547654908458,0.012254026303905537,0.02223609618486749,1985.6249999999875,2012.29166666663,
GWI_anthro,43/3_Human_Induced,c,2.355971001257848,0.08005544771702365,0,0,0.9983965799096748,0.9983965799096748,1.4979772620636003,0.04145351222165461,0.012861788740719707,106.35638560651562,106.35638560651562,0.04145351222165461,0.04145351222165461,0.012861788740719707,0.027235514277150766,1984.2916666666554,2012.29166666663,
FaIR_nonat_unB,43/1_ERF_FaIR,c,1.8211974869572325,0.025140124405173107,6,0,0.2885453824811732,0.36068172810146654,2.1243254812154553,0.028081587935586395,0.008451109579412844,193.31361879060643,193.3136187906064,0.02808158793558639,0.022095886093963946,0.008451109579412844,0.004148676931348958,1986.45833333332,2011.6249999999638,
FaIR_anthro_unB,43/1_ERF_FaIR,c,1.6899600823537373,0.023262056402602396,20,0,0.21640903686087987,0.24761904761904763,1.923169837344377,0.03092475750293135,0.016023322222977802,175.0084551983383,175.0084551983383,0.030924757502931347,0.028185906573987635,0.016023322222977802,0.016628413422705775,1985.458333333321,2011.374999999964,
