method_name,method_class,c/r,smooth_r,avg_unc.(1se),#q<0.5,#q<0.1,q_min,q_small5,log-likeli,RMS,bias,tlog-l,100log-l,100RMS,75RMS,100bias,bias50,xyear0.5,xyear1.0,xyear1.5
cent20y,42/1_Run_Means,r,1.0,0.0264800090696292,0,0,1.0,1.0,2.7240564123470543,0.0,0.0,422.22874391379344,244.5723489369969,0.0,0.0,0.0,0.0,1984.5416666666488,2010.3749999999586,
lowess1dg20wnc,42/3_ST_Fits,c,3.27401526842026,0.16817260418550242,0,0,0.9992463399432688,0.9992463399432688,0.8282450313208558,0.04830246509469575,-0.012488529834519554,128.37797985473264,58.64845826461085,0.04970935788256807,0.04908291553322928,-0.014599568451629031,-0.040380421753098326,1986.9583333333132,2013.374999999956,
Kal_flexLin,42/5_Kalman,c,4.584173868301463,0.05317657451406971,0,0,0.9129254356592696,0.9129254356592696,1.6585071871317814,0.04585171700350524,-0.01079177785982553,257.0686140054261,151.47953337163187,0.044572841942148576,0.04384717006021337,-0.009578984795680333,-0.02757003087174481,1986.4583333333137,2013.8749999999554,
GAM_AR1,42/4_GAM_AR1,c,7.167326468036828,0.04235208042161517,45,4,0.01051940810167658,0.1122979750016993,1.3389237601116815,0.05100674746926157,-0.006380047390660512,182.0936313751887,125.29027177120014,0.05071933877424117,0.0459753483603013,-0.01335266965663161,-0.026288836675979664,1986.2916666666472,2013.6249999999557,
CGWL10y_sfUKCP,44/44_EarthModel_CGWL,c,5.966281222204182,0.05025652775601033,0,0,0.9125,0.9125,1.6131900010657627,0.04344408346964369,0.0009337932880120512,235.52574015560137,151.94035205102074,0.039056250694595694,0.035948482287634226,0.003044098141866284,0.006345919369792959,1985.5416666666479,2009.874999999959,
