method_name,method_class,c/r,smooth_r,avg_unc.(1se),#q<0.5,#q<0.1,q_min,q_small5,log-likeli,RMS,bias,tlog-l,100log-l,100RMS,75RMS,100bias,bias50,xyear0.5,xyear1.0,xyear1.5
cent20y,42/1_Run_Means,r,1.0,0.03262685864220635,0,0,1.0,1.0,2.5209117549478055,0.0,0.0,390.74132201690986,233.5892823895373,0.0,0.0,0.0,0.0,1985.1249999999816,2010.0416666666256,
lowess1dg20wnc,42/3_ST_Fits,c,3.911441096942694,0.18811988244109376,0,0,0.9998634327201149,0.9998634327201149,0.6763244900436878,0.06799236714591074,-0.0023799630055074002,104.83029595677161,50.992971888511576,0.046655740247326605,0.04146927018222704,-0.010356742736047003,-0.039469155648809,1987.6249999999793,2012.9583333332896,
Kal_flexLin,42/5_Kalman,c,5.524925612740494,0.05317657451406971,25,11,0.01697613301299356,0.028959303163492826,1.250475175822536,0.063565059290628,-0.007238821127039033,193.8236522524931,143.7236916959634,0.04900322496909681,0.0404980693403569,-0.007415572658241281,-0.028831944139973503,1987.1249999999798,2013.374999999956,
GAM_AR1,42/4_GAM_AR1,c,7.892096737167877,0.06996837324341139,19,8,0.018541256816784483,0.035457538374202166,0.9593831307987829,0.08120026527304285,-0.0010136390064175095,130.47610578863447,127.86499942259138,0.055211782991932995,0.04091354137548826,-0.006823773300390584,-0.02427732800658699,1986.7916666666467,2013.2916666666226,
CGWL10y_sfUKCP,44/44_EarthModel_CGWL,c,6.331964476113881,0.05094784736152618,0,0,0.8651851851851853,0.8651851851851853,1.5903359787822773,0.049461281575651495,0.005911371277373031,232.1890529022125,142.89391435744812,0.04775613302039766,0.03913884976235615,0.0008937780443653626,0.002697427680325502,1986.1249999999807,2009.7083333332926,
