method_name,method_class,c/r,smooth_r,avg_unc.(1se),#q<0.5,#q<0.1,q_min,q_small5,log-likeli,RMS,bias,tlog-l,100log-l,100RMS,75RMS,100bias,bias50,xyear0.5,xyear1.0,xyear1.5
cent20y,42/1_Run_Means,r,1.0,0.027539470220175454,0,0,1.0,1.0,2.686455337624583,0.0,0.0,416.4005773318104,242.2092838698644,0.0,0.0,0.0,0.0,1985.6249999999811,2011.2916666666245,
lowess1dg20wnc,42/3_ST_Fits,c,3.6545738470114184,0.04636448757190943,39,0,0.37234901522926145,0.37234901522926145,1.4597896259799248,0.050171044905277636,-0.014659942366549899,226.26739202688833,136.3859490751599,0.050063342123211806,0.05024203405309057,-0.015385935542757863,-0.041939428380913,1987.7916666666458,2014.6249999999548,
Kal_flexLin,42/5_Kalman,c,4.866655799511218,0.05317657451406971,0,0,0.8750086429946841,0.8750086429946841,1.6372548729460923,0.046922205958110995,-0.011547063141474603,253.7745053066443,151.31782498858584,0.04466970043672509,0.04556817221431796,-0.01035372421332498,-0.029479963099389293,1987.1249999999798,2014.6249999999548,
GAM_AR1,42/4_GAM_AR1,c,7.484754127933778,0.044220283578540735,25,4,0.004547553557118153,0.1647435293524153,1.3246342858986935,0.0537672558114736,-0.00821532535908831,180.1502628822223,111.62282127607827,0.054836379575839485,0.049259967469627325,-0.0168222245527758,-0.03085584846631878,1986.87499999998,2014.4583333332882,
CGWL10y_sfUKCP,44/44_EarthModel_CGWL,c,6.653954662386336,0.05016475945951477,0,0,0.8788349514563106,0.8788349514563106,1.6325399521862063,0.04415403852182412,-0.0008174388031100198,238.35083301918613,154.20748473191736,0.03969143659648057,0.03864447813666358,0.0011813646877670354,0.004421096270971317,1986.7083333333135,2014.041666666622,
