method_name,method_class,c/r,smooth_r,avg_unc.(1se),#q<0.5,#q<0.1,q_min,q_small5,log-likeli,RMS,bias,tlog-l,100log-l,100RMS,75RMS,100bias,bias50,xyear0.5,xyear1.0,xyear1.5
cent20y,42/1_Run_Means,r,1.0,0.026919981432262798,0,0,1.0,1.0,2.7079950458197652,0.0,0.0,419.7392321020636,244.31965651344305,0.0,0.0,0.0,0.0,1984.8749999999882,2010.2083333332985,
GWI_anthro_CGWL,43/3_Human_Induced,c,2.909833058039173,0.08180767603437047,0,0,0.9970897543178749,0.9970897543178749,1.5261826539352954,0.02461400354109204,-0.0006903111808077931,108.35896842940598,108.35896842940598,0.02461400354109204,0.02461400354109204,-0.0006903111808077931,-0.0006930270655644647,1984.8749999999882,2012.5416666666297,
GWI_anthro_SR15,43/3_Human_Induced,c,2.6601789851692916,0.07353985365229379,0,0,0.9615735882627215,0.9615735882627215,1.545450266496873,0.03484441072038553,0.0011491178202298292,109.72696892127799,109.72696892127797,0.03484441072038552,0.03484441072038552,0.0011491178202298292,-0.007844448757686641,1985.8749999999873,2012.8749999999627,
GWI_anthro,43/3_Human_Induced,c,2.714379421438329,0.07684360468006707,0,0,0.9792554524212198,0.9792554524212198,1.5426538738305546,0.030253032724664834,0.0009007980208548976,109.52842504196938,109.5284250419694,0.030253032724664834,0.030253032724664834,0.0009007980208548976,-0.004082838300696692,1984.8749999999882,2012.7916666666295,
FaIR_nonat_unB,43/1_ERF_FaIR,c,5.826793983922892,0.028352954828763592,45,39,1.6403524412052646e-16,2.2214042905109314e-16,-744.020782505608,0.3497540405766791,0.22438640223109646,-67705.89120801033,-67705.89120801035,0.34975404057667914,0.2601168754645523,0.22438640223109652,0.014214015541133846,1985.124999999988,2010.4583333332982,
FaIR_anthro_unB,43/1_ERF_FaIR,c,5.738026979182942,0.024098006142416126,61,43,5.894831155617172e-25,1.3283502475217557e-21,-1266.825414254101,0.33415938167729337,0.2215306118655354,-115281.11269712319,-115281.1126971232,0.33415938167729337,0.2501707258604039,0.22153061186553547,0.022281742357256246,1983.7916666666558,2010.708333333298,
