method_name,method_class,c/r,smooth_r,avg_unc.(1se),#q<0.5,#q<0.1,q_min,q_small5,log-likeli,RMS,bias,tlog-l,100log-l,100RMS,75RMS,100bias,bias50,xyear0.5,xyear1.0,xyear1.5
cent20y,42/1_Run_Means,r,1.0,0.029115075635927308,0,0,1.0,1.0,2.63553678604485,0.0,0.0,408.5082018369518,237.68043171106962,0.0,0.0,0.0,0.0,1985.124999999988,2010.374999999965,
GWI_anthro_CGWL,43/3_Human_Induced,c,2.640314250256032,0.07184056277367373,0,0,0.7794250989837553,0.7794250989837553,1.3073401127987139,0.06636612440160446,-0.058773421981163886,92.82114800870869,92.82114800870869,0.06636612440160446,0.06636612440160447,-0.058773421981163886,-0.06863898955873679,1987.7916666666522,2015.2916666666272,
GWI_anthro_SR15,43/3_Human_Induced,c,2.412648730120011,0.0666374648829813,0,0,0.9337043569963496,0.9337043569963496,1.4592297916516674,0.054954765013105276,-0.04454533858048993,103.60531520726839,103.60531520726839,0.054954765013105276,0.054954765013105276,-0.04454533858048993,-0.05353981689060546,1987.4583333333192,2015.0416666666274,
GWI_anthro,43/3_Human_Induced,c,2.487001140303466,0.06848846434598743,0,0,0.9000828756239808,0.9000828756239808,1.4117697814609382,0.05846394054721439,-0.0494295202020236,100.23565448372662,100.23565448372663,0.05846394054721439,0.05846394054721439,-0.0494295202020236,-0.05938441436482317,1987.5416666666524,2015.1249999999607,
FaIR_nonat_unB,43/1_ERF_FaIR,c,5.728315816324871,0.030003864385539626,70,54,6.608032484073077e-24,1.4219138890216815e-22,-1163.5823206364691,0.4287236949738194,0.2440587972623057,-105885.9911779187,-105885.99117791868,0.42872369497381946,0.31361264523094545,0.2440587972623057,-0.019569649574227937,1987.1249999999861,2011.4583333332973,
