method_name,method_class,c/r,smooth_r,avg_unc.(1se),#q<0.5,#q<0.1,q_min,q_small5,log-likeli,RMS,bias,tlog-l,100log-l,100RMS,75RMS,100bias,bias50,xyear0.5,xyear1.0,xyear1.5
cent20y,42/1_Run_Means,r,1.0,0.02814634766426417,0,0,1.0,1.0,2.666315317494549,0.0,0.0,413.2788742116551,242.99338991076795,0.0,0.0,0.0,0.0,1984.3749999999886,2010.4583333332982,
GWI_anthro_CGWL,43/3_Human_Induced,c,2.5192705269759474,0.08535595931780525,0,0,0.8093883619815792,0.8093883619815792,1.1978920975511183,0.07197825523457561,-0.0014927490094518217,85.0503389261294,85.0503389261294,0.07197825523457561,0.07197825523457561,-0.001492749009451822,0.045119291913510974,1982.6249999999902,2008.791666666633,
GWI_anthro_SR15,43/3_Human_Induced,c,2.332692586879129,0.07651786160645052,0,0,0.8086074441832017,0.8086074441832017,1.3127653307418552,0.06354381264429576,-0.002992798510876403,93.20633848267171,93.2063384826717,0.06354381264429576,0.06354381264429576,-0.0029927985108764038,0.0304285183574855,1984.7083333333217,2009.1249999999661,
GWI_anthro,43/3_Human_Induced,c,2.551642273970373,0.08021982165526266,0,0,0.772019384747265,0.772019384747265,1.2700372588557962,0.06670899464541669,-0.0018909686250309088,90.17264537876153,90.17264537876153,0.06670899464541669,0.06670899464541669,-0.0018909686250309084,0.03712259912657467,1983.2916666666563,2009.5416666666324,
FaIR_nonat_unB,43/1_ERF_FaIR,c,5.242232107027847,0.027557737260148138,52,36,2.7574980310744295e-17,9.90871962831215e-17,-788.0166972599754,0.35072228284003487,0.22175049920057152,-71709.51945065777,-71709.51945065775,0.35072228284003487,0.2586468420243367,0.22175049920057152,0.012672804634385155,1984.7083333333217,2011.1249999999643,
