method_name,method_class,c/r,smooth_r,avg_unc.(1se),#q<0.5,#q<0.1,q_min,q_small5,log-likeli,RMS,bias,tlog-l,100log-l,100RMS,75RMS,100bias,bias50,xyear0.5,xyear1.0,xyear1.5
cent20y,42/1_Run_Means,r,1.0,0.03211082916308414,0,0,1.0,1.0,2.5332602079869897,0.0,0.0,392.65533223798343,231.81843621843808,0.0,0.0,0.0,0.0,1984.6249999999884,2010.1249999999652,
GWI_anthro_CGWL,43/3_Human_Induced,c,2.1610620360804536,0.08773260093090128,0,0,0.9814590321697807,0.9814590321697807,1.3294101449620965,0.059214056785093165,0.013628940950159105,94.38812029230886,94.38812029230886,0.059214056785093165,0.059214056785093165,0.013628940950159103,0.046909331246563164,1982.4583333333237,2008.9583333332996,
GWI_anthro_SR15,43/3_Human_Induced,c,1.9913372600072339,0.07854634880549181,0,0,0.9936356527267396,0.9936356527267396,1.4062988402770948,0.05354251608664908,0.010163245336919364,99.84721765967373,99.84721765967373,0.05354251608664908,0.05354251608664908,0.010163245336919365,0.0308460231874708,1984.791666666655,2009.2083333332994,
GWI_anthro,43/3_Human_Induced,c,2.1041561437773417,0.0823766333189431,0,0,0.9506326569739282,0.9506326569739282,1.3840798370778569,0.054536517473241466,0.011736507767778553,98.26966843252784,98.26966843252784,0.054536517473241466,0.054536517473241466,0.011736507767778553,0.03801754578623055,1983.208333333323,2009.6249999999657,
FaIR_nonat_unB,43/1_ERF_FaIR,c,4.0506115715843904,0.025149392049032958,44,39,5.41316402766433e-21,3.297761828947688e-19,-944.9737961459066,0.3377674034833218,0.20559738426153626,-85992.6154492775,-85992.6154492775,0.3377674034833218,0.24824749908822089,0.20559738426153623,-0.003292137278220532,1986.5416666666533,2011.2916666666308,
