method_name,method_class,c/r,smooth_r,avg_unc.(1se),#q<0.5,#q<0.1,q_min,q_small5,log-likeli,RMS,bias,tlog-l,100log-l,100RMS,75RMS,100bias,bias50,xyear0.5,xyear1.0,xyear1.5
cent20y,42/1_Run_Means,r,1.0,0.026845335278294972,0,0,1.0,1.0,2.7107088927521295,0.0,0.0,420.1598783765801,244.62726152756295,0.0,0.0,0.0,0.0,1984.458333333322,2010.708333333298,
GWI_anthro_CGWL,43/3_Human_Induced,c,3.0018339237820744,0.08096304771027629,0,0,0.9607875401764125,0.9607875401764125,1.3684260141272429,0.04426035507609799,-0.012419805502834329,97.15824700303425,97.15824700303423,0.04426035507609799,0.04426035507609799,-0.012419805502834332,-0.03473874422730285,1986.0416666666538,2015.3749999999604,
GWI_anthro_SR15,43/3_Human_Induced,c,2.750038248243559,0.07256223858045606,0,0,0.991952177783207,0.991952177783207,1.3991872243806425,0.049127865049160516,-0.005271942023559275,99.34229293102561,99.34229293102561,0.049127865049160516,0.049127865049160516,-0.005271942023559275,-0.03307297921166323,1986.124999999987,2015.3749999999604,
GWI_anthro,43/3_Human_Induced,c,2.862833682313496,0.07575316637063424,0,0,0.9988758851252806,0.9988758851252806,1.3925823255116443,0.04665275044401088,-0.007279880135204258,98.87334511132674,98.87334511132676,0.046652750444010876,0.04665275044401088,-0.007279880135204258,-0.03253066664693455,1985.7083333333208,2015.2916666666272,
FaIR_nonat_unB,43/1_ERF_FaIR,c,5.244435139146349,0.028220359029980834,63,39,5.5046370355632753e-17,5.799087370829702e-16,-584.3505898290299,0.312462897460854,0.20827217759327388,-53175.90367444172,-53175.903674441724,0.31246289746085393,0.23304541502822543,0.20827217759327388,0.023927571342293348,1984.2083333333221,2010.8749999999645,
FaIR_anthro_unB,43/1_ERF_FaIR,c,5.449482628262993,0.02410038273421326,73,53,3.5293466184339955e-21,1.3003353829926573e-19,-979.5096126399263,0.2966845737250976,0.2079053622874189,-89135.3747502333,-89135.3747502333,0.2966845737250976,0.22471914377621882,0.20790536228741888,0.0402036454444132,1977.8749999999945,2010.4583333332982,
