method_name,method_class,c/r,smooth_r,avg_unc.(1se),#q<0.5,#q<0.1,q_min,q_small5,log-likeli,RMS,bias,tlog-l,100log-l,100RMS,75RMS,100bias,bias50,xyear0.5,xyear1.0,xyear1.5
cent20y,42/1_Run_Means,r,1.0,0.032622373927811664,0,0,1.0,1.0,2.5210580980127704,0.0,0.0,390.76400519197944,233.60249852757985,0.0,0.0,0.0,0.0,1987.2083333333194,2012.624999999963,
GWI_anthro_CGWL,43/3_Human_Induced,c,2.496943599059214,0.0933960689265306,0,0,0.8333290296946346,0.8333290296946346,1.0995188178629687,0.08590662944843992,0.02304555119407763,78.06583606827077,78.06583606827077,0.08590662944843992,0.08590662944843992,0.023045551194077633,0.07541543151203388,1983.4583333333228,2009.7916666666322,
GWI_anthro_SR15,43/3_Human_Induced,c,2.270748517152327,0.08307258577013958,0,0,0.8731029876893643,0.8731029876893643,1.2221978291524676,0.0726753514833054,0.016141808789669136,86.7760458698252,86.77604586982523,0.0726753514833054,0.0726753514833054,0.016141808789669136,0.05435585044307146,1985.9583333333205,2010.6249999999648,
GWI_anthro,43/3_Human_Induced,c,2.538620395305451,0.0873862541158971,0,0,0.8966634521073406,0.8966634521073406,1.1692066469924334,0.07803301493818104,0.01886477986880327,83.01367193646277,83.01367193646277,0.07803301493818103,0.07803301493818104,0.01886477986880327,0.06343040518396532,1984.2916666666554,2010.7916666666313,
FaIR_nonat_unB,43/1_ERF_FaIR,c,2.477455474988197,0.02436109390150325,61,3,0.004097169988544664,0.1689715069804477,0.5957368988330225,0.04460937855269963,0.006427137775688063,54.21205779380505,54.212057793805066,0.044609378552699634,0.034384796308952234,0.006427137775688064,-0.016877518571141,1989.374999999984,2013.3749999999623,
