method_name,method_class,c/r,smooth_r,avg_unc.(1se),#q<0.5,#q<0.1,q_min,q_small5,log-likeli,RMS,bias,tlog-l,100log-l,100RMS,75RMS,100bias,bias50,xyear0.5,xyear1.0,xyear1.5
cent20y,42/1_Run_Means,r,1.0,0.029811334935043142,0,0,1.0,1.0,2.6144007224418955,0.0,0.0,405.2321119784938,240.21662180494786,0.0,0.0,0.0,0.0,1978.458333333321,2005.624999999963,
lowess1dg20wnc,42/3_ST_Fits,c,3.93826145925302,0.07876530353604173,0,0,0.9981856475896306,0.9981856475896306,1.3963306115668968,0.05317010969350323,0.00012793469053802011,216.431244792869,128.24369699674617,0.04626437271893431,0.04385229823350841,-0.016932918313135186,-0.034995294351472875,1980.9583333333187,2005.4583333332964,
Kal_flexLin,42/5_Kalman,c,5.382492077462465,0.05317657451406971,12,0,0.11848729562344744,0.265215895278316,1.4638757747193238,0.05652085608158051,-0.012768151245938554,226.9007450814952,153.59675354494266,0.04328469890782124,0.038066027362352144,-0.012791737438641291,-0.02401010910991741,1980.1249999999861,2005.1249999999634,
GAM_AR1,42/4_GAM_AR1,c,7.077317017029878,0.06060708364112549,7,2,0.08627372125514166,0.26308886116116115,1.3742488984415957,0.06025846826178048,-0.003714536467289913,186.89785018805702,144.97976253856606,0.04523146981719557,0.04345073972020345,-0.012073291510405504,-0.029406616141429937,1980.374999999986,2005.1249999999634,
CGWL10y_sfUKCP,44/44_EarthModel_CGWL,c,5.844031932757171,0.050754831551063445,2,0,0.4979314072370856,0.648888888888889,1.3312119963818247,0.055875498840140626,-0.017752154948582077,194.3569514717464,148.09604178830745,0.0446006646356547,0.03802717982746171,-0.0036963306959703255,-0.000523368050866127,1979.6249999999866,2004.374999999964,
