method_name,method_class,c/r,smooth_r,avg_unc.(1se),#q<0.5,#q<0.1,q_min,q_small5,log-likeli,RMS,bias,tlog-l,100log-l,100RMS,75RMS,100bias,bias50,xyear0.5,xyear1.0,xyear1.5
cent20y,42/1_Run_Means,r,1.0,0.027539470220175454,0,0,1.0,1.0,2.686455337624583,0.0,0.0,416.4005773318104,242.2092838698644,0.0,0.0,0.0,0.0,1985.6249999999875,2011.2916666666308,
GWI_anthro_CGWL,43/3_Human_Induced,c,2.7826040748713035,0.07980076151956626,0,0,0.9939872086375772,0.9939872086375772,1.4920442226770396,0.03239493799765395,-0.0035128735145678615,105.93513981006981,105.93513981006981,0.03239493799765395,0.03239493799765395,-0.0035128735145678615,-0.01081087526842205,1986.2916666666536,2014.874999999961,
GWI_anthro_SR15,43/3_Human_Induced,c,2.539314615773687,0.07194120875723349,0,0,0.9271924427433582,0.9271924427433582,1.4953093084818725,0.04277048981582568,0.0001611351205160561,106.16696090221295,106.16696090221294,0.04277048981582568,0.04277048981582569,0.0001611351205160561,-0.014867877523028582,1986.6249999999866,2015.0416666666274,
GWI_anthro,43/3_Human_Induced,c,2.632099458556637,0.0750111310835339,0,0,0.9525002540190329,0.9525002540190329,1.4995530897920943,0.038076582909225436,-0.0007232079213199522,106.4682693752387,106.46826937523869,0.038076582909225436,0.038076582909225436,-0.0007232079213199522,-0.012355348500082589,1986.2083333333203,2014.874999999961,
FaIR_nonat_unB,43/1_ERF_FaIR,c,2.4148304194300114,0.028144720760347863,0,0,0.7213634562029331,0.8656361474435196,2.2180174514838398,0.025672950885290688,0.010249167087742025,201.83958808502942,201.83958808502945,0.025672950885290684,0.025785687357183056,0.010249167087742025,0.007909116326557641,1986.0416666666538,2012.958333333296,
