method_name,method_class,c/r,smooth_r,avg_unc.(1se),#q<0.5,#q<0.1,q_min,q_small5,log-likeli,RMS,bias,tlog-l,100log-l,100RMS,75RMS,100bias,bias50,xyear0.5,xyear1.0,xyear1.5
cent20y,42/1_Run_Means,r,1.0,0.030156677065473265,0,0,1.0,1.0,2.59339808722299,0.0,0.0,401.97670351956344,236.91126137264285,0.0,0.0,0.0,0.0,1984.8749999999882,2010.2916666666317,
GWI_anthro_CGWL,43/3_Human_Induced,c,2.535814770378081,0.08064659960190339,0,0,0.9973030430757504,0.9973030430757504,1.473242084063828,0.04185230861268975,-0.0019013388528479047,104.6001879685318,104.6001879685318,0.04185230861268975,0.04185230861268975,-0.0019013388528479047,0.005836747922960744,1982.541666666657,2014.291666666628,
GWI_anthro_SR15,43/3_Human_Induced,c,2.3001487952641897,0.07309553302479997,0,0,0.9971753766253033,0.9971753766253033,1.542756069540886,0.0402136006676969,-0.00027725229843066686,109.5356809374029,109.53568093740289,0.0402136006676969,0.0402136006676969,-0.00027725229843066676,0.0012858018992789313,1984.3749999999886,2014.1249999999616,
GWI_anthro,43/3_Human_Induced,c,2.414917899148007,0.07603500194468606,0,0,0.9898994019829191,0.9898994019829191,1.52788795527877,0.03992807444398698,-0.0008926259672131071,108.48004482479267,108.48004482479267,0.03992807444398698,0.03992807444398698,-0.0008926259672131069,0.0037196298699753065,1983.1249999999898,2014.1249999999616,
FaIR_nonat_unB,43/1_ERF_FaIR,c,4.803405742414219,0.028157979006172236,47,35,7.744834299006636e-20,5.910792344033599e-19,-822.827258398811,0.3546646955453879,0.21595925538950886,-74877.2805142918,-74877.28051429181,0.3546646955453878,0.2555976777077484,0.21595925538950886,0.0017701502920361393,1985.458333333321,2011.2083333332976,
