method_name,method_class,c/r,smooth_r,avg_unc.(1se),#q<0.5,#q<0.1,q_min,q_small5,log-likeli,RMS,bias,tlog-l,100log-l,100RMS,75RMS,100bias,bias50,xyear0.5,xyear1.0,xyear1.5
cent20y,42/1_Run_Means,r,1.0,0.028957260742125235,0,0,1.0,1.0,2.6385093950596215,0.0,0.0,408.9689562342413,239.4351502511165,0.0,0.0,0.0,0.0,1977.5416666666615,2006.4583333333019,
GWI_anthro_CGWL,43/3_Human_Induced,c,2.6630724573969804,0.07193719068650353,0,0,0.8017019852188713,0.8017019852188713,1.2218500268501875,0.07270842107346526,-0.0544198934786993,86.75135190636331,86.75135190636331,0.07270842107346524,0.07270842107346524,-0.054419893478699306,-0.08378516198442443,1982.87499999999,2012.4583333332964,
GWI_anthro_SR15,43/3_Human_Induced,c,2.415602984732015,0.06616670182052976,0,0,0.8818903982191557,0.8818903982191557,1.3776816999092665,0.05920508962622733,-0.03593073947474107,97.81540069355792,97.8154006935579,0.05920508962622733,0.05920508962622733,-0.03593073947474107,-0.0638972366822128,1982.0416666666574,2011.374999999964,
GWI_anthro,43/3_Human_Induced,c,2.5425970542298315,0.06823975343127306,0,0,0.8197074115854518,0.8197074115854518,1.324983167272814,0.06385267439452008,-0.04198883158370596,94.07380487636979,94.07380487636979,0.06385267439452008,0.06385267439452008,-0.04198883158370597,-0.07118870060165917,1982.3749999999905,2011.8749999999636,
FaIR_nonat_unB,43/1_ERF_FaIR,c,1.714177965717698,0.02790973124507987,0,0,0.5410225921521997,0.5951248513674198,1.9435917634152804,0.03371568126205404,-0.006676746156771197,176.86685047079052,176.86685047079052,0.03371568126205405,0.03392174825657887,-0.006676746156771197,0.014248061189149723,1978.5416666666606,2002.8749999999718,
FaIR_anthro_unB,43/1_ERF_FaIR,c,1.7726600267866777,0.024911482182852752,45,0,0.27572340887607943,0.27572340887607943,1.6744935187029946,0.034870456876850045,-0.019269082157776177,152.3789102019725,152.37891020197253,0.034870456876850045,0.028831165819982144,-0.019269082157776177,-0.0008722720580227678,1978.2083333333276,2006.4583333333019,
