method_name,method_class,c/r,smooth_r,avg_unc.(1se),#q<0.5,#q<0.1,q_min,q_small5,log-likeli,RMS,bias,tlog-l,100log-l,100RMS,75RMS,100bias,bias50,xyear0.5,xyear1.0,xyear1.5
cent20y,42/1_Run_Means,r,1.0,0.026995406095528286,0,0,1.0,1.0,2.7039553261004055,0.0,0.0,419.1130755455629,243.4649122516015,0.0,0.0,0.0,0.0,1988.8749999999782,,
lowess1dg20wnc,42/3_ST_Fits,c,3.6104137065770163,0.04259579052760164,42,0,0.19243178630737176,0.19243178630737176,1.472863665246398,0.04853145222681447,-0.012745549812092218,228.2938681131917,135.06518194986,0.04949746825743464,0.04760283646183253,-0.01544895374707362,-0.04067080594093834,1990.0416666666438,2015.8749999999536,
Kal_flexLin,42/5_Kalman,c,4.99412062933853,0.05317657451406971,0,0,0.8824973960240722,0.8824973960240722,1.6471623152291333,0.04635907461269525,-0.010528636304027632,255.31015886051566,152.38974995228978,0.04402367394470275,0.042460067154805894,-0.010218464807627198,-0.028337508347284303,1989.3749999999777,2015.5416666666206,
GAM_AR1,42/4_GAM_AR1,c,7.681080522905529,0.042935392965025666,40,9,0.002415137503731142,0.013244997237867302,1.178955290130459,0.05582200273511349,-0.007391632044719961,160.33791945774243,92.36283231989151,0.05863760390328753,0.05231714017667647,-0.018819605163878553,-0.03590271090545781,1989.3749999999777,2015.374999999954,
CGWL10y_sfUKCP,44/44_EarthModel_CGWL,c,6.569240491872611,0.050056253313537566,0,0,0.9005607476635514,0.9005607476635514,1.607647190985747,0.045394888116392675,0.0023116632012982457,234.71648988391905,150.2403368227006,0.04121394809130817,0.03751803947698893,0.004553460108569204,0.0073938769606781115,1989.8749999999773,2015.2916666666208,
