method_name,method_class,c/r,smooth_r,avg_unc.(1se),#q<0.5,#q<0.1,q_min,q_small5,log-likeli,RMS,bias,tlog-l,100log-l,100RMS,75RMS,100bias,bias50,xyear0.5,xyear1.0,xyear1.5
cent20y,42/1_Run_Means,r,1.0,0.02678476981502025,0,0,1.0,1.0,2.711986093063938,0.0,0.0,420.35784442491035,244.58192041157128,0.0,0.0,0.0,0.0,1984.2083333333221,2010.374999999965,
GWI_anthro_CGWL,43/3_Human_Induced,c,2.8109835881427205,0.07986427212563499,0,0,0.9996618434152924,0.9996618434152924,1.4672818227957019,0.035989133878844094,-0.0009418091931266412,104.17700941849483,104.17700941849483,0.035989133878844094,0.035989133878844094,-0.0009418091931266412,-0.011918717703458117,1982.7083333333235,2014.7083333332944,
GWI_anthro_SR15,43/3_Human_Induced,c,2.5596130276338167,0.07189429733360159,0,0,0.9678179338790431,0.9678179338790431,1.4969253712385697,0.04160741047037465,0.0032908846835097505,106.28170135793845,106.28170135793846,0.04160741047037465,0.04160741047037465,0.0032908846835097497,-0.014313139006778176,1984.6249999999884,2014.7916666666276,
GWI_anthro,43/3_Human_Induced,c,2.660693441285587,0.07496370006880321,0,0,0.9857048934436563,0.9857048934436563,1.490579902182105,0.038853076005245776,0.0021658342895879736,105.83117305492945,105.83117305492945,0.038853076005245776,0.038853076005245776,0.0021658342895879736,-0.012339626238316463,1983.208333333323,2014.7083333332944,
FaIR_nonat_unB,43/1_ERF_FaIR,c,5.34295048405259,0.028146408416897875,48,37,1.5266661975486496e-15,1.9651767279213167e-15,-595.4627760098873,0.3164372836405263,0.20220970145335224,-54187.11261689974,-54187.11261689973,0.3164372836405263,0.2354264382884333,0.20220970145335218,0.013311162171853057,1984.458333333322,2011.708333333297,
