method_name,method_class,c/r,smooth_r,avg_unc.(1se),#q<0.5,#q<0.1,q_min,q_small5,log-likeli,RMS,bias,tlog-l,100log-l,100RMS,75RMS,100bias,bias50,xyear0.5,xyear1.0,xyear1.5
cent20y,42/1_Run_Means,r,1.0,0.03116222372722616,0,0,1.0,1.0,2.56106462843816,0.0,0.0,396.96501740791484,231.93918042481764,0.0,0.0,0.0,0.0,1982.6249999999902,2009.0416666666329,
GWI_anthro_CGWL,43/3_Human_Induced,c,2.4478475978284058,0.07945447901009393,0,0,0.9927653624917661,0.9927653624917661,1.4824041035181545,0.03896162820279894,-0.013069698091137618,105.25069134978898,105.25069134978898,0.03896162820279894,0.03896162820279894,-0.013069698091137618,-0.003162041124165255,1983.541666666656,2009.7916666666322,
GWI_anthro_SR15,43/3_Human_Induced,c,2.2646832939379387,0.0725566336888459,0,0,0.9785636244373278,0.9785636244373278,1.5192981197989721,0.04420721738459587,-0.00919007473571652,107.87016650572701,107.870166505727,0.04420721738459587,0.04420721738459587,-0.009190074735716522,-0.007068593850554749,1984.791666666655,2009.708333333299,
GWI_anthro,43/3_Human_Induced,c,2.360367184911617,0.07530596696142997,0,0,0.9916089489697775,0.9916089489697775,1.5265283268884378,0.04044841697942975,-0.01021785838143808,108.38351120907909,108.38351120907909,0.04044841697942975,0.04044841697942975,-0.01021785838143808,-0.004748156219423628,1983.874999999989,2010.041666666632,
FaIR_nonat_unB,43/1_ERF_FaIR,c,1.7781286639252833,0.027097186114475792,0,0,0.6492271105826397,0.8401762607540044,2.1667077653834848,0.0279281706416007,-0.0008996181007744817,197.1704066498971,197.17040664989707,0.0279281706416007,0.024207238660044053,-0.0008996181007744817,0.0018275289291757675,1983.9583333333223,2010.041666666632,
