method_name,method_class,c/r,smooth_r,avg_unc.(1se),#q<0.5,#q<0.1,q_min,q_small5,log-likeli,RMS,bias,tlog-l,100log-l,100RMS,75RMS,100bias,bias50,xyear0.5,xyear1.0,xyear1.5
cent20y,42/1_Run_Means,r,1.0,0.02873170012315279,0,0,1.0,1.0,2.64765962400281,0.0,0.0,410.38724172043555,240.9445112921891,0.0,0.0,0.0,0.0,1977.4583333333283,2005.208333333303,
GWI_anthro_CGWL,43/3_Human_Induced,c,2.585953145831311,0.07182469529154017,0,0,0.8566388766352832,0.8566388766352832,1.3116387047299836,0.06608969366803888,-0.05664690561431792,93.12634803582883,93.12634803582885,0.06608969366803888,0.06608969366803888,-0.05664690561431792,-0.06626936829277973,1982.7916666666567,2006.6249999999684,
GWI_anthro_SR15,43/3_Human_Induced,c,2.352771201857166,0.06660859587009452,0,0,0.9064495514966763,0.9064495514966763,1.4541301809244824,0.05554523847737327,-0.042507812143801366,103.24324284563825,103.24324284563826,0.05554523847737327,0.05554523847737327,-0.042507812143801366,-0.053149125703986666,1982.3749999999905,2005.4583333333028,
GWI_anthro,43/3_Human_Induced,c,2.4276889275766407,0.0684979810291911,0,0,0.9805373703482138,0.9805373703482138,1.413411756475693,0.05848996230334413,-0.04714839013657099,100.3522347097742,100.35223470977418,0.05848996230334413,0.05848996230334413,-0.04714839013657099,-0.05794287091187226,1982.541666666657,2006.4583333333019,
FaIR_nonat_unB,43/1_ERF_FaIR,c,1.753045439241913,0.028730423036629885,0,0,0.6281140338157246,0.6281140338157246,1.9891451654149996,0.03310714973116502,-0.011092944628075618,181.01221005276497,181.01221005276494,0.03310714973116502,0.034782529292075356,-0.011092944628075618,0.0044645076124532395,1978.7916666666604,2001.1249999999734,
