method_name,method_class,c/r,smooth_r,avg_unc.(1se),#q<0.5,#q<0.1,q_min,q_small5,log-likeli,RMS,bias,tlog-l,100log-l,100RMS,75RMS,100bias,bias50,xyear0.5,xyear1.0,xyear1.5
cent20y,42/1_Run_Means,r,1.0,0.032108994973621144,0,0,1.0,1.0,2.5333118189698736,0.0,0.0,392.6633319403304,231.8207272498236,0.0,0.0,0.0,0.0,1990.9583333333096,,
lowess1dg20wnc,42/3_ST_Fits,c,3.67763132044326,0.06380609945318363,3,0,0.27403033976295,0.7985802868764824,1.4156673141596023,0.05558199786241786,-0.012116343246186368,219.42843369473837,135.60644743723628,0.05159914766429786,0.04779896699611678,-0.01299909712400359,-0.04113604705022912,1990.3749999999768,2016.2083333332866,
Kal_flexLin,42/5_Kalman,c,5.105642590000051,0.05317657451406971,21,3,0.07959456584891725,0.23535091979231634,1.428616124033861,0.056480763391958844,-0.008164322915798914,221.43549922524846,137.62901641414933,0.052221628825344084,0.042730320908327034,-0.009631689251523867,-0.029290574897705625,1989.7083333333107,2015.8749999999536,
GAM_AR1,42/4_GAM_AR1,c,5.136728963256962,0.05938421679151255,9,0,0.35653016006521954,0.4667532223948581,1.3294787209268422,0.0586932623363367,-0.0018080409730581448,180.80910604605054,133.39802631001587,0.05314470514651281,0.048795343147932595,-0.009559598769230356,-0.037565353725286924,1989.8749999999773,2015.7916666666204,
CGWL10y_sfUKCP,44/44_EarthModel_CGWL,c,5.654482865516047,0.050644156493006215,0,0,0.9411570247933885,0.9411570247933885,1.6181080463830446,0.047695866903932224,0.00912968425870666,236.2437747719245,141.09144245403695,0.04837169915351271,0.03965077641205443,0.004131175082452962,0.007515430605087284,1990.45833333331,2015.7916666666204,
