method_name,method_class,c/r,smooth_r,avg_unc.(1se),#q<0.5,#q<0.1,q_min,q_small5,log-likeli,RMS,bias,tlog-l,100log-l,100RMS,75RMS,100bias,bias50,xyear0.5,xyear1.0,xyear1.5
cent20y,42/1_Run_Means,r,1.0,0.0324190582606591,0,0,1.0,1.0,2.523571475018574,0.0,0.0,391.15357862787897,229.68119964283403,0.0,0.0,0.0,0.0,1984.6249999999884,2009.2083333332994,
GWI_anthro_CGWL,43/3_Human_Induced,c,2.38262859413391,0.08669435808242214,0,0,0.9968290472245027,0.9968290472245027,1.3183189615167192,0.063242111181017,0.023974091768905484,93.60064626768707,93.60064626768707,0.063242111181017,0.063242111181017,0.023974091768905484,0.05558417204674224,1980.7083333333253,2007.9583333333005,
GWI_anthro_SR15,43/3_Human_Induced,c,2.174299336318434,0.07791354216975721,0,0,0.9941535094335008,0.9941535094335008,1.4213950903177994,0.05399428038052276,0.019858202013355968,100.91905141256376,100.91905141256375,0.05399428038052275,0.05399428038052275,0.019858202013355968,0.04100835514114123,1983.208333333323,2006.7083333333017,
GWI_anthro,43/3_Human_Induced,c,2.3608092565638494,0.08149904235768504,0,0,0.9998860133974384,0.9998860133974384,1.3858627358752051,0.05686397144376632,0.021364177757677304,98.39625424713957,98.39625424713957,0.05686397144376632,0.05686397144376632,0.0213641777576773,0.04736045600635795,1982.2916666666572,2008.7083333332998,
FaIR_nonat_unB,43/1_ERF_FaIR,c,1.8910640870034097,0.025146017234007938,16,0,0.19566282624811066,0.40190249702734837,1.7886467711735854,0.0334583092782408,-0.00591439375623321,162.76685617679627,162.76685617679627,0.0334583092782408,0.026718992430472235,-0.00591439375623321,-0.007045026819161422,1985.8749999999873,2009.9583333332987,
