method_name,method_class,c/r,smooth_r,avg_unc.(1se),#q<0.5,#q<0.1,q_min,q_small5,log-likeli,RMS,bias,tlog-l,100log-l,100RMS,75RMS,100bias,bias50,xyear0.5,xyear1.0,xyear1.5
cent20y,42/1_Run_Means,r,1.0,0.02749045808398101,0,0,1.0,1.0,2.685212456125413,0.0,0.0,416.20793069943903,238.9825172145615,0.0,0.0,0.0,0.0,1984.2916666666554,2010.708333333298,
GWI_anthro_CGWL,43/3_Human_Induced,c,2.6223625800835224,0.0853048485176738,0,0,0.7985851426819118,0.7985851426819118,1.2888374068061246,0.06684377614647036,0.022482900852525398,91.50745588323484,91.50745588323483,0.06684377614647036,0.06684377614647037,0.022482900852525398,0.062870998114644,1980.8749999999918,2008.3749999999668,
GWI_anthro_SR15,43/3_Human_Induced,c,2.4242809420615137,0.07568932474423566,0,0,0.9300617978292958,0.9300617978292958,1.3628390001229294,0.0605319357028161,0.019003092934131778,96.76156900872799,96.76156900872799,0.0605319357028161,0.06053193570281609,0.019003092934131778,0.0458845764134758,1982.9583333333233,2008.4583333333,
GWI_anthro,43/3_Human_Induced,c,2.602624221321731,0.0797386474487905,0,0,0.8474278709966795,0.8474278709966795,1.3341625712737841,0.06278256232108834,0.0206417714094898,94.72554256043867,94.72554256043867,0.06278256232108835,0.06278256232108835,0.020641771409489803,0.05347284135584964,1982.208333333324,2009.1249999999661,
FaIR_nonat_unB,43/1_ERF_FaIR,c,4.668697974255574,0.028234382835648882,55,36,1.4572195080121984e-16,2.3763482128871833e-16,-782.517254247692,0.3629755790126569,0.22660500491564753,-71209.07013653997,-71209.07013653997,0.3629755790126568,0.26376788110048716,0.22660500491564753,0.010132136852827654,1984.1249999999889,2011.6249999999638,
