method_name,method_class,c/r,smooth_r,avg_unc.(1se),#q<0.5,#q<0.1,q_min,q_small5,log-likeli,RMS,bias,tlog-l,100log-l,100RMS,75RMS,100bias,bias50,xyear0.5,xyear1.0,xyear1.5
cent20y,42/1_Run_Means,r,1.0,0.02873170012315279,0,0,1.0,1.0,2.64765962400281,0.0,0.0,410.38724172043555,240.9445112921891,0.0,0.0,0.0,0.0,1977.4583333333283,2005.208333333303,
GWI_anthro_CGWL,43/3_Human_Induced,c,2.5859531459083307,0.07182469529152738,0,0,0.8566388766352832,0.8566388766352832,1.3116387047301896,0.06608969366797003,-0.056646905614235084,93.12634803584346,93.12634803584348,0.06608969366797003,0.06608969366797003,-0.05664690561423507,-0.06626936829268651,1982.7916666666567,2006.6249999999684,
GWI_anthro_SR15,43/3_Human_Induced,c,2.35277120183274,0.06660859587010176,0,0,0.906449551496677,0.906449551496677,1.4541301809238438,0.055545238477276784,-0.04250781214369647,103.24324284559292,103.24324284559292,0.055545238477276784,0.055545238477276784,-0.04250781214369647,-0.05314912570385739,1982.3749999999905,2005.4583333333028,
GWI_anthro,43/3_Human_Induced,c,2.427688927672941,0.06849798102916538,0,0,0.9805373703482138,0.9805373703482138,1.4134117564733293,0.058489962303383734,-0.04714839013655623,100.35223470960638,100.35223470960636,0.058489962303383734,0.058489962303383734,-0.04714839013655622,-0.057942870911817754,1982.541666666657,2006.4583333333019,
FaIR_nonat_unB,43/1_ERF_FaIR,c,1.8225934157440922,0.028766811023917666,64,0,0.4043432004505914,0.4043432004505914,1.807830871875719,0.03752864267959567,-0.02129492102272887,164.51260934069043,164.51260934069046,0.037528642679595665,0.03817549386901472,-0.021294921022728872,-0.0051826013668020915,1979.2083333333267,2001.7916666666395,
