method_name,method_class,c/r,smooth_r,avg_unc.(1se),#q<0.5,#q<0.1,q_min,q_small5,log-likeli,RMS,bias,tlog-l,100log-l,100RMS,75RMS,100bias,bias50,xyear0.5,xyear1.0,xyear1.5
cent20y,42/1_Run_Means,r,1.0,0.029123404732913458,0,0,1.0,1.0,2.634434923865412,0.0,0.0,408.33741319913884,240.35018110939086,0.0,0.0,0.0,0.0,1971.8749999999973,2000.2083333333048,
GWI_anthro_CGWL,43/3_Human_Induced,c,2.6728081604824823,0.07273922355235528,0,0,0.9444078252621917,0.9444078252621917,1.346298992608944,0.059294494879259516,-0.04363083986795689,95.58722847523502,95.58722847523504,0.059294494879259516,0.059294494879259516,-0.04363083986795689,-0.0645202326533983,1976.624999999993,2001.9583333333032,
GWI_anthro_SR15,43/3_Human_Induced,c,2.41508836194829,0.06695198675375966,0,0,0.9870419802226428,0.9870419802226428,1.483330734127986,0.04886833309923521,-0.02808574580371448,105.31648212308701,105.31648212308703,0.0488683330992352,0.04886833309923521,-0.028085745803714483,-0.04711630219115019,1972.8749999999964,2000.7916666666376,
GWI_anthro,43/3_Human_Induced,c,2.532621592304118,0.06902190995712788,0,0,0.9768679607616243,0.9768679607616243,1.4384979338415775,0.05241477901956945,-0.033495939555196405,102.133353302752,102.133353302752,0.05241477901956945,0.05241477901956945,-0.033495939555196405,-0.0536987079377384,1972.9583333333296,2001.541666666637,
FaIR_nonat_unB,43/1_ERF_FaIR,c,2.289635616771531,0.029087269356559326,64,31,0.0399276384595326,0.04304853861995674,-1.1963495881115531,0.07077238982433008,-0.04817229436348329,-108.86781251815134,-108.86781251815135,0.07077238982433008,0.06877555691826764,-0.048172294363483296,-0.009620284869907686,1976.29166666666,1997.5416666666406,2021.624999999952
