method_name,method_class,c/r,smooth_r,avg_unc.(1se),#q<0.5,#q<0.1,q_min,q_small5,log-likeli,RMS,bias,tlog-l,100log-l,100RMS,75RMS,100bias,bias50,xyear0.5,xyear1.0,xyear1.5
cent20y,42/1_Run_Means,r,1.0,0.032538139523297635,0,0,1.0,1.0,2.522050801258456,0.0,0.0,390.9178741950607,233.25549048620596,0.0,0.0,0.0,0.0,1985.458333333321,2010.708333333298,
GWI_anthro_CGWL,43/3_Human_Induced,c,2.3004326603697978,0.08825145482726504,0,0,0.9528496114580242,0.9528496114580242,1.2589606978834351,0.06929777784047976,0.023430571802448,89.3862095497239,89.3862095497239,0.06929777784047976,0.06929777784047976,0.023430571802447998,0.06170184483002452,1982.0416666666574,2009.374999999966,
GWI_anthro_SR15,43/3_Human_Induced,c,2.1066963168877937,0.0790831747901763,0,0,0.9853418340239669,0.9853418340239669,1.3631984908725563,0.059390998203938845,0.018738887841966156,96.7870928519515,96.78709285195151,0.05939099820393885,0.05939099820393885,0.018738887841966156,0.045776034771167005,1984.5416666666551,2009.5416666666324,
GWI_anthro,43/3_Human_Induced,c,2.301039505702695,0.0828706781698274,0,0,0.979104135846487,0.979104135846487,1.325020871899988,0.06260337910387113,0.02044837362671086,94.07648190489915,94.07648190489917,0.06260337910387113,0.06260337910387113,0.020448373626710856,0.05267028117501816,1982.87499999999,2009.8749999999654,
FaIR_nonat_unB,43/1_ERF_FaIR,c,1.5965984285588408,0.024505503498116102,6,2,0.07340023953620337,0.3590462434417299,1.8533212526981262,0.03124218683240894,0.008076256927021694,168.65223399552949,168.6522339955295,0.031242186832408942,0.021635681723778916,0.008076256927021694,0.002302328823142264,1986.45833333332,2011.374999999964,
FaIR_anthro_unB,43/1_ERF_FaIR,c,1.6366307468033163,0.022963630306712626,22,0,0.211876340856586,0.211876340856586,1.8887217473121647,0.03227760546694405,0.016355516290766967,171.87367900540698,171.87367900540698,0.03227760546694405,0.026538423203462915,0.01635551629076697,0.016589090796111705,1985.6249999999875,2010.7916666666313,
