method_name,method_class,c/r,smooth_r,avg_unc.(1se),#q<0.5,#q<0.1,q_min,q_small5,log-likeli,RMS,bias,tlog-l,100log-l,100RMS,75RMS,100bias,bias50,xyear0.5,xyear1.0,xyear1.5
cent20y,42/1_Run_Means,r,1.0,0.03199270825253571,0,0,1.0,1.0,2.535634591970514,0.0,0.0,393.0233617554297,231.92368391532972,0.0,0.0,0.0,0.0,1984.8749999999882,2010.374999999965,
GWI_anthro_CGWL,43/3_Human_Induced,c,2.4590049907372498,0.09278744962877768,0,0,0.9462774375943015,0.9462774375943015,1.154378779056587,0.07811319948743858,0.028424293621002707,81.96089331301766,81.96089331301766,0.0781131994874386,0.07811319948743858,0.028424293621002707,0.07307922594791293,1980.624999999992,2008.2916666666335,
GWI_anthro_SR15,43/3_Human_Induced,c,2.256176088167333,0.08233204226226212,0,0,0.9615393908061922,0.9615393908061922,1.257262513012867,0.06759182982141543,0.021210877600843808,89.26563842391356,89.26563842391357,0.06759182982141543,0.06759182982141543,0.021210877600843815,0.05224267790266632,1983.541666666656,2006.7083333333017,
GWI_anthro,43/3_Human_Induced,c,2.403209799660736,0.08673843455672611,0,0,0.9626815200074611,0.9626815200074611,1.2113736800550432,0.07162231740880137,0.023960557504286332,86.00753128390807,86.00753128390808,0.07162231740880136,0.07162231740880137,0.023960557504286332,0.061250416761597655,1982.3749999999905,2009.2083333332994,
FaIR_nonat_unB,43/1_ERF_FaIR,c,4.279716017373711,0.024612461618140458,47,36,1.3680210096959028e-25,8.125195888219475e-21,-1067.5673140797521,0.34933729995027885,0.21652922299513638,-97148.62558125744,-97148.62558125742,0.3493372999502789,0.2558905776073843,0.21652922299513638,0.003678079804125239,1986.124999999987,2011.1249999999643,
FaIR_anthro_unB,43/1_ERF_FaIR,c,4.198626937788819,0.023078887692502055,54,46,4.18441588721247e-27,7.9769174772613305e-25,-1402.8988847249195,0.33547024616828575,0.2214794767325661,-127663.79850996767,-127663.79850996766,0.33547024616828575,0.24835974711442346,0.22147947673256604,0.022594490016408602,1980.7916666666586,2010.4583333332982,
