method_name,method_class,c/r,smooth_r,avg_unc.(1se),#q<0.5,#q<0.1,q_min,q_small5,log-likeli,RMS,bias,tlog-l,100log-l,100RMS,75RMS,100bias,bias50,xyear0.5,xyear1.0,xyear1.5
cent20y,42/1_Run_Means,r,1.0,0.026681991335205442,0,0,1.0,1.0,2.7157758679637465,0.0,0.0,420.9452595343807,244.70526693392662,0.0,0.0,0.0,0.0,1984.458333333322,2010.4583333332982,
GWI_anthro_CGWL,43/3_Human_Induced,c,2.7597651629231863,0.08083887915913725,0,0,0.9984983519689996,0.9984983519689996,1.4771693116724152,0.030522484220078954,0.0012218941791363853,104.87902112874147,104.87902112874148,0.030522484220078954,0.030522484220078958,0.0012218941791363853,-0.011704896389570618,1984.6249999999884,2014.0416666666283,
GWI_anthro_SR15,43/3_Human_Induced,c,2.541631218932522,0.07244459164157922,0,0,0.9762483232653006,0.9762483232653006,1.4852164526998644,0.04268406201968124,0.005124462288563995,105.45036814169036,105.45036814169036,0.04268406201968124,0.04268406201968124,0.005124462288563996,-0.015516217806085586,1985.7083333333208,2014.1249999999616,
GWI_anthro,43/3_Human_Induced,c,2.6548873700602,0.07572734644461991,0,0,0.9976135894811389,0.9976135894811389,1.4850394847529713,0.03752920047382661,0.004171131563471094,105.43780341746097,105.43780341746098,0.0375292004738266,0.0375292004738266,0.004171131563471093,-0.013000589597344157,1984.7083333333217,2014.0416666666283,
FaIR_nonat_unB,43/1_ERF_FaIR,c,5.228232473662952,0.028316145991715263,44,35,1.1306713930907734e-16,2.6367772432952803e-16,-666.0881525757322,0.33113678855998674,0.20905501474560909,-60614.02188439164,-60614.02188439164,0.33113678855998674,0.247683020419498,0.20905501474560906,0.00805798010389239,1985.3749999999877,2011.5416666666306,
