method_name,method_class,c/r,smooth_r,avg_unc.(1se),#q<0.5,#q<0.1,q_min,q_small5,log-likeli,RMS,bias,tlog-l,100log-l,100RMS,75RMS,100bias,bias50,xyear0.5,xyear1.0,xyear1.5
cent20y,42/1_Run_Means,r,1.0,0.026903580407113048,0,0,1.0,1.0,2.7092585546631915,0.0,0.0,419.9350759727947,245.51772545486335,0.0,0.0,0.0,0.0,1985.0416666666547,2010.5416666666315,
GWI_anthro_CGWL,43/3_Human_Induced,c,2.771058983467021,0.07879007722516856,0,0,0.997849826585853,0.997849826585853,1.481202190795721,0.034132448511448164,0.00012868495878517585,105.16535554649619,105.16535554649619,0.034132448511448164,0.034132448511448164,0.00012868495878517585,-0.014102530005989279,1985.2083333333212,2014.3749999999613,
GWI_anthro_SR15,43/3_Human_Induced,c,2.5298967055621713,0.07100984524710435,0,0,0.9906508726755876,0.9906508726755876,1.5123580062808264,0.040722942515538256,0.005151495108976045,107.37741844593867,107.37741844593867,0.040722942515538256,0.040722942515538256,0.005151495108976046,-0.014870430850452422,1985.7083333333208,2014.3749999999613,
GWI_anthro,43/3_Human_Induced,c,2.5919987943763045,0.07398289662819983,0,0,0.9722846770844802,0.9722846770844802,1.5039680729571643,0.037818721956905395,0.003650173084082339,106.78173317995866,106.78173317995866,0.037818721956905395,0.037818721956905395,0.003650173084082339,-0.013673771758119327,1984.9583333333214,2014.291666666628,
FaIR_nonat_unB,43/1_ERF_FaIR,c,2.4021018807441408,0.028242540665647617,0,0,0.9312658361589291,0.9312658361589291,2.262463453612407,0.024513612623221347,0.010175345775807499,205.88417427872906,205.88417427872906,0.024513612623221347,0.02476186085053549,0.010175345775807499,0.02051377850081188,1984.458333333322,2010.5416666666315,
FaIR_anthro_unB,43/1_ERF_FaIR,c,2.1180095732879014,0.024137525786835545,11,0,0.43281807372175973,0.4328180737217598,2.122099747959089,0.02822399966943175,0.005883378167270183,193.11107706427708,193.11107706427708,0.02822399966943175,0.02789844924170156,0.005883378167270182,0.01822078427084499,1983.874999999989,2011.2083333332976,
