method_name,method_class,c/r,smooth_r,avg_unc.(1se),#q<0.5,#q<0.1,q_min,q_small5,log-likeli,RMS,bias,tlog-l,100log-l,100RMS,75RMS,100bias,bias50,xyear0.5,xyear1.0,xyear1.5
cent20y,42/1_Run_Means,r,1.0,0.032417943475227945,0,0,1.0,1.0,2.523601073601805,0.0,0.0,391.1581664082797,229.6849301907065,0.0,0.0,0.0,0.0,1985.2083333333212,2009.6249999999657,
GWI_anthro_CGWL,43/3_Human_Induced,c,2.3815506148679426,0.08669435795004583,0,0,0.9789432782503384,0.9789432782503384,1.330064829566661,0.061845590929253395,0.020050985595665836,94.43460289923294,94.43460289923294,0.0618455909292534,0.0618455909292534,0.02005098559566584,0.05165502701536304,1981.7083333333244,2008.9583333332996,
GWI_anthro_SR15,43/3_Human_Induced,c,2.1733270147243755,0.07791354212016244,0,0,0.9906058043741462,0.9906058043741462,1.4327213337501108,0.05266682114056514,0.015933604317920784,101.72321469625787,101.72321469625787,0.052666821140565145,0.052666821140565145,0.015933604317920784,0.03707682397575999,1984.0416666666556,2009.0416666666329,
GWI_anthro,43/3_Human_Induced,c,2.3595950063848012,0.08149904206942926,0,0,0.9862422752171613,0.9862422752171613,1.397346249483537,0.055495746054244205,0.017440738314379062,99.21158371333112,99.21158371333112,0.055495746054244205,0.055495746054244205,0.017440738314379062,0.04343084831706088,1982.7916666666567,2009.4583333332992,
FaIR_nonat_unB,43/1_ERF_FaIR,c,4.443530540975653,0.02515012537086663,59,39,1.4993743814206578e-23,2.82336683857362e-20,-1069.657830020251,0.35730091410186643,0.21125324096727813,-97338.86253184282,-97338.86253184282,0.35730091410186643,0.2543008180452594,0.21125324096727813,-0.009976311449275401,1986.5416666666533,2010.7916666666313,
