method_name,method_class,c/r,smooth_r,avg_unc.(1se),#q<0.5,#q<0.1,q_min,q_small5,log-likeli,RMS,bias,tlog-l,100log-l,100RMS,75RMS,100bias,bias50,xyear0.5,xyear1.0,xyear1.5
cent20y,42/1_Run_Means,r,1.0,0.02663465015096765,0,0,1.0,1.0,2.718420892749388,0.0,0.0,421.3552383761551,244.32102849232592,0.0,0.0,0.0,0.0,1987.2916666666463,2013.4583333332891,
lowess1dg20wnc,42/3_ST_Fits,c,3.422187574537962,0.04283477460399066,41,0,0.2136433262970296,0.2136433262970296,1.5063008042072152,0.04652772888407876,-0.012693002658158684,233.47662465211837,138.27771405032183,0.047914542725536406,0.048079637234559686,-0.014439566879277974,-0.04074000431216892,1989.124999999978,2015.2083333332876,
Kal_flexLin,42/5_Kalman,c,4.827659152754273,0.05317657451406971,0,0,0.9679187620056474,0.9679187620056474,1.694858571757903,0.043761577431792646,-0.010230787419410001,262.70307862247495,155.98660613757804,0.041782997528758074,0.041901272639044494,-0.009470209586474152,-0.028344285765572595,1987.874999999979,2015.1249999999543,
GAM_AR1,42/4_GAM_AR1,c,6.632490133255456,0.041092027572690135,28,3,0.003746422105811278,0.13851454629217053,1.3866938458858757,0.04969419559994461,-0.006272136452815108,188.5903630404791,122.32842142240854,0.05054682662365776,0.04544450996123954,-0.014301426187899044,-0.028103753012722766,1987.3749999999795,2014.9583333332878,
CGWL10y_sfUKCP,44/44_EarthModel_CGWL,c,6.481056667633373,0.05036099322380558,0,0,0.9044247787610619,0.9044247787610619,1.6527456140085097,0.042747525801444,0.00042029000725006175,241.3008596452424,152.94167994900323,0.038774198107316846,0.037403994433809505,0.0018709384652190713,0.005800244030694965,1987.874999999979,2014.708333333288,
