method_name,method_class,c/r,smooth_r,avg_unc.(1se),#q<0.5,#q<0.1,q_min,q_small5,log-likeli,RMS,bias,tlog-l,100log-l,100RMS,75RMS,100bias,bias50,xyear0.5,xyear1.0,xyear1.5
cent20y,42/1_Run_Means,r,1.0,0.03266282748362712,0,0,1.0,1.0,2.5154627981360527,0.0,0.0,389.8967337110882,230.59219912364716,0.0,0.0,0.0,0.0,1984.791666666655,2010.4583333332982,
GWI_anthro_CGWL,43/3_Human_Induced,c,2.4410680526683683,0.08616104609443904,0,0,0.9772784555356149,0.9772784555356149,1.3476371734662664,0.05844776771955187,-0.00016946266844826595,95.68223931610491,95.68223931610491,0.05844776771955187,0.05844776771955187,-0.00016946266844826595,0.03408605901596386,1982.9583333333233,2009.8749999999654,
GWI_anthro_SR15,43/3_Human_Induced,c,2.234134800312384,0.07792387083380181,0,0,0.9962258905441257,0.9962258905441257,1.424131765296764,0.05316991219723914,-0.001714058093682035,101.11335533607024,101.11335533607023,0.05316991219723914,0.05316991219723914,-0.0017140580936820346,0.021649741584047037,1985.0416666666547,2010.2083333332985,
GWI_anthro,43/3_Human_Induced,c,2.371685259615708,0.08124958526532247,0,0,0.9817478374299926,0.9817478374299926,1.399603220388105,0.05465391244257666,-0.0008173710519090747,99.37182864755546,99.37182864755546,0.05465391244257666,0.05465391244257666,-0.0008173710519090747,0.027283255246528526,1983.7083333333226,2010.5416666666315,
FaIR_nonat_unB,43/1_ERF_FaIR,c,4.103184254632479,0.02468567836302283,50,36,3.602725175725982e-24,1.0978351675039196e-21,-1130.4754658471968,0.3571633130310084,0.2161239825638999,-102873.2673920949,-102873.26739209489,0.35716331303100834,0.26270915054687255,0.21612398256389992,-0.004446655611554831,1986.2916666666536,2011.374999999964,
FaIR_anthro_unB,43/1_ERF_FaIR,c,3.928364224948087,0.023122325530361764,50,43,6.671814404581417e-28,7.163857240704316e-26,-1457.784001046275,0.34231639598386354,0.21882958564692767,-132658.34409521104,-132658.344095211,0.3423163959838636,0.25406884156758924,0.21882958564692775,0.010869166305983488,1985.3749999999877,2011.041666666631,
