method_name,method_class,c/r,smooth_r,avg_unc.(1se),#q<0.5,#q<0.1,q_min,q_small5,log-likeli,RMS,bias,tlog-l,100log-l,100RMS,75RMS,100bias,bias50,xyear0.5,xyear1.0,xyear1.5
cent20y,42/1_Run_Means,r,1.0,0.02673192987023809,0,0,1.0,1.0,2.720728521697501,0.0,0.0,421.7129208631127,238.05329418065477,0.0,0.0,0.0,0.0,1988.2083333333185,2013.5416666666288,
GWI_anthro_CGWL,43/3_Human_Induced,c,2.8433324170390755,0.08727993956275762,0,0,0.8882242682056489,0.8882242682056489,1.2881467307801144,0.06659187224513409,0.027335827911218413,91.45841788538813,91.45841788538813,0.06659187224513409,0.06659187224513409,0.027335827911218413,0.06585982846430093,1983.874999999989,2012.3749999999632,
GWI_anthro_SR15,43/3_Human_Induced,c,2.6337386372923404,0.0772684714333054,0,0,0.9113255279215333,0.9113255279215333,1.361972363875089,0.05966326452598431,0.022107400410491522,96.70003783513131,96.70003783513131,0.05966326452598431,0.05966326452598431,0.022107400410491522,0.04692331835671522,1986.2083333333203,2013.2083333332957,
GWI_anthro,43/3_Human_Induced,c,2.9407287201907883,0.08150374801317369,0,0,0.9475308335099342,0.9475308335099342,1.3310219240630703,0.062094068302700825,0.024259715202653565,94.50255660847799,94.50255660847799,0.06209406830270083,0.06209406830270083,0.024259715202653562,0.055203328686336206,1984.7083333333217,2013.0416666666292,
FaIR_nonat_unB,43/1_ERF_FaIR,c,2.890849902183064,0.02813768224495357,49,3,0.013867389210294031,0.10820451843043996,-0.19337877218582694,0.0577923371020497,0.033166202989248855,-17.59746826891025,-17.597468268910262,0.0577923371020497,0.04106460864236333,0.033166202989248855,0.008405970594123197,1988.2083333333185,2013.8749999999618,
