method_name,method_class,c/r,smooth_r,avg_unc.(1se),#q<0.5,#q<0.1,q_min,q_small5,log-likeli,RMS,bias,tlog-l,100log-l,100RMS,75RMS,100bias,bias50,xyear0.5,xyear1.0,xyear1.5
cent20y,42/1_Run_Means,r,1.0,0.02684086262375793,0,0,1.0,1.0,2.7108634764068054,0.0,0.0,420.18383884305484,244.64883540436676,0.0,0.0,0.0,0.0,1988.8749999999845,2015.1249999999607,
GWI_anthro_CGWL,43/3_Human_Induced,c,3.002456718149928,0.08096304787081328,0,0,0.9712438451465317,0.9712438451465317,1.3750624506434206,0.043190790376670236,-0.008002635787440622,97.62943399568286,97.62943399568285,0.04319079037667023,0.043190790376670236,-0.008002635787440622,-0.030291126167676298,1989.7916666666504,2018.3749999999577,
GWI_anthro_SR15,43/3_Human_Induced,c,2.750562077108183,0.07256223856992514,0,0,0.9959412451950151,0.9959412451950151,1.4027692041977535,0.04881773193166374,-0.0008523432647782588,99.5966134980405,99.59661349804051,0.04881773193166374,0.04881773193166374,-0.0008523432647782588,-0.02862036726610834,1989.7083333333171,2018.3749999999577,
GWI_anthro,43/3_Human_Induced,c,2.863413681348561,0.0757531663675141,0,0,0.9834111336814244,0.9834111336814244,1.3969744542947404,0.04613301622748625,-0.002861462840338057,99.18518625492658,99.18518625492656,0.046133016227486244,0.046133016227486244,-0.002861462840338057,-0.028078995126621115,1989.7083333333171,2018.2083333332912,
FaIR_nonat_unB,43/1_ERF_FaIR,c,2.3957815811103145,0.028288241318819844,0,0,0.9488703923900119,0.9488703923900119,2.212321999215217,0.02559242121223261,0.013133415794311756,201.32130192858475,201.32130192858472,0.02559242121223261,0.027625801688264538,0.013133415794311756,0.016018551654441097,1989.5416666666506,2014.7083333332944,
