method_name,method_class,c/r,smooth_r,avg_unc.(1se),#q<0.5,#q<0.1,q_min,q_small5,log-likeli,RMS,bias,tlog-l,100log-l,100RMS,75RMS,100bias,bias50,xyear0.5,xyear1.0,xyear1.5
cent20y,42/1_Run_Means,r,1.0,0.028959813651719814,0,0,1.0,1.0,2.638627325116011,0.0,0.0,408.9872353929817,239.24400643709276,0.0,0.0,0.0,0.0,1978.041666666661,2004.7083333333035,
GWI_anthro_CGWL,43/3_Human_Induced,c,2.5866869467116196,0.07215513744533647,0,0,0.9843317021194111,0.9843317021194111,1.4008192032783224,0.05766328459026293,-0.04710142767717168,99.4581634327609,99.4581634327609,0.057663284590262924,0.05766328459026293,-0.04710142767717168,-0.060037049603418054,1982.7916666666567,2006.208333333302,
GWI_anthro_SR15,43/3_Human_Induced,c,2.3629017280866953,0.06673951098180755,0,0,0.9955883649939121,0.9955883649939121,1.4956118557639724,0.05053362571824847,-0.03474491302166233,106.18844175924204,106.18844175924204,0.05053362571824847,0.05053362571824847,-0.03474491302166234,-0.0497150351720154,1982.541666666657,2005.0416666666365,
GWI_anthro,43/3_Human_Induced,c,2.405898652606192,0.06871051872068207,0,0,0.9947476412165212,0.9947476412165212,1.4720517068149321,0.052299047951784736,-0.038759185914741645,104.51567118386018,104.51567118386018,0.052299047951784736,0.05229904795178473,-0.038759185914741645,-0.053375844015504416,1982.541666666657,2006.0416666666356,
FaIR_nonat_unB,43/1_ERF_FaIR,c,1.8938831195246486,0.028469718487390144,0,0,0.7271343638525565,0.7271343638525565,2.133344742430924,0.028735104138907817,-0.011229562239268239,194.13437156121407,194.13437156121407,0.028735104138907813,0.029904783462651605,-0.011229562239268239,-0.0033499450175813075,1979.29166666666,2001.5416666666397,
FaIR_anthro_unB,43/1_ERF_FaIR,c,1.9847712776372264,0.025317452359448094,66,0,0.3974859860710039,0.3974859860710039,1.902807565432433,0.0324139671548011,-0.02505466118191779,173.1554884543514,173.15548845435134,0.0324139671548011,0.031515171652990566,-0.02505466118191779,-0.022325160098183604,1978.958333333327,2003.7083333333044,
