method_name,method_class,c/r,smooth_r,avg_unc.(1se),#q<0.5,#q<0.1,q_min,q_small5,log-likeli,RMS,bias,tlog-l,100log-l,100RMS,75RMS,100bias,bias50,xyear0.5,xyear1.0,xyear1.5
cent20y,42/1_Run_Means,r,1.0,0.029549623862396512,0,0,1.0,1.0,2.614745127680968,0.0,0.0,405.28549479055005,235.79146570266664,0.0,0.0,0.0,0.0,1983.4583333333228,2010.374999999965,
GWI_anthro_CGWL,43/3_Human_Induced,c,2.476493760111524,0.08421595604761155,0,0,0.9222189708299858,0.9222189708299858,1.346393479607243,0.06165912206116101,0.013876283367099654,95.59393705211426,95.59393705211426,0.061659122061161004,0.061659122061161004,0.013876283367099652,0.047423148675342246,1980.958333333325,2009.5416666666324,
GWI_anthro_SR15,43/3_Human_Induced,c,2.294342937542787,0.07502910788337856,0,0,0.9772235448934441,0.9772235448934441,1.3971136800928246,0.05862442809960342,0.011452809926547536,99.19507128659055,99.19507128659053,0.05862442809960342,0.058624428099603415,0.011452809926547536,0.032632693084201005,1982.9583333333233,2009.7916666666322,
GWI_anthro,43/3_Human_Induced,c,2.4026690434789164,0.078846632989951,0,0,0.9743907463008155,0.9743907463008155,1.38619588874024,0.059050299795486615,0.01272983039303278,98.41990810055704,98.41990810055705,0.059050299795486615,0.059050299795486615,0.01272983039303278,0.03938089188378573,1982.2916666666572,2009.9583333332987,
FaIR_nonat_unB,43/1_ERF_FaIR,c,4.751090881509414,0.027241118214795294,51,41,2.2998318485442626e-19,1.504870811905951e-17,-864.727984498658,0.36153239848645574,0.23053066721002138,-78690.24658937787,-78690.24658937787,0.3615323984864557,0.2661879597507468,0.23053066721002136,0.01689638928169155,1983.0416666666565,2011.1249999999643,
FaIR_anthro_unB,43/1_ERF_FaIR,c,4.525468946195195,0.024213180013540482,78,51,7.392530449840385e-24,8.185148041729662e-22,-1323.9645656779744,0.3513482138101189,0.2380881174565977,-120480.77547669566,-120480.77547669568,0.35134821381011894,0.25937817897458254,0.23808811745659775,0.03638157023174105,1979.4583333333264,2010.6249999999648,
