method_name,method_class,c/r,smooth_r,avg_unc.(1se),#q<0.5,#q<0.1,q_min,q_small5,log-likeli,RMS,bias,tlog-l,100log-l,100RMS,75RMS,100bias,bias50,xyear0.5,xyear1.0,xyear1.5
cent20y,42/1_Run_Means,r,1.0,0.028107667207801557,0,0,1.0,1.0,2.6661120310827964,0.0,0.0,413.24736481783344,239.4970534684365,0.0,0.0,0.0,0.0,1976.708333333329,2004.9583333333032,
GWI_anthro_CGWL,43/3_Human_Induced,c,2.565611266409348,0.06988702323499828,0,0,0.9761618818972682,0.9761618818972682,1.4708758501706678,0.05152172739346373,-0.041271346662202744,104.43218536211741,104.43218536211742,0.05152172739346373,0.05152172739346373,-0.04127134666220274,-0.05491654747427667,1980.624999999992,2006.208333333302,
GWI_anthro_SR15,43/3_Human_Induced,c,2.336204291414738,0.06480554945757162,0,0,0.9941339849643123,0.9941339849643123,1.5956621154974575,0.04197862692083681,-0.026544588908022995,113.29201020031948,113.29201020031951,0.0419786269208368,0.0419786269208368,-0.026544588908022995,-0.039993030971658884,1980.0416666666592,2004.9583333333032,
GWI_anthro,43/3_Human_Induced,c,2.4266293337653506,0.06663892059920155,0,0,0.9992435218511195,0.9992435218511195,1.5584380527439976,0.04487049151945164,-0.03149460737747838,110.64910174482382,110.64910174482381,0.04487049151945164,0.04487049151945165,-0.03149460737747838,-0.045503531658330224,1980.1249999999925,2005.874999999969,
FaIR_nonat_unB,43/1_ERF_FaIR,c,1.7995336026618722,0.02896204875617909,47,0,0.45986920332936976,0.45986920332936976,1.8189047095823399,0.037377082486491055,-0.010825403342461693,165.52032857199293,165.52032857199293,0.03737708248649105,0.038377853948925615,-0.010825403342461693,0.0042068916050148125,1978.374999999994,2000.9583333333069,
FaIR_anthro_unB,43/1_ERF_FaIR,c,1.7041845029131122,0.025606125940142083,70,0,0.12984542211652794,0.12984542211652794,1.4301456702183375,0.04047897607325886,-0.026479074536460458,130.14325598986872,130.14325598986872,0.040478976073258864,0.040971437907724576,-0.026479074536460458,-0.016864292906447236,1978.041666666661,2002.7916666666385,
