method_name,method_class,c/r,smooth_r,avg_unc.(1se),#q<0.5,#q<0.1,q_min,q_small5,log-likeli,RMS,bias,tlog-l,100log-l,100RMS,75RMS,100bias,bias50,xyear0.5,xyear1.0,xyear1.5
cent20y,42/1_Run_Means,r,1.0,0.026903102939263786,0,0,1.0,1.0,2.7092842164265987,0.0,0.0,419.9390535461228,245.52128976621725,0.0,0.0,0.0,0.0,1984.7083333333217,2010.2083333332985,
GWI_anthro_CGWL,43/3_Human_Induced,c,2.771737203885318,0.07879007700999825,0,0,0.9994511940338906,0.9994511940338906,1.4774453770092448,0.034362102401976596,-0.004035198391350043,104.89862176765638,104.89862176765638,0.03436210240197659,0.03436210240197659,-0.004035198391350043,-0.018261370002097783,1984.458333333322,2014.2083333332948,
GWI_anthro_SR15,43/3_Human_Induced,c,2.530623285796992,0.07100984524854062,0,0,0.9817029308362533,0.9817029308362533,1.510766016024114,0.04040217654313812,0.0009855529958679818,107.2643871377121,107.2643871377121,0.04040217654313812,0.04040217654313812,0.0009855529958679814,-0.019033689597017633,1985.5416666666542,2014.2083333332948,
GWI_anthro,43/3_Human_Induced,c,2.5925925464538313,0.07398289661724557,0,0,0.9971699933752769,0.9971699933752769,1.502004271424583,0.03763946278095434,-0.0005144443945787019,106.6423032711454,106.64230327114538,0.03763946278095434,0.03763946278095434,-0.0005144443945787021,-0.017836279221207275,1984.458333333322,2014.2083333332948,
FaIR_nonat_unB,43/1_ERF_FaIR,c,5.486356338893015,0.02828403975042741,39,35,1.0271609052228706e-17,4.761784363551788e-17,-686.2478666302585,0.3355946215929,0.20993338160010766,-62448.55586335352,-62448.555863353526,0.3355946215929,0.2466204544497602,0.20993338160010766,0.006724409322751312,1984.9583333333214,2010.9583333332978,
