method_name,method_class,c/r,smooth_r,avg_unc.(1se),#q<0.5,#q<0.1,q_min,q_small5,log-likeli,RMS,bias,tlog-l,100log-l,100RMS,75RMS,100bias,bias50,xyear0.5,xyear1.0,xyear1.5
cent20y,42/1_Run_Means,r,1.0,0.02814634766426417,0,0,1.0,1.0,2.666315317494549,0.0,0.0,413.2788742116551,242.99338991076795,0.0,0.0,0.0,0.0,1984.3749999999886,2010.4583333332982,
GWI_anthro_CGWL,43/3_Human_Induced,c,2.5192705269674267,0.08535595931780328,0,0,0.8093883619815795,0.8093883619815795,1.1978920975506617,0.07197825523456282,-0.001492749009453753,85.05033892609698,85.050338926097,0.07197825523456283,0.07197825523456283,-0.001492749009453753,0.04511929191350519,1982.6249999999902,2008.791666666633,
GWI_anthro_SR15,43/3_Human_Induced,c,2.3326925817485753,0.07651786160644072,0,0,0.8086074441832017,0.8086074441832017,1.312765330743385,0.06354381264024683,-0.002992798522401496,93.20633848278034,93.20633848278032,0.06354381264024685,0.06354381264024685,-0.0029927985224014967,0.03042851833972106,1984.7083333333217,2009.1249999999661,
GWI_anthro,43/3_Human_Induced,c,2.5516422739981186,0.08021982165526532,0,0,0.772019384747265,0.772019384747265,1.2700372588568336,0.06670899464545692,-0.001890968624985915,90.17264537883518,90.17264537883517,0.06670899464545692,0.06670899464545692,-0.001890968624985916,0.03712259912666405,1983.2916666666563,2009.5416666666324,
FaIR_nonat_unB,43/1_ERF_FaIR,c,5.340807054235531,0.02755680779026696,52,43,1.1235515604824512e-18,2.783402056458884e-18,-830.1115973970107,0.35775396897749556,0.2337940650427099,-75540.15536312797,-75540.15536312797,0.35775396897749556,0.2640486821433492,0.2337940650427099,0.02590588132300429,1983.7916666666558,2010.2083333332985,
FaIR_anthro_unB,43/1_ERF_FaIR,c,4.5637233002989195,0.02443156313531101,91,72,3.6475607110961285e-24,9.650284164422096e-23,-1300.1298435494837,0.35132553035758673,0.2491009090102708,-118311.815763003,-118311.81576300302,0.35132553035758673,0.2618730300626381,0.2491009090102708,0.05499532020762994,1978.374999999994,2009.374999999966,
