method_name,method_class,c/r,smooth_r,avg_unc.(1se),#q<0.5,#q<0.1,q_min,q_small5,log-likeli,RMS,bias,tlog-l,100log-l,100RMS,75RMS,100bias,bias50,xyear0.5,xyear1.0,xyear1.5
cent20y,42/1_Run_Means,r,1.0,0.02949155113175095,0,0,1.0,1.0,2.6114719057300286,0.0,0.0,404.7781453881544,234.5529693461367,0.0,0.0,0.0,0.0,1988.1249999999789,2013.5416666666224,
lowess1dg20wnc,42/3_ST_Fits,c,3.458580707763021,0.050618810324208036,38,0,0.3440017406019396,0.3440017406019396,1.368732107919571,0.0560700267824492,-0.013213397377285545,212.15347672753347,121.12574020885586,0.05773077631824406,0.0573652976105774,-0.010991488506861997,-0.04791769187522395,1990.3749999999768,2015.041666666621,
Kal_flexLin,42/5_Kalman,c,4.684897573128312,0.05317657451406971,2,0,0.3606761798120469,0.6556788068874795,1.5314552697661565,0.052031197717811395,-0.010178717707701212,237.37556681375426,137.79862394390398,0.05213475210323347,0.0475533211389624,-0.007050485732604445,-0.033174650542724206,1989.6249999999775,2015.041666666621,
GAM_AR1,42/4_GAM_AR1,c,7.256220294401944,0.049132992162141814,20,4,0.006844838686962069,0.11061512219623358,1.2721063630798428,0.05623927766954131,-0.005748614404398848,173.00646537885862,132.82498935653445,0.05428360576232424,0.0513540804560881,-0.005307037588493851,-0.03144659233206593,1989.3749999999777,2014.8749999999545,
CGWL10y_sfUKCP,44/44_EarthModel_CGWL,c,5.894380438816008,0.0504345670823128,0,0,0.888695652173913,0.888695652173913,1.6556063292540664,0.043187490173989415,0.0024018472565480913,241.7185240710937,146.58077689912778,0.04423428326161767,0.0382990552682481,0.00442958074596299,0.003783784396820074,1989.7083333333107,2014.708333333288,
