method_name,method_class,c/r,smooth_r,avg_unc.(1se),#q<0.5,#q<0.1,q_min,q_small5,log-likeli,RMS,bias,tlog-l,100log-l,100RMS,75RMS,100bias,bias50,xyear0.5,xyear1.0,xyear1.5
cent20y,42/1_Run_Means,r,1.0,0.028758223363897054,0,0,1.0,1.0,2.6457748497751656,0.0,0.0,410.0951017151507,240.66996571410965,0.0,0.0,0.0,0.0,1984.791666666655,2010.2916666666317,
GWI_anthro_CGWL,43/3_Human_Induced,c,2.68799879700327,0.07174075928178125,0,0,0.7971217509854714,0.7971217509854714,1.2713005527123697,0.07016441843171346,-0.06109286719677898,90.26233924257825,90.26233924257824,0.07016441843171346,0.07016441843171346,-0.06109286719677898,-0.08100573024122308,1988.708333333318,2015.4583333332937,
GWI_anthro_SR15,43/3_Human_Induced,c,2.459955786878364,0.06623655259261951,0,0,0.9853801409585127,0.9853801409585127,1.4432816742012085,0.05611364518115018,-0.04451288487673657,102.4729988682858,102.4729988682858,0.05611364518115018,0.05611364518115018,-0.04451288487673657,-0.06311822367793016,1987.8749999999854,2015.208333333294,
GWI_anthro,43/3_Human_Induced,c,2.5706536041253414,0.0682243856897355,0,0,0.9287115227547097,0.9287115227547097,1.387067108630426,0.06102302155970309,-0.05014007920311356,98.48176471276025,98.48176471276028,0.061023021559703086,0.061023021559703086,-0.05014007920311355,-0.0699055215429172,1987.9583333333187,2015.2916666666272,
FaIR_nonat_unB,43/1_ERF_FaIR,c,5.523781227917545,0.028997151710575295,69,49,1.9477731061407568e-22,4.532315879156611e-22,-1123.5994544213606,0.40845472038613795,0.23619257126913387,-102247.55035234381,-102247.55035234382,0.408454720386138,0.29540528152244133,0.23619257126913384,-0.01579482915846611,1986.5416666666533,2011.5416666666306,
