method_name,method_class,c/r,smooth_r,avg_unc.(1se),#q<0.5,#q<0.1,q_min,q_small5,log-likeli,RMS,bias,tlog-l,100log-l,100RMS,75RMS,100bias,bias50,xyear0.5,xyear1.0,xyear1.5
cent20y,42/1_Run_Means,r,1.0,0.02678476981502025,0,0,1.0,1.0,2.711986093063938,0.0,0.0,420.35784442491035,244.58192041157128,0.0,0.0,0.0,0.0,1984.2083333333221,2010.374999999965,
GWI_anthro_CGWL,43/3_Human_Induced,c,2.810983588148354,0.07986427212564853,0,0,0.9996618434152924,0.9996618434152924,1.4672818227948439,0.035989133878791234,-0.0009418091931373569,104.17700941843391,104.17700941843393,0.035989133878791234,0.035989133878791234,-0.0009418091931373569,-0.011918717703452127,1982.7083333333235,2014.7083333332944,
GWI_anthro_SR15,43/3_Human_Induced,c,2.559613027634063,0.0718942973336009,0,0,0.9678179338790431,0.9678179338790431,1.4969253712403736,0.04160741047039457,0.0032908846835309103,106.28170135806653,106.28170135806653,0.04160741047039457,0.04160741047039457,0.00329088468353091,-0.014313139006751545,1984.6249999999884,2014.7916666666276,
GWI_anthro,43/3_Human_Induced,c,2.6606934412886125,0.07496370006881033,0,0,0.9857048934436563,0.9857048934436563,1.490579902182168,0.038853076005242154,0.0021658342895527318,105.83117305493393,105.83117305493394,0.038853076005242154,0.038853076005242154,0.0021658342895527318,-0.012339626238342288,1983.208333333323,2014.7083333332944,
FaIR_nonat_unB,43/1_ERF_FaIR,c,5.27498373162948,0.028207030580676633,53,41,1.0554719972764117e-16,4.4159064329082115e-16,-623.7174404596715,0.32341303764695223,0.2126090343040628,-56758.28708183011,-56758.287081830116,0.3234130376469522,0.24084761902453197,0.2126090343040628,0.02339180486343259,1984.0416666666556,2010.8749999999645,
FaIR_anthro_unB,43/1_ERF_FaIR,c,5.149883573329893,0.02402929667569433,68,50,3.1707859781690854e-24,5.768861920969691e-20,-1054.0940778233485,0.3065037828328158,0.20818825239292219,-95922.56108192471,-95922.56108192471,0.3065037828328158,0.23038519367421054,0.20818825239292219,0.03257752915489206,1979.2083333333267,2010.7916666666313,
