method_name,method_class,c/r,smooth_r,avg_unc.(1se),#q<0.5,#q<0.1,q_min,q_small5,log-likeli,RMS,bias,tlog-l,100log-l,100RMS,75RMS,100bias,bias50,xyear0.5,xyear1.0,xyear1.5
cent20y,42/1_Run_Means,r,1.0,0.031195781715020042,0,0,1.0,1.0,2.563304084080391,0.0,0.0,397.3121330324606,234.9284316417045,0.0,0.0,0.0,0.0,1988.7083333333117,2013.8749999999554,
lowess1dg20wnc,42/3_ST_Fits,c,3.5824711958329885,0.06345776123801669,0,0,0.7540137209579799,0.7540137209579799,1.3558157430043556,0.06365113351742653,-0.02151408273546074,210.15144016567513,132.3701649735153,0.05374294869842485,0.051238195261547034,-0.014463546773057893,-0.03915574360249719,1990.3749999999768,2015.374999999954,
Kal_flexLin,42/5_Kalman,c,4.908529971333431,0.05317657451406971,10,0,0.21852114568512804,0.21852114568512804,1.4471202553027789,0.055773412526439387,-0.009537687881201726,224.30363957193072,138.89742288137023,0.05156837789921862,0.04446847741048235,-0.010192399622418526,-0.026215656024410894,1989.791666666644,2015.2916666666208,
GAM_AR1,42/4_GAM_AR1,c,7.020086929894942,0.06150355180109878,62,0,0.22119957874519083,0.23253726874904565,1.043039271470223,0.07676966186853296,-0.024151008635756685,141.85334091995034,111.64931027790777,0.06533487445950376,0.06093540375476382,-0.023777878479729144,-0.05295925190847539,1990.791666666643,2015.041666666621,
CGWL10y_sfUKCP,44/44_EarthModel_CGWL,c,5.8179715562552,0.05001315808584613,0,0,0.9569747899159664,0.9569747899159664,1.7180656455878731,0.041082406277987815,0.006301198968626954,250.83758425582948,147.66047361055564,0.043899212621597294,0.03376059431668927,0.0025663087236447372,0.005829640027878032,1990.124999999977,2014.9583333332878,
