method_name,method_class,c/r,smooth_r,avg_unc.(1se),#q<0.5,#q<0.1,q_min,q_small5,log-likeli,RMS,bias,tlog-l,100log-l,100RMS,75RMS,100bias,bias50,xyear0.5,xyear1.0,xyear1.5
cent20y,42/1_Run_Means,r,1.0,0.032682807815704894,0,0,1.0,1.0,2.514589912074343,0.0,0.0,389.7614363715232,232.66585528520307,0.0,0.0,0.0,0.0,1984.0416666666492,2009.2916666666263,
lowess1dg20wnc,42/3_ST_Fits,c,3.8347654739090715,0.06925671897744977,0,0,0.6533621120760231,0.8278251181036979,1.3521549660296555,0.059671763960756796,-0.0062270691297836795,209.5840197345966,137.93232592987698,0.046068973902662264,0.04245797928041348,-0.011674824653331337,-0.03869997154342515,1987.1249999999798,2010.6249999999584,
Kal_flexLin,42/5_Kalman,c,5.274677247271748,0.05317657451406971,20,4,0.0902101925327572,0.15090072551851647,1.4090666410261394,0.05729204828977096,-0.008457870860251326,218.40532935905162,149.66185975399023,0.04564974781331012,0.0402307659480477,-0.00821382500260847,-0.02797582225756543,1986.7916666666467,2009.9583333332923,
GAM_AR1,42/4_GAM_AR1,c,6.600528764993077,0.06613027121810237,14,0,0.1615388919440575,0.1615388919440575,1.1984203779500686,0.06733945570600028,-0.0032419328680125935,162.98517140120933,138.8036792250872,0.0462129791012203,0.04035685413463397,-0.006156587858147626,-0.027870385723192635,1986.6249999999802,2009.874999999959,
CGWL10y_sfUKCP,44/44_EarthModel_CGWL,c,5.7108494583364315,0.05057820608058283,0,0,0.9815126050420168,0.9815126050420168,1.6303362290797143,0.045279663936873306,0.00011345522821839219,238.0290894456383,147.57749964789042,0.04346870706314792,0.03788961186588323,-0.005417033293738487,0.0013284757034588035,1985.874999999981,2009.4583333332928,
