method_name,method_class,c/r,smooth_r,avg_unc.(1se),#q<0.5,#q<0.1,q_min,q_small5,log-likeli,RMS,bias,tlog-l,100log-l,100RMS,75RMS,100bias,bias50,xyear0.5,xyear1.0,xyear1.5
cent20y,42/1_Run_Means,r,1.0,0.026681991335205442,0,0,1.0,1.0,2.7157758679637465,0.0,0.0,420.9452595343807,244.70526693392662,0.0,0.0,0.0,0.0,1984.458333333322,2010.4583333332982,
GWI_anthro_CGWL,43/3_Human_Induced,c,2.7597651629060835,0.08083887915911878,0,0,0.9984983519689996,0.9984983519689996,1.477169311673339,0.030522484220054803,0.0012218941791172807,104.87902112880707,104.87902112880707,0.030522484220054803,0.030522484220054803,0.001221894179117281,-0.011704896389585296,1984.6249999999884,2014.0416666666283,
GWI_anthro_SR15,43/3_Human_Induced,c,2.5416312189316432,0.07244459164158963,0,0,0.9762483232653008,0.9762483232653008,1.4852164526995841,0.042684062019748344,0.0051244622885334564,105.45036814167048,105.45036814167048,0.042684062019748344,0.042684062019748344,0.0051244622885334564,-0.015516217806147902,1985.7083333333208,2014.1249999999616,
GWI_anthro,43/3_Human_Induced,c,2.654887370063141,0.07572734644463794,0,0,0.9976135894811389,0.9976135894811389,1.4850394847544788,0.03752920047381276,0.004171131563461874,105.43780341756799,105.437803417568,0.03752920047381276,0.03752920047381276,0.004171131563461874,-0.01300058959733136,1984.7083333333217,2014.0416666666283,
FaIR_nonat_unB,43/1_ERF_FaIR,c,5.264853443482077,0.02836229232784761,46,39,4.4917365699574874e-18,1.8922282923109526e-16,-690.8173607883463,0.338060145684028,0.2199044864967341,-62864.379831739505,-62864.379831739505,0.338060145684028,0.2530075129282675,0.21990448649673408,0.019011466019831214,1985.0416666666547,2010.708333333298,
FaIR_anthro_unB,43/1_ERF_FaIR,c,5.346618129167344,0.02409978592972956,65,44,3.714086995587327e-21,7.91294600385606e-21,-1170.266916785773,0.3230551702743416,0.21910293024910352,-106494.28942750534,-106494.28942750537,0.3230551702743416,0.24397520580006046,0.21910293024910352,0.030693015725226647,1980.2083333333258,2010.6249999999648,
