method_name,method_class,c/r,smooth_r,avg_unc.(1se),#q<0.5,#q<0.1,q_min,q_small5,log-likeli,RMS,bias,tlog-l,100log-l,100RMS,75RMS,100bias,bias50,xyear0.5,xyear1.0,xyear1.5
cent20y,42/1_Run_Means,r,1.0,0.031049695581148045,0,0,1.0,1.0,2.5622963479875613,0.0,0.0,397.155933938072,234.21670903245786,0.0,0.0,0.0,0.0,1984.6249999999884,2010.5416666666315,
GWI_anthro_CGWL,43/3_Human_Induced,c,2.439833589653051,0.07839668904168896,0,0,0.9919399617288198,0.9919399617288198,1.527518983753747,0.038193651151945195,-0.0001172081167004272,108.45384784651604,108.45384784651604,0.038193651151945195,0.038193651151945195,-0.0001172081167004272,0.01288153256961631,1982.7916666666567,2013.624999999962,
GWI_anthro_SR15,43/3_Human_Induced,c,2.2229004059680886,0.0711993454330902,0,0,0.9926878623990543,0.9926878623990543,1.5862076445869777,0.039235508867353074,0.0023028030382599234,112.62074276567542,112.62074276567543,0.039235508867353074,0.039235508867353074,0.002302803038259923,0.008726312966746414,1984.458333333322,2013.3749999999623,
GWI_anthro,43/3_Human_Induced,c,2.2877342207153895,0.0740344208138431,0,0,0.9935473279919089,0.9935473279919089,1.5823894917102914,0.03728687572511236,0.001458117243290756,112.34965391143069,112.34965391143069,0.03728687572511237,0.03728687572511236,0.001458117243290756,0.010986435146244186,1983.3749999999895,2013.4583333332955,
FaIR_nonat_unB,43/1_ERF_FaIR,c,4.514076813647242,0.02713828808163204,50,39,1.7972634447797384e-21,5.7682103446343395e-21,-1090.68589959881,0.3834464273644429,0.2354270580948581,-99252.41686349172,-99252.4168634917,0.3834464273644429,0.2725053209194105,0.23542705809485814,0.004536766636595139,1985.458333333321,2011.4583333332973,
FaIR_anthro_unB,43/1_ERF_FaIR,c,4.137092027029154,0.024847598516965906,47,36,1.4842117621236357e-28,1.8182157876703088e-25,-1563.4679789505865,0.36267720066719356,0.2185574598426311,-142275.58608450336,-142275.5860845034,0.36267720066719356,0.2582452915066005,0.2185574598426311,-0.004507488102002253,1985.5416666666542,2012.0416666666301,
