method_name,method_class,c/r,smooth_r,avg_unc.(1se),#q<0.5,#q<0.1,q_min,q_small5,log-likeli,RMS,bias,tlog-l,100log-l,100RMS,75RMS,100bias,bias50,xyear0.5,xyear1.0,xyear1.5
cent20y,42/1_Run_Means,r,1.0,0.03246220640181819,0,0,1.0,1.0,2.5255280705389134,0.0,0.0,391.4568509335316,232.40386042216517,0.0,0.0,0.0,0.0,1984.2916666666554,2009.7916666666322,
GWI_anthro_CGWL,43/3_Human_Induced,c,2.433322521153235,0.09636962479563142,0,0,0.8081354229309672,0.8081354229309672,1.0038921472836224,0.09369160179953388,0.03402537631310738,71.27634245713719,71.27634245713719,0.09369160179953387,0.09369160179953388,0.03402537631310739,0.08801166745856227,1980.1249999999925,2005.7916666666358,
GWI_anthro_SR15,43/3_Human_Induced,c,2.268508773466739,0.08543414604107764,0,0,0.8929401034423907,0.8929401034423907,1.1309976066481473,0.07953278111041967,0.024442944343907574,80.30083007201846,80.30083007201846,0.07953278111041967,0.07953278111041967,0.024442944343907574,0.06452903463748143,1983.0416666666565,2004.7083333333035,
GWI_anthro,43/3_Human_Induced,c,2.504265094950877,0.09005060964174091,0,0,0.9031022180538877,0.9031022180538877,1.0768517500812926,0.0848927401668442,0.0278863503706588,76.45647425577178,76.45647425577178,0.08489274016684421,0.08489274016684421,0.0278863503706588,0.07443204350368571,1982.1249999999907,2006.4583333333019,
FaIR_nonat_unB,43/1_ERF_FaIR,c,2.2344100210164775,0.02435477887804947,6,1,0.08878379068238104,0.2164090368608799,1.7500708313576527,0.03353917536924861,-0.0025228666893287416,159.2564456535464,159.25644565354642,0.03353917536924861,0.02430957298834911,-0.0025228666893287416,-0.005134068009404414,1986.0416666666538,2010.6249999999648,
FaIR_anthro_unB,43/1_ERF_FaIR,c,1.9953132861436917,0.023266849342503636,29,0,0.2493150684931507,0.2493150684931507,1.836057696923311,0.03243687719197281,0.006094402262497284,167.0812504200213,167.08125042002132,0.03243687719197281,0.022921677414529305,0.006094402262497284,0.00964501914636915,1985.2083333333212,2010.041666666632,
