method_name,method_class,c/r,smooth_r,avg_unc.(1se),#q<0.5,#q<0.1,q_min,q_small5,log-likeli,RMS,bias,tlog-l,100log-l,100RMS,75RMS,100bias,bias50,xyear0.5,xyear1.0,xyear1.5
cent20y,42/1_Run_Means,r,1.0,0.03116222372722616,0,0,1.0,1.0,2.56106462843816,0.0,0.0,396.96501740791484,231.93918042481764,0.0,0.0,0.0,0.0,1982.6249999999902,2009.0416666666329,
GWI_anthro_CGWL,43/3_Human_Induced,c,2.4478475977482965,0.07945447901009135,0,0,0.9927653624916734,0.9927653624916734,1.4824041035179116,0.038961628202753104,-0.013069698091098854,105.25069134977173,105.2506913497717,0.038961628202753104,0.038961628202753104,-0.013069698091098854,-0.0031620411241177807,1983.541666666656,2009.7916666666322,
GWI_anthro_SR15,43/3_Human_Induced,c,2.2646832939368964,0.07255663368883164,0,0,0.9785636244373278,0.9785636244373278,1.5192981197987712,0.04420721738455059,-0.00919007473574898,107.87016650571276,107.87016650571275,0.04420721738455059,0.04420721738455059,-0.00919007473574898,-0.00706859385057718,1984.791666666655,2009.708333333299,
GWI_anthro,43/3_Human_Induced,c,2.360367184928584,0.0753059669614271,0,0,0.9916089489697775,0.9916089489697775,1.5265283268899603,0.04044841697949637,-0.010217858381398236,108.38351120918718,108.38351120918719,0.04044841697949637,0.04044841697949637,-0.010217858381398236,-0.004748156219370716,1983.874999999989,2010.041666666632,
FaIR_nonat_unB,43/1_ERF_FaIR,c,1.7990213736421006,0.027060122701577177,2,0,0.43281807372175973,0.548993081199033,2.112286856745578,0.029691031690197718,0.009695777065589606,192.2181039638476,192.21810396384757,0.029691031690197718,0.02645384684555282,0.009695777065589606,0.01225546027045011,1983.541666666656,2009.2916666666326,
FaIR_anthro_unB,43/1_ERF_FaIR,c,1.811042678493759,0.024172257653176953,6,0,0.32461355529131986,0.4328180737217598,2.1318707451853927,0.028571839849624817,0.007312485920319869,194.00023781187073,194.00023781187073,0.028571839849624813,0.02353541337092826,0.007312485920319868,0.008699409322174405,1983.1249999999898,2009.708333333299,
