method_name,method_class,c/r,smooth_r,avg_unc.(1se),#q<0.5,#q<0.1,q_min,q_small5,log-likeli,RMS,bias,tlog-l,100log-l,100RMS,75RMS,100bias,bias50,xyear0.5,xyear1.0,xyear1.5
cent20y,42/1_Run_Means,r,1.0,0.032682807815704894,0,0,1.0,1.0,2.514589912074343,0.0,0.0,389.7614363715232,232.66585528520307,0.0,0.0,0.0,0.0,1984.0416666666556,2009.2916666666326,
GWI_anthro_CGWL,43/3_Human_Induced,c,2.3108623010934073,0.09013787357076664,0,0,0.9784368080261662,0.9784368080261662,1.2205894294239292,0.07472978168131217,0.025271730500320104,86.66184948909897,86.66184948909897,0.07472978168131217,0.07472978168131218,0.025271730500320107,0.06651122698155718,1979.958333333326,2006.8749999999682,
GWI_anthro_SR15,43/3_Human_Induced,c,2.120472085869322,0.08038119463771261,0,0,0.9809568279996721,0.9809568279996721,1.325887309800233,0.06342840533075632,0.019468916321915712,94.13799899581655,94.13799899581655,0.06342840533075632,0.06342840533075632,0.019468916321915712,0.048735224244436666,1982.7083333333235,2006.0416666666356,
GWI_anthro,43/3_Human_Induced,c,2.307435775132166,0.08439274074137965,0,0,0.9996256759492552,0.9996256759492552,1.2841517792953066,0.06760311251901946,0.021574797750546732,91.17477632996676,91.17477632996676,0.06760311251901946,0.06760311251901946,0.021574797750546732,0.05637243363915929,1981.5416666666579,2008.0416666666338,
FaIR_nonat_unB,43/1_ERF_FaIR,c,2.135071076057823,0.024863410602471093,10,0,0.12867349783129262,0.2785714285714286,1.7953761370660133,0.03204040873541615,-0.0021269213281203065,163.3792284730072,163.37922847300717,0.032040408735416144,0.024780209164645767,-0.002126921328120307,-0.006247586273495109,1985.6249999999875,2010.1249999999652,
FaIR_anthro_unB,43/1_ERF_FaIR,c,1.9466717607658806,0.023371272668002242,12,0,0.26449993394107546,0.26449993394107546,2.01494774543539,0.029081146251960614,0.004950193328664051,183.36024483462052,183.36024483462052,0.029081146251960618,0.021961481212750746,0.004950193328664051,0.005710881910483645,1984.791666666655,2009.8749999999654,
