method_name,method_class,c/r,smooth_r,avg_unc.(1se),#q<0.5,#q<0.1,q_min,q_small5,log-likeli,RMS,bias,tlog-l,100log-l,100RMS,75RMS,100bias,bias50,xyear0.5,xyear1.0,xyear1.5
cent20y,42/1_Run_Means,r,1.0,0.02936467390266552,0,0,1.0,1.0,2.63223609274473,0.0,0.0,407.9965943754331,239.72697578348115,0.0,0.0,0.0,0.0,1977.374999999995,2005.6249999999693,
GWI_anthro_CGWL,43/3_Human_Induced,c,2.7069231023069205,0.0716861138896916,0,0,0.8986077686906608,0.8986077686906608,1.4256748397098704,0.05190714318820898,-0.03826495727074677,101.2229136194008,101.2229136194008,0.05190714318820898,0.05190714318820898,-0.03826495727074677,-0.030979318384163717,1980.5416666666588,2005.874999999969,
GWI_anthro_SR15,43/3_Human_Induced,c,2.4903056496608342,0.06651941291462612,0,0,0.8827299904612803,0.8827299904612803,1.5263282174596395,0.04826412353230945,-0.029540914619082398,108.36930343963441,108.36930343963441,0.04826412353230945,0.04826412353230945,-0.02954091461908239,-0.026039622783398168,1980.7083333333253,2004.87499999997,
GWI_anthro,43/3_Human_Induced,c,2.5265738559794144,0.06841453585829867,0,0,0.90632738184642,0.90632738184642,1.5035253777028827,0.04845124654866844,-0.032410769889572665,106.75030181690468,106.75030181690468,0.048451246548668434,0.048451246548668434,-0.03241076988957266,-0.027625077829138575,1980.624999999992,2005.7083333333026,
FaIR_nonat_unB,43/1_ERF_FaIR,c,1.838408054549365,0.028654760020250625,62,0,0.3787158145065398,0.3787158145065398,1.8105882577764074,0.03709027205252163,-0.0165522584393867,164.76353145765307,164.76353145765307,0.037090272052521626,0.03863530786169915,-0.0165522584393867,-0.003962461850423668,1979.1249999999934,2002.8749999999718,
