method_name,method_class,c/r,smooth_r,avg_unc.(1se),#q<0.5,#q<0.1,q_min,q_small5,log-likeli,RMS,bias,tlog-l,100log-l,100RMS,75RMS,100bias,bias50,xyear0.5,xyear1.0,xyear1.5
cent20y,42/1_Run_Means,r,1.0,0.026681473992236165,0,0,1.0,1.0,2.7157925706609984,0.0,0.0,420.94784845245476,244.7043932972881,0.0,0.0,0.0,0.0,1987.7083333333126,2013.6249999999557,
lowess1dg20wnc,42/3_ST_Fits,c,3.4002262289299594,0.04311355905350328,35,0,0.26408028585547705,0.38088488781150814,1.5127401609602442,0.0475494923583657,-0.011767877564445804,234.47472494883786,136.59561657816866,0.049195291751619116,0.04852602810596759,-0.015412314973079624,-0.041608127467454833,1989.6249999999775,2015.374999999954,
Kal_flexLin,42/5_Kalman,c,4.669795139050451,0.05317657451406971,0,0,0.9016220853325393,0.9016220853325393,1.6721869425753286,0.04522805546951189,-0.011146753785032085,259.18897609917593,154.20140104133822,0.042909725681716866,0.043279858740881895,-0.01007673372188157,-0.029024943075670412,1989.124999999978,2015.2083333332876,
GAM_AR1,42/4_GAM_AR1,c,7.214765324538506,0.04286206323045581,12,2,0.03251994156108168,0.19119707520475918,1.4705104199585923,0.04822223478996804,-0.0034261474667948927,199.98941711436856,132.27322964095245,0.04887093960575349,0.045789551360669284,-0.01334100157662298,-0.028104352728660898,1989.0416666666447,2015.1249999999543,
CGWL10y_sfUKCP,44/44_EarthModel_CGWL,c,6.371264465400385,0.05046777492088656,0,0,0.9012345679012346,0.9012345679012346,1.5543082924480391,0.04563367331201088,-0.00037892256081140373,226.92901069741373,151.20178001894874,0.039376837031637614,0.03857237671397728,0.0025471067941189923,0.0065980696439542855,1989.2083333333112,2014.7916666666213,
