method_name,method_class,c/r,smooth_r,avg_unc.(1se),#q<0.5,#q<0.1,q_min,q_small5,log-likeli,RMS,bias,tlog-l,100log-l,100RMS,75RMS,100bias,bias50,xyear0.5,xyear1.0,xyear1.5
cent20y,42/1_Run_Means,r,1.0,0.026995829166992148,0,0,1.0,1.0,2.704482944737614,0.0,0.0,419.1948564343302,242.07158296697713,0.0,0.0,0.0,0.0,1985.791666666654,2012.4583333332964,
GWI_anthro_CGWL,43/3_Human_Induced,c,2.872921031876785,0.08044002555404407,0,0,0.9981535837219804,0.9981535837219804,1.5340389178531195,0.02873792512477981,0.005280601659084025,108.91676316757149,108.91676316757149,0.02873792512477981,0.02873792512477981,0.005280601659084025,0.006301145756561342,1985.6249999999875,2014.874999999961,
GWI_anthro_SR15,43/3_Human_Induced,c,2.6480024482743394,0.072453476836648,0,0,0.9697265774641995,0.9697265774641995,1.5548256580863073,0.03656850178489595,0.007531002899117026,110.39262172412782,110.39262172412782,0.03656850178489595,0.03656850178489595,0.0075310028991170275,0.0004667766711373893,1986.2083333333203,2015.0416666666274,
GWI_anthro,43/3_Human_Induced,c,2.7956753615528696,0.07562179181627295,0,0,0.9919995765773042,0.9919995765773042,1.5513576879117126,0.032838875322715566,0.007097805566800744,110.14639584173159,110.14639584173158,0.03283887532271557,0.03283887532271557,0.007097805566800744,0.003723397205079701,1985.5416666666542,2014.874999999961,
FaIR_nonat_unB,43/1_ERF_FaIR,c,1.9187982894905304,0.028279460986546004,0,0,0.6059453032104638,0.6059453032104638,2.0075179901933127,0.03101483255267877,0.020665194845933224,182.68413710759145,182.68413710759148,0.031014832552678773,0.029730573274482065,0.020665194845933224,0.022291229634499553,1985.7083333333208,2012.4583333332964,
FaIR_anthro_unB,43/1_ERF_FaIR,c,2.3593381429168123,0.024109900915378343,24,0,0.3091557669441142,0.3091557669441142,1.9254826394378222,0.03252294644974259,0.021228962430730757,175.21892018884182,175.21892018884182,0.03252294644974259,0.032717512290988994,0.021228962430730757,0.025309195123986057,1984.9583333333214,2012.5416666666297,
