method_name,method_class,c/r,smooth_r,avg_unc.(1se),#q<0.5,#q<0.1,q_min,q_small5,log-likeli,RMS,bias,tlog-l,100log-l,100RMS,75RMS,100bias,bias50,xyear0.5,xyear1.0,xyear1.5
cent20y,42/1_Run_Means,r,1.0,0.03136842355818376,0,0,1.0,1.0,2.556338079085453,0.0,0.0,396.2324022582452,232.56722560610316,0.0,0.0,0.0,0.0,1984.7916666666486,2010.1249999999588,
lowess1dg20wnc,42/3_ST_Fits,c,3.5842702233290447,0.20654950406497236,0,0,0.9986257628414007,0.9986257628414007,0.6235769552941474,0.05697040221055625,-0.010034466012832246,96.65442807059284,41.4194752480915,0.0567555201326794,0.05111885684974602,-0.014012138005170916,-0.03690680241407686,1987.0416666666465,2013.0416666666229,
Kal_flexLin,42/5_Kalman,c,4.950579792176661,0.05317657451406971,14,0,0.2861295835096634,0.2861295835096634,1.4474015678107173,0.05623134925731065,-0.010952867641197848,224.34724301066117,133.77401210698503,0.05415867848775362,0.042331673767473085,-0.00930767163429681,-0.025608916304749225,1986.541666666647,2013.374999999956,
GAM_AR1,42/4_GAM_AR1,c,7.571146452629011,0.05683226703114796,19,0,0.3142011181656524,0.44864154634712966,1.314733045920689,0.06104862049385605,-0.006635185638539628,178.8036942452137,122.71058568049988,0.058689206120230465,0.04851861853379106,-0.013374445482739746,-0.031388830921997665,1986.7083333333135,2013.0416666666229,
CGWL10y_sfUKCP,44/44_EarthModel_CGWL,c,5.786919724360481,0.050955739124648035,0,0,0.8651851851851853,0.8651851851851853,1.568020402931108,0.046975464662359995,-0.005228339826366576,228.93097882794177,136.43064570262973,0.04881467670214858,0.03890979667305371,-0.006811755087216651,0.001199981550526663,1985.9583333333142,2009.7083333332926,
