method_name,method_class,c/r,smooth_r,avg_unc.(1se),#q<0.5,#q<0.1,q_min,q_small5,log-likeli,RMS,bias,tlog-l,100log-l,100RMS,75RMS,100bias,bias50,xyear0.5,xyear1.0,xyear1.5
cent20y,42/1_Run_Means,r,1.0,0.02787764370736767,0,0,1.0,1.0,2.6739183853751727,0.0,0.0,414.4573497331518,241.90378698530515,0.0,0.0,0.0,0.0,1984.2083333333221,2010.7916666666313,
GWI_anthro_CGWL,43/3_Human_Induced,c,2.9504467087068478,0.07555774734316623,43,0,0.35897158718775457,0.35897158718775457,0.8465795780473513,0.0977187678884711,-0.06721047391036056,60.10715004136194,60.10715004136193,0.0977187678884711,0.0977187678884711,-0.06721047391036057,-0.1153050339055271,1989.4583333333173,2017.2916666666254,
GWI_anthro_SR15,43/3_Human_Induced,c,2.6805409630406976,0.0685356937033753,11,0,0.3751055812888267,0.3751055812888267,1.0732848319540202,0.07908842062853325,-0.044692577174524475,76.20322306873544,76.20322306873544,0.07908842062853325,0.07908842062853325,-0.044692577174524475,-0.088184209265363,1988.041666666652,2016.7083333332926,
GWI_anthro,43/3_Human_Induced,c,2.8924171815307016,0.07116252136566428,13,0,0.3737084351654358,0.3737084351654358,0.9774489883099591,0.08652929802313176,-0.05231037138387909,69.3988781700071,69.39887817000712,0.08652929802313176,0.08652929802313176,-0.052310371383879097,-0.09844065853437096,1988.7916666666513,2016.7916666666258,
FaIR_nonat_unB,43/1_ERF_FaIR,c,5.3050451469030415,0.028184231508087097,66,44,1.2148510159334435e-22,8.422335768810822e-21,-968.3134197083292,0.37712239147745846,0.22424127203981375,-88116.52119345796,-88116.52119345797,0.37712239147745846,0.2768156222405656,0.2242412720398137,-0.004427682833182794,1985.3749999999877,2012.0416666666301,
