method_name,method_class,c/r,smooth_r,avg_unc.(1se),#q<0.5,#q<0.1,q_min,q_small5,log-likeli,RMS,bias,tlog-l,100log-l,100RMS,75RMS,100bias,bias50,xyear0.5,xyear1.0,xyear1.5
cent20y,42/1_Run_Means,r,1.0,0.02663438343920396,0,0,1.0,1.0,2.71843345372178,0.0,0.0,421.3571853268759,244.325868198538,0.0,0.0,0.0,0.0,1984.4583333333155,2010.6249999999584,
lowess1dg20wnc,42/3_ST_Fits,c,3.4231989946775347,0.16692275322528288,0,0,0.9925775123156068,0.9925775123156068,0.8459108131008681,0.0465262238087711,-0.012684779399089303,131.11617603063456,59.085127494924265,0.04791458534802718,0.04809330830300032,-0.014430772218268348,-0.0407293905468115,1986.9583333333132,2013.5416666666224,
Kal_flexLin,42/5_Kalman,c,4.82928924271768,0.05317657451406971,0,0,0.9688318170364696,0.9688318170364696,1.694880066147677,0.04376048974719115,-0.010227262474486465,262.70641025288995,155.983840327393,0.04178476666263696,0.041920130077081855,-0.009463522353603015,-0.028334408402803955,1986.4583333333137,2013.9583333332887,
GAM_AR1,42/4_GAM_AR1,c,6.632564475427365,0.041089387875617625,28,3,0.0037199013509741177,0.13782162550573795,1.3863088712039928,0.049694185384372945,-0.006259085700644852,188.53800648374303,122.31253822026811,0.05054519054462051,0.04545640898926846,-0.014289084613618244,-0.028084319295677385,1986.3749999999804,2013.7916666666222,
CGWL10y_sfUKCP,44/44_EarthModel_CGWL,c,6.523383806593865,0.05033840206601927,0,0,0.9062068965517242,0.9062068965517242,1.651800115957107,0.042789680260947566,0.0003968392587201454,241.16281692973763,152.8653642728492,0.038824953443172716,0.03743602610317598,0.0018815804242557305,0.005874306944727842,1985.6249999999811,2009.7916666666258,
