method_name,method_class,c/r,smooth_r,avg_unc.(1se),#q<0.5,#q<0.1,q_min,q_small5,log-likeli,RMS,bias,tlog-l,100log-l,100RMS,75RMS,100bias,bias50,xyear0.5,xyear1.0,xyear1.5
cent20y,42/1_Run_Means,r,1.0,0.028728306138772502,0,0,1.0,1.0,2.647754624557361,0.0,0.0,410.40196680639093,240.96227069821015,0.0,0.0,0.0,0.0,1984.6249999999884,2010.7916666666313,
GWI_anthro_CGWL,43/3_Human_Induced,c,2.5868242846453238,0.07182469506191379,0,0,0.7618159618126668,0.7618159618126668,1.252872172410556,0.07061018044606757,-0.06186102537123773,88.95392424114948,88.95392424114948,0.07061018044606758,0.07061018044606758,-0.06186102537123773,-0.07145956558482496,1987.9583333333187,2015.541666666627,
GWI_anthro_SR15,43/3_Human_Induced,c,2.3535651474605355,0.06660859583637167,0,0,0.816083056022604,0.816083056022604,1.402740292912024,0.05963021163866209,-0.047723714052977324,99.59456079675371,99.5945607967537,0.05963021163866209,0.05963021163866209,-0.04772371405297732,-0.05834237753963214,1987.708333333319,2015.3749999999604,
GWI_anthro,43/3_Human_Induced,c,2.428568052492364,0.06849798099074739,0,0,0.8591239953967238,0.8591239953967238,1.3593996872309158,0.06276902875004765,-0.052363481367421576,96.51737779339501,96.517377793395,0.06276902875004767,0.06276902875004767,-0.052363481367421576,-0.06313518633861387,1987.708333333319,2015.3749999999604,
FaIR_nonat_unB,43/1_ERF_FaIR,c,5.147186315994728,0.028735039490460017,71,39,1.597362273736674e-22,1.8048169094192167e-21,-1070.3215538503687,0.4011392393385293,0.2430287560392379,-97399.26140038355,-97399.26140038355,0.4011392393385293,0.2953891968503164,0.2430287560392379,-0.0007378262537155754,1985.791666666654,2011.8749999999636,
FaIR_anthro_unB,43/1_ERF_FaIR,c,5.0112006719421975,0.02561272378482922,79,38,2.8509762899091128e-30,9.983048141279142e-28,-1814.4850806948248,0.37748065593866675,0.2177547302861094,-165118.14234322906,-165118.1423432291,0.3774806559386667,0.280652975580179,0.2177547302861094,-0.021313681709870993,1986.5416666666533,2013.1249999999625,
