method_name,method_class,c/r,smooth_r,avg_unc.(1se),#q<0.5,#q<0.1,q_min,q_small5,log-likeli,RMS,bias,tlog-l,100log-l,100RMS,75RMS,100bias,bias50,xyear0.5,xyear1.0,xyear1.5
cent20y,42/1_Run_Means,r,1.0,0.02740385441757189,0,0,1.0,1.0,2.6901363999944206,0.0,0.0,416.97114199913517,241.8918753840705,0.0,0.0,0.0,0.0,1985.8749999999873,2011.5416666666306,
GWI_anthro_CGWL,43/3_Human_Induced,c,2.7345552007392375,0.08088417162807338,0,0,0.9982080221612943,0.9982080221612943,1.4472609879131237,0.03781330692913379,-0.00057571170794968,102.75553014183178,102.7555301418318,0.03781330692913379,0.03781330692913379,-0.00057571170794968,-0.01106839888376078,1986.0416666666538,2015.2916666666272,
GWI_anthro_SR15,43/3_Human_Induced,c,2.506250806952347,0.07260213975034566,0,0,0.9540063746240569,0.9540063746240569,1.4659700683016272,0.04464684166413513,0.002638470859379369,104.08387484941554,104.08387484941554,0.044646841664135135,0.044646841664135135,0.002638470859379369,-0.015039806741937669,1986.3749999999868,2015.3749999999604,
GWI_anthro,43/3_Human_Induced,c,2.594541624696345,0.075830429903479,0,0,0.9993364869302965,0.9993364869302965,1.4646698261531381,0.041179427842130585,0.0018447655938319313,103.9915576568728,103.9915576568728,0.041179427842130585,0.041179427842130585,0.0018447655938319313,-0.012490537092693866,1985.8749999999873,2015.2916666666272,
FaIR_nonat_unB,43/1_ERF_FaIR,c,2.1752000513965597,0.028082274218391403,0,0,0.525564803804994,0.525564803804994,2.1221057536369012,0.028784348124577096,0.014467511709001835,193.11162358095802,193.11162358095805,0.0287843481245771,0.028949315161186408,0.014467511709001835,0.020022348437563488,1985.8749999999873,2011.8749999999636,
FaIR_anthro_unB,43/1_ERF_FaIR,c,1.9736294527136324,0.024089765393182992,18,0,0.2670906617708976,0.2670906617708976,1.7995620239885899,0.03442227281877285,0.014309653701713254,163.76014418296168,163.76014418296168,0.03442227281877285,0.03531789979463102,0.014309653701713252,0.023715672094752366,1984.791666666655,2012.4583333332964,
