method_name,method_class,c/r,smooth_r,avg_unc.(1se),#q<0.5,#q<0.1,q_min,q_small5,log-likeli,RMS,bias,tlog-l,100log-l,100RMS,75RMS,100bias,bias50,xyear0.5,xyear1.0,xyear1.5
cent20y,42/1_Run_Means,r,1.0,0.027119294177871966,0,0,1.0,1.0,2.6991643298356274,0.0,0.0,418.3704711245222,243.04016849318953,0.0,0.0,0.0,0.0,1984.624999999982,2010.6249999999584,
lowess1dg20wnc,42/3_ST_Fits,c,3.39139833191133,0.17110491480171683,0,0,0.9972374398417694,0.9972374398417694,0.8157642592725027,0.04788957067838901,-0.013069197157529364,126.44346018723793,57.30660090991568,0.04772040410130102,0.046600909987938116,-0.014829978019135319,-0.04008454758813468,1986.9583333333132,2013.9583333332887,
Kal_flexLin,42/5_Kalman,c,4.776984104310054,0.05317657451406971,0,0,0.9229746591213731,0.9229746591213731,1.6676085716181066,0.04518902580082953,-0.010779764522119002,258.4793286008065,155.14271969798477,0.04231935335523524,0.04173024768102546,-0.00974457709221713,-0.02835271406362331,1986.3749999999804,2014.1249999999552,
GAM_AR1,42/4_GAM_AR1,c,7.055186396016257,0.04323865368790942,41,2,0.007946355702401329,0.24638101548966337,1.3873943358949734,0.05070100702971342,-0.002684190884979018,188.6856296817164,130.2187290286903,0.04823651416805799,0.04370760154949272,-0.012375088425217366,-0.02726432401166844,1986.208333333314,2014.041666666622,
CGWL10y_sfUKCP,44/44_EarthModel_CGWL,c,6.174851832229308,0.050221147231997984,0,0,0.8931764705882353,0.8931764705882353,1.5888473152648264,0.04508353831950382,-0.0007877534968729429,231.97170802866464,153.48765326127426,0.039264294228084064,0.03786716240111944,0.0014092455577850399,0.005982431606292737,1985.6249999999811,2012.5416666666233,
