method_name,method_class,c/r,smooth_r,avg_unc.(1se),#q<0.5,#q<0.1,q_min,q_small5,log-likeli,RMS,bias,tlog-l,100log-l,100RMS,75RMS,100bias,bias50,xyear0.5,xyear1.0,xyear1.5
cent20y,42/1_Run_Means,r,1.0,0.026845335278294972,0,0,1.0,1.0,2.7107088927521295,0.0,0.0,420.1598783765801,244.62726152756295,0.0,0.0,0.0,0.0,1984.458333333322,2010.708333333298,
GWI_anthro_CGWL,43/3_Human_Induced,c,3.0018339237713527,0.0809630477102675,0,0,0.9607875401764125,0.9607875401764125,1.3684260141284958,0.0442603550760981,-0.012419805502815509,97.15824700312321,97.15824700312321,0.0442603550760981,0.0442603550760981,-0.012419805502815509,-0.03473874422730793,1986.0416666666538,2015.3749999999604,
GWI_anthro_SR15,43/3_Human_Induced,c,2.7500382482312444,0.07256223858044757,0,0,0.991952177783207,0.991952177783207,1.399187224380572,0.04912786504919765,-0.005271942023588371,99.34229293102062,99.34229293102062,0.049127865049197646,0.04912786504919765,-0.005271942023588371,-0.03307297921169945,1986.124999999987,2015.3749999999604,
GWI_anthro,43/3_Human_Induced,c,2.862833682332578,0.07575316637061356,0,0,0.9988758851252806,0.9988758851252806,1.3925823255104341,0.046652750444049415,-0.007279880135195768,98.87334511124082,98.87334511124082,0.046652750444049415,0.046652750444049415,-0.007279880135195768,-0.0325306666469452,1985.7083333333208,2015.2916666666272,
FaIR_nonat_unB,43/1_ERF_FaIR,c,5.157139405115111,0.028288465701309818,53,36,3.423755007234605e-16,3.8863462581428215e-15,-544.3945599132034,0.3054162703632762,0.19735976041701161,-49539.904952101504,-49539.90495210151,0.3054162703632762,0.22733842991578615,0.19735976041701164,0.012770652947439199,1984.791666666655,2011.708333333297,
