method_name,method_class,c/r,smooth_r,avg_unc.(1se),#q<0.5,#q<0.1,q_min,q_small5,log-likeli,RMS,bias,tlog-l,100log-l,100RMS,75RMS,100bias,bias50,xyear0.5,xyear1.0,xyear1.5
cent20y,42/1_Run_Means,r,1.0,0.029115075635927308,0,0,1.0,1.0,2.63553678604485,0.0,0.0,408.5082018369518,237.68043171106962,0.0,0.0,0.0,0.0,1985.124999999988,2010.374999999965,
GWI_anthro_CGWL,43/3_Human_Induced,c,2.6403142502187205,0.07184056277368395,0,0,0.7794250989837553,0.7794250989837553,1.3073401128040156,0.06636612440162687,-0.05877342198120016,92.8211480090851,92.8211480090851,0.06636612440162686,0.06636612440162686,-0.05877342198120015,-0.06863898955874177,1987.7916666666522,2015.2916666666272,
GWI_anthro_SR15,43/3_Human_Induced,c,2.412648730071232,0.06663746488296833,0,0,0.9337043569963496,0.9337043569963496,1.4592297916519301,0.05495476501306486,-0.044545338580456575,103.60531520728703,103.60531520728702,0.05495476501306485,0.05495476501306485,-0.04454533858045657,-0.05353981689058111,1987.4583333333192,2015.0416666666274,
GWI_anthro,43/3_Human_Induced,c,2.4870011403227905,0.06848846434597908,0,0,0.9000828756239808,0.9000828756239808,1.4117697814603234,0.05846394054722508,-0.04942952020202322,100.23565448368296,100.23565448368296,0.05846394054722508,0.05846394054722508,-0.04942952020202323,-0.05938441436484008,1987.5416666666524,2015.1249999999607,
FaIR_nonat_unB,43/1_ERF_FaIR,c,5.715802919268528,0.0300537291722399,69,49,4.189804849077968e-26,4.6694192838856574e-24,-1198.4950640881307,0.4349005879679039,0.25318193672254474,-109063.05083201989,-109063.05083201986,0.4349005879679039,0.31770496713213203,0.25318193672254474,-0.011999546605041636,1986.7083333333198,2011.2083333332976,
FaIR_anthro_unB,43/1_ERF_FaIR,c,5.4935876686109,0.027445961748864687,77,59,4.676275186324845e-32,1.1907497934642016e-31,-2024.8594665539392,0.4070688758925326,0.21916957894240652,-184262.21145640846,-184262.21145640846,0.4070688758925326,0.3021343158522445,0.2191695789424066,-0.03901864278147738,1988.4583333333183,2012.29166666663,
