method_name,method_class,c/r,smooth_r,avg_unc.(1se),#q<0.5,#q<0.1,q_min,q_small5,log-likeli,RMS,bias,tlog-l,100log-l,100RMS,75RMS,100bias,bias50,xyear0.5,xyear1.0,xyear1.5
cent20y,42/1_Run_Means,r,1.0,0.027899601039423908,0,0,1.0,1.0,2.6736698527726297,0.0,0.0,414.4188271797576,236.16268466554322,0.0,0.0,0.0,0.0,1984.2083333333221,2010.7916666666313,
GWI_anthro_CGWL,43/3_Human_Induced,c,2.7016474932138173,0.08188927304114792,0,0,0.9963059799175801,0.9963059799175801,1.4891219286221007,0.04099474985479933,0.01288355078403662,105.72765693216915,105.72765693216915,0.04099474985479933,0.04099474985479933,0.012883550784036617,0.02577468730881578,1982.1249999999907,2012.8749999999627,
GWI_anthro_SR15,43/3_Human_Induced,c,2.4889761635266994,0.07361213287510293,0,0,0.9675221890894388,0.9675221890894388,1.5088423656746444,0.04546063568389232,0.01232880052314329,107.12780796289975,107.12780796289977,0.04546063568389231,0.04546063568389231,0.01232880052314329,0.015880832414667406,1983.7083333333226,2012.958333333296,
GWI_anthro,43/3_Human_Induced,c,2.616962354177883,0.07694675311420789,0,0,0.995114449758741,0.995114449758741,1.5104793887935302,0.04246275585635803,0.01279177596218353,107.24403660434064,107.24403660434065,0.04246275585635803,0.042462755856358024,0.012791775962183529,0.02062172092039943,1982.7083333333235,2013.0416666666292,
FaIR_nonat_unB,43/1_ERF_FaIR,c,5.189107787039954,0.027925700636197766,52,36,2.0751597346839244e-17,3.70994930416348e-17,-777.3860918064204,0.34907848219439236,0.21738935138202983,-70742.13435438425,-70742.13435438424,0.34907848219439236,0.2609367941886399,0.21738935138202983,0.009112742383501807,1984.3749999999886,2011.5416666666306,
