method_name,method_class,c/r,smooth_r,avg_unc.(1se),#q<0.5,#q<0.1,q_min,q_small5,log-likeli,RMS,bias,tlog-l,100log-l,100RMS,75RMS,100bias,bias50,xyear0.5,xyear1.0,xyear1.5
cent20y,42/1_Run_Means,r,1.0,0.03199261197311977,0,0,1.0,1.0,2.5356333584698927,0.0,0.0,393.02317056283334,231.92088281218702,0.0,0.0,0.0,0.0,1987.4583333333192,2013.291666666629,
GWI_anthro_CGWL,43/3_Human_Induced,c,2.458968756469071,0.0927874497919344,0,0,0.9437181490289768,0.9437181490289768,1.1489240115221315,0.0786039634821118,0.029757409334638732,81.57360481807133,81.57360481807133,0.0786039634821118,0.0786039634821118,0.029757409334638725,0.07441066233360003,1982.9583333333233,2012.624999999963,
GWI_anthro_SR15,43/3_Human_Induced,c,2.256021094846861,0.08233204270527056,0,0,0.9738696093276697,0.9738696093276697,1.2526562334769797,0.06801648921008505,0.022543488472033153,88.93859257686556,88.93859257686557,0.06801648921008505,0.06801648921008505,0.022543488472033153,0.05357358140116531,1985.8749999999873,2013.3749999999623,
GWI_anthro,43/3_Human_Induced,c,2.403750137279124,0.0867384480272796,0,0,0.9588196105271107,0.9588196105271107,1.2063452485498019,0.07206283942659712,0.025287610318255726,85.65051264703594,85.65051264703594,0.07206283942659712,0.07206283942659714,0.025287610318255722,0.06257250447365668,1984.1249999999889,2013.1249999999625,
FaIR_nonat_unB,43/1_ERF_FaIR,c,2.0777444403374146,0.024670490927859116,27,2,0.049386987097011385,0.18034086405073327,1.2213874973895613,0.039702994440170336,0.01969597439734628,111.14626226245008,111.14626226245007,0.039702994440170336,0.02878228050286589,0.01969597439734628,0.0050307288725873886,1988.1249999999852,2013.624999999962,
FaIR_anthro_unB,43/1_ERF_FaIR,c,2.0357636362987948,0.023039204302811474,45,0,0.11989317358290168,0.11989317358290168,0.6481950091376106,0.043071923981209494,0.032021754440492475,58.985745831522564,58.98574583152257,0.04307192398120949,0.036996419270532134,0.03202175444049248,0.023884582544112125,1987.4583333333192,2013.0416666666292,
