method_name,method_class,c/r,smooth_r,avg_unc.(1se),#q<0.5,#q<0.1,q_min,q_small5,log-likeli,RMS,bias,tlog-l,100log-l,100RMS,75RMS,100bias,bias50,xyear0.5,xyear1.0,xyear1.5
cent20y,42/1_Run_Means,r,1.0,0.028875526556600105,0,0,1.0,1.0,2.6354194294806064,0.0,0.0,408.49001156949396,237.56897759511756,0.0,0.0,0.0,0.0,1985.8749999999873,2011.374999999964,
GWI_anthro_CGWL,43/3_Human_Induced,c,2.694231108073907,0.08867357817845321,0,0,0.9819060335859808,0.9819060335859808,1.2341441602037766,0.06971833311644202,0.016286791979609045,87.62423537446814,87.62423537446816,0.06971833311644202,0.06971833311644202,0.016286791979609045,0.05718860509169688,1983.4583333333228,2009.2916666666326,
GWI_anthro_SR15,43/3_Human_Induced,c,2.51447258733214,0.07918195942418715,0,0,0.93542046734961,0.93542046734961,1.3471484917150025,0.06075338911783687,0.010960792129737362,95.64754291176517,95.64754291176517,0.06075338911783687,0.06075338911783687,0.010960792129737362,0.03904850266808329,1985.791666666654,2009.6249999999657,
GWI_anthro,43/3_Human_Induced,c,2.714612137189186,0.08322132807368375,0,0,0.9336539357957827,0.9336539357957827,1.3029677131345,0.06404485514958717,0.013083698266300967,92.51070763254951,92.51070763254953,0.06404485514958719,0.06404485514958717,0.013083698266300967,0.046987598021766316,1984.2916666666554,2009.9583333332987,
FaIR_nonat_unB,43/1_ERF_FaIR,c,1.9071351313667146,0.02754361252401003,16,0,0.19384740729554406,0.19384740729554406,1.6227475800713564,0.037449624172724606,0.019320835700845192,147.67002978649344,147.67002978649344,0.037449624172724606,0.023625718390542536,0.019320835700845192,0.005623852117530979,1987.1249999999861,2011.9583333332969,
