method_name,method_class,c/r,smooth_r,avg_unc.(1se),#q<0.5,#q<0.1,q_min,q_small5,log-likeli,RMS,bias,tlog-l,100log-l,100RMS,75RMS,100bias,bias50,xyear0.5,xyear1.0,xyear1.5
cent20y,42/1_Run_Means,r,1.0,0.03223718365069718,0,0,1.0,1.0,2.528034252162824,0.0,0.0,391.8453090852377,233.5755570372353,0.0,0.0,0.0,0.0,1987.1249999999861,2012.2083333332967,
GWI_anthro_CGWL,43/3_Human_Induced,c,2.4891163563829743,0.09048931816434641,0,0,0.806808708626416,0.806808708626416,1.1258126082562523,0.08387780447637641,0.012395215238087603,79.93269518619391,79.93269518619391,0.08387780447637641,0.08387780447637641,0.012395215238087603,0.06368357116137155,1982.9583333333233,2011.374999999964,
GWI_anthro_SR15,43/3_Human_Induced,c,2.2419674492099366,0.08086153530245907,0,0,0.9306730338424809,0.9306730338424809,1.258446363341953,0.07043876758645075,0.0071235853320192576,89.34969179727865,89.34969179727867,0.07043876758645075,0.07043876758645075,0.0071235853320192576,0.04593739642785367,1985.6249999999875,2012.0416666666301,
GWI_anthro,43/3_Human_Induced,c,2.4632629416118603,0.08482769003075094,0,0,0.8792025347058698,0.8792025347058698,1.1994211546401436,0.0760702870724526,0.009208810909403719,85.1589019794502,85.1589019794502,0.0760702870724526,0.07607028707245261,0.009208810909403719,0.05362253231833367,1983.7916666666558,2011.9583333332969,
FaIR_nonat_unB,43/1_ERF_FaIR,c,2.0296743059447073,0.024672519790614984,22,4,0.0321535591774819,0.11814778058004151,0.6933455771199384,0.04059786268946398,0.017721245072400346,63.094447517914396,63.09444751791439,0.04059786268946398,0.02512354262623535,0.017721245072400346,0.0037194421082167657,1987.4583333333192,2012.8749999999627,
FaIR_anthro_unB,43/1_ERF_FaIR,c,1.9094601153093078,0.022977007503936886,43,3,0.04333395343295101,0.12984542211652794,0.6560468984632051,0.0414163146640647,0.0291030573643846,59.70026776015166,59.70026776015167,0.04141631466406471,0.03099989855425711,0.0291030573643846,0.021904141345668152,1986.5416666666533,2012.2083333332967,
