method_name,method_class,c/r,smooth_r,avg_unc.(1se),#q<0.5,#q<0.1,q_min,q_small5,log-likeli,RMS,bias,tlog-l,100log-l,100RMS,75RMS,100bias,bias50,xyear0.5,xyear1.0,xyear1.5
cent20y,42/1_Run_Means,r,1.0,0.028200813123037287,0,0,1.0,1.0,2.661852992992511,0.0,0.0,412.5872139138392,236.99318814594665,0.0,0.0,0.0,0.0,1994.541666666646,2017.9583333332914,
GWI_anthro_CGWL,43/3_Human_Induced,c,2.598299903043239,0.0821399726052239,0,0,0.9536536895507572,0.9536536895507572,1.4128660154292116,0.04418433836784969,-0.008877034891128703,100.31348709547403,100.31348709547404,0.04418433836784969,0.044184338367849685,-0.008877034891128701,0.009527101370562863,1992.874999999981,2016.4583333332928,
GWI_anthro_SR15,43/3_Human_Induced,c,2.4225377596562097,0.07436731988691188,0,0,0.9864927016781562,0.9864927016781562,1.4324724399338553,0.04748606099022209,-0.006842761243309725,101.70554323530372,101.70554323530371,0.04748606099022209,0.04748606099022209,-0.006842761243309727,-0.001041006745369343,1993.3749999999804,2017.2916666666254,
GWI_anthro,43/3_Human_Induced,c,2.5990560107813767,0.07757545960620546,0,0,0.9966184230284519,0.9966184230284519,1.4317504207264145,0.04518031656636713,-0.0067407321824059785,101.65427987157543,101.65427987157543,0.04518031656636713,0.04518031656636713,-0.006740732182405978,0.004116554640810399,1993.3749999999804,2016.7083333332926,
FaIR_nonat_unB,43/1_ERF_FaIR,c,3.521923208711555,0.02840154151764125,57,39,0.000910921453338139,0.0011978597806171416,-13.620065579877561,0.09776238284405295,0.07110786473086071,-1239.425967768858,-1239.425967768858,0.09776238284405295,0.08868994655439492,0.07110786473086071,0.02163298992667494,1993.2916666666472,2016.9583333332923,
FaIR_anthro_unB,43/1_ERF_FaIR,c,2.630692596549011,0.02460066971532073,91,75,9.260128252516243e-08,1.6746021387067175e-05,-47.32899606779956,0.11202955415461155,0.09881214145594643,-4306.93864216976,-4306.938642169761,0.11202955415461155,0.10793778126484177,0.09881214145594644,0.05936856808861735,1992.5416666666479,2016.6249999999593,
