method_name,method_class,c/r,smooth_r,avg_unc.(1se),#q<0.5,#q<0.1,q_min,q_small5,log-likeli,RMS,bias,tlog-l,100log-l,100RMS,75RMS,100bias,bias50,xyear0.5,xyear1.0,xyear1.5
cent20y,42/1_Run_Means,r,1.0,0.026903102939263786,0,0,1.0,1.0,2.7092842164265987,0.0,0.0,419.9390535461228,245.52128976621725,0.0,0.0,0.0,0.0,1984.7083333333153,2010.208333333292,
lowess1dg20wnc,42/3_ST_Fits,c,3.4814242595127056,0.1777340411457518,0,0,0.999801380862284,0.999801380862284,0.7734514691055054,0.04730290002122146,-0.013458259554576076,119.88497771135334,54.37369286826433,0.04569994688284738,0.044943222128796055,-0.014658770147361815,-0.041741079524581816,1987.208333333313,2012.3749999999568,
Kal_flexLin,42/5_Kalman,c,4.714826809621926,0.05317657451406971,0,0,0.8940014066704512,0.8940014066704512,1.6699339564699607,0.0451447910240112,-0.011275350717530682,258.8397632528439,158.6616860543785,0.04003531161893119,0.04009167998863344,-0.00950079712347802,-0.029559267267678498,1986.6249999999802,2012.6249999999566,
GAM_AR1,42/4_GAM_AR1,c,6.839409694339206,0.04350621033675892,22,2,0.011055392664196386,0.16541288532213438,1.3930706666142318,0.05173144898922062,-0.0037570094895109985,189.45761065953553,130.48820943195358,0.0484892446453512,0.04417960798691791,-0.014229843386280017,-0.03221542686473192,1986.6249999999802,2012.5416666666233,
CGWL10y_sfUKCP,44/44_EarthModel_CGWL,c,6.412986040539075,0.050150208055011684,0,0,0.9355339805825242,0.9355339805825242,1.6255326341121175,0.04408711651482144,-0.0026636120653297096,237.32776458036915,157.4054079717729,0.0377723991646836,0.03659282096096003,0.0008170026803016905,0.004622728590011631,1985.874999999981,2009.9583333332923,
