method_name,method_class,c/r,smooth_r,avg_unc.(1se),#q<0.5,#q<0.1,q_min,q_small5,log-likeli,RMS,bias,tlog-l,100log-l,100RMS,75RMS,100bias,bias50,xyear0.5,xyear1.0,xyear1.5
cent20y,42/1_Run_Means,r,1.0,0.03064080364333994,0,0,1.0,1.0,2.576228310079251,0.0,0.0,399.31538806228394,230.71225845286148,0.0,0.0,0.0,0.0,1983.5416666666497,2009.2916666666263,
lowess1dg20wnc,42/3_ST_Fits,c,3.8134375764149,0.05739739035789896,2,0,0.46025633299263496,0.7023028152595946,1.4000751585164333,0.05558255812301814,-0.016769375136447093,217.01164957004715,117.26813967580682,0.05748539234763808,0.05159557433836331,-0.01408219277041402,-0.04251965429449981,1986.3749999999804,2011.124999999958,
Kal_flexLin,42/5_Kalman,c,5.093957748739421,0.05317657451406971,3,0,0.2484500791135491,0.7145557949309025,1.5446281872386687,0.051316433831696914,-0.010344118498499798,239.41736902199364,134.10519593598173,0.053994994938830865,0.04386425020759242,-0.009799590537857727,-0.030218647049160875,1982.7916666666504,2011.3749999999577,
GAM_AR1,42/4_GAM_AR1,c,6.798168900959874,0.05128397889595102,18,6,0.00010932969943519781,0.009925617494475196,1.1120664125663973,0.061609906310070926,-0.0152579656328541,151.24103210903002,99.50442394556754,0.06323033650678292,0.05063063344399932,-0.014371368172636019,-0.03462624640156965,1982.8749999999836,2011.6249999999575,
CGWL10y_sfUKCP,44/44_EarthModel_CGWL,c,6.432896259142646,0.05042532214954976,0,0,0.9733333333333333,0.9733333333333333,1.6742868950416079,0.04341026334423632,-0.0007564659555636426,244.44588667607474,144.3004303035777,0.045786486973558714,0.03583446444515926,-0.004394232283429962,0.002576341484417867,1982.958333333317,2009.3749999999595,
