method_name,method_class,c/r,smooth_r,avg_unc.(1se),#q<0.5,#q<0.1,q_min,q_small5,log-likeli,RMS,bias,tlog-l,100log-l,100RMS,75RMS,100bias,bias50,xyear0.5,xyear1.0,xyear1.5
cent20y,42/1_Run_Means,r,1.0,0.02872403028256469,0,0,1.0,1.0,2.6488892346634088,0.0,0.0,410.57783137282837,241.21801745274738,0.0,0.0,0.0,0.0,1984.458333333322,2011.041666666631,
GWI_anthro_CGWL,43/3_Human_Induced,c,2.581272423689912,0.06987237401624122,0,0,0.818167937260326,0.818167937260326,1.3963998339850974,0.05846307962769346,-0.05111041992623675,99.14438821294192,99.14438821294192,0.05846307962769346,0.05846307962769346,-0.05111041992623676,-0.05722787076508711,1987.1249999999861,2015.0416666666274,
GWI_anthro_SR15,43/3_Human_Induced,c,2.3685865277513267,0.06494198202529768,0,0,0.9917551134883831,0.9917551134883831,1.520425435840235,0.04961280255473432,-0.03845115826747964,107.95020594465667,107.95020594465666,0.04961280255473432,0.04961280255473432,-0.03845115826747964,-0.04687334316292319,1986.9583333333196,2015.0416666666274,
GWI_anthro,43/3_Human_Induced,c,2.4033198661729,0.06673613982054477,0,0,0.9478221410849016,0.9478221410849016,1.487882626989871,0.051792984579390404,-0.04251632520461017,105.63966651628084,105.63966651628084,0.0517929845793904,0.0517929845793904,-0.04251632520461017,-0.05049347225886348,1986.8749999999864,2014.9583333332941,
FaIR_nonat_unB,43/1_ERF_FaIR,c,4.724363246651984,0.02783108382234058,64,36,2.6627485336631627e-22,3.829573496039719e-21,-1069.5350965830878,0.38792200053485726,0.2331772294385712,-97327.69378906098,-97327.69378906098,0.38792200053485726,0.28662522824441355,0.23317722943857114,-0.0031618706788954544,1985.458333333321,2012.29166666663,
