method_name,method_class,c/r,smooth_r,avg_unc.(1se),#q<0.5,#q<0.1,q_min,q_small5,log-likeli,RMS,bias,tlog-l,100log-l,100RMS,75RMS,100bias,bias50,xyear0.5,xyear1.0,xyear1.5
cent20y,42/1_Run_Means,r,1.0,0.026077530017017313,0,0,1.0,1.0,2.7420156929598365,0.0,0.0,425.01243240877466,241.4527022086731,0.0,0.0,0.0,0.0,1984.0416666666556,2010.9583333332978,
GWI_anthro_CGWL,43/3_Human_Induced,c,2.8780019902535354,0.08556009736965009,0,0,0.7852760619802246,0.7852760619802246,1.2736217215708165,0.0681288072634325,0.018499795215861124,90.42714223152798,90.427142231528,0.0681288072634325,0.0681288072634325,0.018499795215861124,0.059540419258297096,1980.958333333325,2008.8749999999663,
GWI_anthro_SR15,43/3_Human_Induced,c,2.652935998262892,0.07600834268745567,0,0,0.9205590649635541,0.9205590649635541,1.3468004974672465,0.06231678256869389,0.015060258047905064,95.6228353201745,95.62283532017449,0.06231678256869389,0.06231678256869389,0.015060258047905064,0.04288440683696189,1983.2916666666563,2009.0416666666329,
GWI_anthro,43/3_Human_Induced,c,2.8797881158058614,0.08001244464718772,0,0,0.8392295082179065,0.8392295082179065,1.3189329635753182,0.06434038549602912,0.01669507312560945,93.6442404138476,93.6442404138476,0.06434038549602912,0.06434038549602912,0.01669507312560945,0.05033226154285625,1982.3749999999905,2009.4583333332992,
FaIR_nonat_unB,43/1_ERF_FaIR,c,6.030302594859137,0.02844878802118981,53,41,2.0218018450077436e-17,9.202805476357153e-17,-797.2688931090945,0.3688983471398313,0.24013405145307481,-72551.4692729276,-72551.46927292761,0.3688983471398313,0.27072197832064043,0.24013405145307481,0.026808906401552424,1982.7083333333235,2010.708333333298,
FaIR_anthro_unB,43/1_ERF_FaIR,c,5.720669102175638,0.024445530892085024,88,52,5.713408549336132e-22,6.928419512050569e-22,-1327.3726298068707,0.3597904237914213,0.24821117132638953,-120790.90931242524,-120790.90931242524,0.3597904237914213,0.26489158378999783,0.2482111713263895,0.04589752322916749,1979.29166666666,2010.1249999999652,
