method_name,method_class,c/r,smooth_r,avg_unc.(1se),#q<0.5,#q<0.1,q_min,q_small5,log-likeli,RMS,bias,tlog-l,100log-l,100RMS,75RMS,100bias,bias50,xyear0.5,xyear1.0,xyear1.5
cent20y,42/1_Run_Means,r,1.0,0.028878904907899433,0,0,1.0,1.0,2.6353023928641743,0.0,0.0,408.471870893947,237.55670446944913,0.0,0.0,0.0,0.0,1985.2083333333148,2010.4583333332919,
lowess1dg20wnc,42/3_ST_Fits,c,3.4743852857880126,0.1799730384935228,0,0,0.9966751634126415,0.9966751634126415,0.775491016803683,0.04931658938421815,-0.015322279675895155,120.20110760457088,50.714234159035634,0.045764624927532346,0.04986661374263778,-0.011908077884957758,-0.040179468095166974,1987.7916666666458,2013.6249999999557,
Kal_flexLin,42/5_Kalman,c,4.771572445992822,0.05317657451406971,0,0,0.9667609976273945,0.9667609976273945,1.6614780764620007,0.04545478073008071,-0.008582430380991535,257.5291018516101,154.8178844752394,0.042524008351712946,0.04568322332680424,-0.008107124090591314,-0.028819910289621643,1987.1249999999798,2014.041666666622,
GAM_AR1,42/4_GAM_AR1,c,6.5042620110945455,0.04674407206186022,9,6,0.0004737088756287072,0.021788507823491454,1.35746776847598,0.05130082610269498,-0.008925285291674852,184.61561651273328,149.50384925362783,0.04486998021459936,0.04822396532824744,-0.006747073617487457,-0.02977448737049927,1987.0416666666465,2014.041666666622,
CGWL10y_sfUKCP,44/44_EarthModel_CGWL,c,5.951202867966365,0.05039532509061598,0,0,0.9334426229508197,0.9334426229508197,1.7357224930439084,0.039890339865079644,0.004988876247771394,253.41548398441063,153.6704014903043,0.038723902552525793,0.039427308356290235,-0.0015439352701651587,-0.000824893540978515,1986.7916666666467,2012.6249999999566,
