method_name,method_class,c/r,smooth_r,avg_unc.(1se),#q<0.5,#q<0.1,q_min,q_small5,log-likeli,RMS,bias,tlog-l,100log-l,100RMS,75RMS,100bias,bias50,xyear0.5,xyear1.0,xyear1.5
cent20y,42/1_Run_Means,r,1.0,0.02922720846499472,0,0,1.0,1.0,2.6270735927592366,0.0,0.0,407.1964068776817,238.29832139759853,0.0,0.0,0.0,0.0,1987.374999999986,2013.0416666666292,
GWI_anthro_CGWL,43/3_Human_Induced,c,2.379848580099876,0.08375515951925863,0,0,0.8483299148276091,0.8483299148276091,1.2906352646775245,0.06138205955730366,-0.008153415146049442,91.63510379210425,91.63510379210425,0.06138205955730365,0.06138205955730365,-0.008153415146049442,0.027660439587134576,1986.791666666653,2012.3749999999632,
GWI_anthro_SR15,43/3_Human_Induced,c,2.1978451237294236,0.07573130547114747,0,0,0.9045710611910491,0.9045710611910491,1.367242354963605,0.05774841433474985,-0.008753962214747172,97.07420720241596,97.07420720241595,0.05774841433474985,0.05774841433474985,-0.008753962214747172,0.01538153757848021,1987.374999999986,2013.2083333332957,
GWI_anthro,43/3_Human_Induced,c,2.3842149225241998,0.07904467864392696,0,0,0.8540025498185927,0.8540025498185927,1.3523589591459424,0.05777012507242885,-0.008081075964590399,96.0174860993619,96.0174860993619,0.05777012507242886,0.05777012507242886,-0.008081075964590399,0.020899809713409018,1986.791666666653,2013.0416666666292,
FaIR_nonat_unB,43/1_ERF_FaIR,c,2.610340986304634,0.027092886603054513,41,2,0.039227909760715114,0.10820451843043995,0.5467217442723699,0.04958368790409789,0.02832311831847582,49.751678728785656,49.75167872878567,0.04958368790409788,0.04048112684430038,0.028323118318475827,0.004624419407502285,1987.9583333333187,2013.291666666629,
