method_name,method_class,c/r,smooth_r,avg_unc.(1se),#q<0.5,#q<0.1,q_min,q_small5,log-likeli,RMS,bias,tlog-l,100log-l,100RMS,75RMS,100bias,bias50,xyear0.5,xyear1.0,xyear1.5
cent20y,42/1_Run_Means,r,1.0,0.03057134785666149,0,0,1.0,1.0,2.58039351685681,0.0,0.0,399.96099511280556,236.51281458897924,0.0,0.0,0.0,0.0,1984.958333333315,2010.4583333332919,
lowess1dg20wnc,42/3_ST_Fits,c,3.5585123537102574,0.2015576580276486,0,0,0.9996021732266634,0.9996021732266634,0.6497954719127994,0.052519643771866506,-0.011707836168333789,100.7182981464839,43.36538699859048,0.0446507037790313,0.04901344492956889,-0.012550262306268552,-0.03541667483760904,1987.2916666666463,2013.708333333289,
Kal_flexLin,42/5_Kalman,c,5.0611967469084735,0.05317657451406971,2,0,0.3423240176447308,0.6278147205827618,1.5770607123471256,0.050106274527715045,-0.009977454314911458,244.4444104138045,156.34354890106263,0.041554049150198086,0.04392114336458004,-0.008634297071991663,-0.024882078380562223,1986.7916666666467,2014.041666666622,
GAM_AR1,42/4_GAM_AR1,c,6.886664427940287,0.05457366232946264,14,0,0.16068923398181598,0.372818678077533,1.3588066294305576,0.05737350920845129,-0.008557920525601111,184.79770160255583,146.3948480448491,0.0448618233268988,0.04810694533589816,-0.010002103478689468,-0.0319239494151565,1987.0416666666465,2013.708333333289,
CGWL10y_sfUKCP,44/44_EarthModel_CGWL,c,6.296061653767644,0.050364467465589126,0,0,0.9809375,0.9809375,1.7334100328719202,0.03857838608113493,-0.0012163343231347652,253.07786479930036,153.89293042672796,0.03789745152685301,0.038503232300230006,-0.0057137149674587025,-0.00010159547135822102,1985.9583333333142,2012.2083333332903,
