method_name,method_class,c/r,smooth_r,avg_unc.(1se),#q<0.5,#q<0.1,q_min,q_small5,log-likeli,RMS,bias,tlog-l,100log-l,100RMS,75RMS,100bias,bias50,xyear0.5,xyear1.0,xyear1.5
cent20y,42/1_Run_Means,r,1.0,0.02749045808398101,0,0,1.0,1.0,2.685212456125413,0.0,0.0,416.20793069943903,238.9825172145615,0.0,0.0,0.0,0.0,1984.2916666666554,2010.708333333298,
GWI_anthro_CGWL,43/3_Human_Induced,c,2.6223625800669126,0.08530484851768572,0,0,0.7985851426819118,0.7985851426819118,1.2888374068084352,0.06684377614642767,0.022482900852460744,91.50745588339889,91.50745588339888,0.06684377614642767,0.06684377614642767,0.022482900852460748,0.06287099811456053,1980.8749999999918,2008.3749999999668,
GWI_anthro_SR15,43/3_Human_Induced,c,2.4242809420696934,0.07568932474424332,0,0,0.9300617978292958,0.9300617978292958,1.362839000123547,0.060531935702857344,0.019003092934183195,96.76156900877184,96.76156900877186,0.06053193570285735,0.06053193570285735,0.019003092934183195,0.045884576413561404,1982.9583333333233,2008.4583333333,
GWI_anthro,43/3_Human_Induced,c,2.6026242213329107,0.0797386474487919,0,0,0.8474278709966795,0.8474278709966795,1.334162571274278,0.06278256232107114,0.020641771409496343,94.72554256047373,94.72554256047373,0.06278256232107114,0.06278256232107114,0.020641771409496343,0.0534728413558414,1982.208333333324,2009.1249999999661,
FaIR_nonat_unB,43/1_ERF_FaIR,c,4.724125445935271,0.02822835791271788,51,41,1.9799565319081664e-17,5.559118077202085e-17,-815.8518076420165,0.3697189635367066,0.2380623773509218,-74242.5144954235,-74242.5144954235,0.3697189635367066,0.2689766008634805,0.23806237735092187,0.02239293264640188,1983.3749999999895,2010.7916666666313,
FaIR_anthro_unB,43/1_ERF_FaIR,c,4.476818486674724,0.02463471980505789,88,59,3.524425364362861e-22,8.321822700272917e-21,-1287.836660031568,0.36276618950757605,0.25058556328454246,-117193.13606287268,-117193.1360628727,0.36276618950757605,0.264772922491811,0.2505855632845425,0.04678434409949661,1979.29166666666,2010.1249999999652,
