method_name,method_class,c/r,smooth_r,avg_unc.(1se),#q<0.5,#q<0.1,q_min,q_small5,log-likeli,RMS,bias,tlog-l,100log-l,100RMS,75RMS,100bias,bias50,xyear0.5,xyear1.0,xyear1.5
cent20y,42/1_Run_Means,r,1.0,0.02789704342739599,0,0,1.0,1.0,2.673759718244236,0.0,0.0,414.43275632785657,236.17285509849307,0.0,0.0,0.0,0.0,1984.2083333333157,2010.791666666625,
lowess1dg20wnc,42/3_ST_Fits,c,3.2272845010974236,0.045286160964243136,59,7,0.019671425860851778,0.07589877879887928,1.2618883035147481,0.053758791526569705,-0.014778357476015476,195.59268704478598,90.9437926154849,0.059758004522764446,0.05106276514418425,-0.014468981732863631,-0.03608835457092233,1986.208333333314,2014.041666666622,
Kal_flexLin,42/5_Kalman,c,4.508176928420846,0.05317657451406971,4,0,0.28849082623849864,0.6086468653917204,1.5594450703624412,0.050634000358649775,-0.009147974045300327,241.71398590617838,130.90007815343546,0.05555883933882536,0.042847285389888363,-0.009679039701255594,-0.02462742003749235,1982.8749999999836,2014.2083333332885,
GAM_AR1,42/4_GAM_AR1,c,7.550568627771345,0.04329412541309556,34,17,9.518812185385426e-06,0.004268589781355717,1.03401984150955,0.058522173606562436,-0.01362221062759262,140.6266984452988,61.79409501221264,0.06627492839026322,0.04759977950109272,-0.01597805506362882,-0.022578451277778345,1982.6249999999839,2014.041666666622,
CGWL10y_sfUKCP,44/44_EarthModel_CGWL,c,6.236366300896974,0.050342948518453105,0,0,0.8938775510204081,0.8938775510204081,1.600993429779106,0.047545551443649255,0.002635485038066415,233.74504074774947,141.00697992008728,0.049064561855879506,0.03808445933840325,-0.002004115032511296,0.0087029642102289,1985.1249999999816,2011.7083333332907,
