method_name,method_class,c/r,smooth_r,avg_unc.(1se),#q<0.5,#q<0.1,q_min,q_small5,log-likeli,RMS,bias,tlog-l,100log-l,100RMS,75RMS,100bias,bias50,xyear0.5,xyear1.0,xyear1.5
cent20y,42/1_Run_Means,r,1.0,0.029123404732913458,0,0,1.0,1.0,2.634434923865412,0.0,0.0,408.33741319913884,240.35018110939086,0.0,0.0,0.0,0.0,1971.8749999999973,2000.2083333333048,
GWI_anthro_CGWL,43/3_Human_Induced,c,2.6728081604972043,0.0727392235523605,0,0,0.9444078252621917,0.9444078252621917,1.3462989926084414,0.05929449487924394,-0.043630839867889515,95.58722847519934,95.58722847519932,0.05929449487924393,0.05929449487924394,-0.043630839867889515,-0.06452023265330432,1976.624999999993,2001.9583333333032,
GWI_anthro_SR15,43/3_Human_Induced,c,2.4150883619958536,0.06695198675376496,0,0,0.9870419802226428,0.9870419802226428,1.4833307341282247,0.04886833309916338,-0.028085745803613844,105.31648212310395,105.31648212310398,0.04886833309916338,0.04886833309916338,-0.028085745803613844,-0.047116302191005086,1972.8749999999964,2000.7916666666376,
GWI_anthro,43/3_Human_Induced,c,2.532621592341592,0.06902190995712722,0,0,0.9768679607616244,0.9768679607616244,1.438497933842868,0.052414779019701575,-0.03349593955520288,102.13335330284363,102.13335330284366,0.052414779019701575,0.052414779019701575,-0.03349593955520288,-0.05369870793774373,1972.9583333333296,2001.541666666637,
FaIR_nonat_unB,43/1_ERF_FaIR,c,2.3238710885486964,0.02905066505378981,61,27,0.07214175609006458,0.07214175609006458,-0.23983458195917806,0.06401088894510416,-0.038256342232668515,-21.824946958285203,-21.824946958285203,0.06401088894510416,0.06285489834966111,-0.038256342232668515,-0.00045575216099945663,1975.958333333327,1997.041666666641,2022.1249999999516
FaIR_anthro_unB,43/1_ERF_FaIR,c,1.8405360078050295,0.026626986856095394,75,44,0.01830927585623096,0.01830927585623096,-4.239161253394528,0.07339539652945484,-0.056545382843243584,-385.76367405890204,-385.76367405890204,0.07339539652945484,0.06962341490172895,-0.05654538284324359,-0.02194417122244765,1975.7916666666604,1999.291666666639,2022.291666666618
