method_name,method_class,c/r,smooth_r,avg_unc.(1se),#q<0.5,#q<0.1,q_min,q_small5,log-likeli,RMS,bias,tlog-l,100log-l,100RMS,75RMS,100bias,bias50,xyear0.5,xyear1.0,xyear1.5
cent20y,42/1_Run_Means,r,1.0,0.02737284230909709,0,0,1.0,1.0,2.694461881170914,0.0,0.0,417.6415915814917,237.39075621676062,0.0,0.0,0.0,0.0,1984.2083333333221,2011.041666666631,
GWI_anthro_CGWL,43/3_Human_Induced,c,2.7750901811818203,0.08729692470453974,0,0,0.9958274062888312,0.9958274062888312,1.2498433007376204,0.07260261386422866,0.03368848884103625,88.73887435237104,88.73887435237106,0.07260261386422866,0.07260261386422866,0.03368848884103625,0.0717241037134926,1979.8749999999927,2009.5416666666324,
GWI_anthro_SR15,43/3_Human_Induced,c,2.5805685291716283,0.07722947822006096,0,0,0.9629520243433446,0.9629520243433446,1.3298088673550685,0.06410790030716966,0.028332673889432898,94.41642958220987,94.41642958220987,0.06410790030716966,0.06410790030716965,0.028332673889432898,0.05406640421932803,1982.3749999999905,2009.6249999999657,
GWI_anthro,43/3_Human_Induced,c,2.780099173501766,0.08147249074075952,0,0,0.9822857343095999,0.9822857343095999,1.2953428909129314,0.06728805245720727,0.030389641873010124,91.96934525481814,91.96934525481812,0.06728805245720727,0.06728805245720726,0.030389641873010128,0.06190258788862217,1981.2083333333248,2009.9583333332987,
FaIR_nonat_unB,43/1_ERF_FaIR,c,5.0807988339180765,0.027774056964223907,51,43,6.499776739800082e-18,6.547289020487629e-17,-820.3519896581073,0.36013737223332215,0.2329495833620753,-74652.03105888776,-74652.03105888778,0.36013737223332215,0.26102148512690093,0.2329495833620753,0.02493900205804308,1983.3749999999895,2010.708333333298,
FaIR_anthro_unB,43/1_ERF_FaIR,c,4.855717341752705,0.02425560690421498,62,43,4.159001021786912e-24,1.5357307398839056e-21,-1293.0874764296136,0.3462029774474178,0.2293590781311832,-117670.96035509484,-117670.96035509482,0.3462029774474178,0.25023096463199546,0.22935907813118314,0.030694485447124803,1980.1249999999925,2010.7916666666313,
