method_name,method_class,c/r,smooth_r,avg_unc.(1se),#q<0.5,#q<0.1,q_min,q_small5,log-likeli,RMS,bias,tlog-l,100log-l,100RMS,75RMS,100bias,bias50,xyear0.5,xyear1.0,xyear1.5
cent20y,42/1_Run_Means,r,1.0,0.026819331371203226,0,0,1.0,1.0,2.711736846785142,0.0,0.0,420.319211251697,244.67871436217843,0.0,0.0,0.0,0.0,1984.7916666666486,2010.3749999999586,
lowess1dg20wnc,42/3_ST_Fits,c,3.4750173749277917,0.16854705113749094,0,0,0.9983569776044787,0.9983569776044787,0.7958424636457248,0.05014229431701007,-0.014857594488647085,123.35558186508734,58.32524131659147,0.0491709292876986,0.04820927409610309,-0.01521194236559975,-0.041254882555007664,1987.2916666666463,2013.1249999999561,
Kal_flexLin,42/5_Kalman,c,4.7551342108343935,0.05317657451406971,0,0,0.8580099526595267,0.8580099526595267,1.6664357969095998,0.04535187212846699,-0.011077856630581832,258.29754852098796,154.84739286339732,0.04250545796603145,0.04245697129604805,-0.009973591704788171,-0.02869841572811687,1986.6249999999802,2013.4583333332891,
GAM_AR1,42/4_GAM_AR1,c,6.652927135009816,0.04408873583600006,20,4,0.0003755599113773209,0.16019605502582196,1.3107188494757651,0.05359350756320587,-0.004970760933576242,178.25776352870406,117.62716712211423,0.04974632671010752,0.04395985148134256,-0.013897722161745084,-0.027175659540693335,1986.4583333333137,2013.4583333332891,
CGWL10y_sfUKCP,44/44_EarthModel_CGWL,c,6.748330953387131,0.050240497122849184,0,0,0.8913684210526315,0.8913684210526315,1.6170619205077703,0.04439735969440962,7.142947234369302e-05,236.09104039413447,152.3679404729472,0.03895340501295099,0.03672850763800743,0.0020236860225187735,0.005266686576676393,1985.7083333333144,2009.7916666666258,
