method_name,method_class,c/r,smooth_r,avg_unc.(1se),#q<0.5,#q<0.1,q_min,q_small5,log-likeli,RMS,bias,tlog-l,100log-l,100RMS,75RMS,100bias,bias50,xyear0.5,xyear1.0,xyear1.5
cent20y,42/1_Run_Means,r,1.0,0.028894750184306952,0,0,1.0,1.0,2.6353216496304297,0.0,0.0,408.4748556927166,238.124120984507,0.0,0.0,0.0,0.0,1987.6249999999857,2012.7083333332962,
GWI_anthro_CGWL,43/3_Human_Induced,c,2.697944943096423,0.0831498639497143,0,0,0.992782390102486,0.992782390102486,1.3679806865452309,0.05384689727088422,-0.01097534851643978,97.1266287447114,97.1266287447114,0.05384689727088423,0.05384689727088423,-0.010975348516439781,0.01679028791385505,1987.0416666666529,2014.2083333332948,
GWI_anthro_SR15,43/3_Human_Induced,c,2.4968381485276443,0.07534763703234526,0,0,0.9078841987337251,0.9078841987337251,1.4601453891755474,0.05020667148953046,-0.010727913292390307,103.67032263146386,103.67032263146386,0.05020667148953046,0.05020667148953045,-0.010727913292390307,0.006282022301168329,1987.5416666666524,2014.6249999999611,
GWI_anthro,43/3_Human_Induced,c,2.62831239049816,0.07855542785443306,0,0,0.9753254228643395,0.9753254228643395,1.4367746426171493,0.050601706555431274,-0.010398870293102797,102.0109996258176,102.0109996258176,0.05060170655543127,0.05060170655543127,-0.010398870293102795,0.011245046594205957,1987.0416666666529,2014.3749999999613,
FaIR_nonat_unB,43/1_ERF_FaIR,c,2.31141206187583,0.027752940873717456,47,0,0.18549346016646848,0.18549346016646848,1.5545244757190309,0.042833466898961135,0.02721258884415514,141.4617272904318,141.46172729043178,0.042833466898961135,0.03293965946689506,0.027212588844155134,0.006752181939858718,1988.5416666666515,2013.624999999962,
