method_name,method_class,c/r,smooth_r,avg_unc.(1se),#q<0.5,#q<0.1,q_min,q_small5,log-likeli,RMS,bias,tlog-l,100log-l,100RMS,75RMS,100bias,bias50,xyear0.5,xyear1.0,xyear1.5
cent20y,42/1_Run_Means,r,1.0,0.03215200468451718,0,0,1.0,1.0,2.5335168910473347,0.0,0.0,392.6951181123369,232.843593282644,0.0,0.0,0.0,0.0,1992.4583333333146,2016.541666666626,
GWI_anthro_CGWL,43/3_Human_Induced,c,2.6063560942995574,0.08211519285581917,0,0,0.9977968275362945,0.9977968275362945,1.464908579519713,0.043663972765603305,0.0026672669019959495,104.00850914589962,104.00850914589962,0.043663972765603305,0.043663972765603305,0.0026672669019959495,0.027895101529376416,1989.2916666666508,2015.9583333332932,
GWI_anthro_SR15,43/3_Human_Induced,c,2.400065417820217,0.07451495204007284,0,0,0.9990767690856679,0.9990767690856679,1.5354848140847792,0.04099611318590091,0.004509551850539587,109.01942180001933,109.01942180001934,0.04099611318590091,0.04099611318590091,0.004509551850539587,0.019039330678179592,1989.5416666666506,2016.4583333332928,
GWI_anthro,43/3_Human_Induced,c,2.5231136448545857,0.0775497106570259,0,0,0.994982826970133,0.994982826970133,1.5120646955469448,0.041646070605225405,0.004430834399900634,107.35659338383309,107.35659338383309,0.041646070605225405,0.041646070605225405,0.004430834399900634,0.023418413086487583,1989.374999999984,2016.1249999999598,
FaIR_nonat_unB,43/1_ERF_FaIR,c,2.6043793215041044,0.025288805659129648,55,31,0.0071035578890142,0.02094798697423324,-2.790473808868203,0.06689438482443745,0.03679954639432967,-253.9331166070065,-253.9331166070065,0.06689438482443745,0.051663137865451667,0.03679954639432967,-0.0010546383542530866,1992.9583333333142,2016.3749999999595,
