method_name,method_class,c/r,smooth_r,avg_unc.(1se),#q<0.5,#q<0.1,q_min,q_small5,log-likeli,RMS,bias,tlog-l,100log-l,100RMS,75RMS,100bias,bias50,xyear0.5,xyear1.0,xyear1.5
cent20y,42/1_Run_Means,r,1.0,0.030996073221395696,0,0,1.0,1.0,2.5683399761855426,0.0,0.0,398.0926963087591,235.25010076729723,0.0,0.0,0.0,0.0,1981.9583333333242,2008.2916666666335,
GWI_anthro_CGWL,43/3_Human_Induced,c,2.62471599517609,0.08273446148218498,0,0,0.992453046668188,0.992453046668188,1.4427717135367348,0.048137895274644654,0.003906471783347603,102.43679166110817,102.43679166110815,0.048137895274644654,0.048137895274644654,0.003906471783347603,0.028438050389194475,1981.1249999999916,2006.6249999999684,
GWI_anthro_SR15,43/3_Human_Induced,c,2.4090033505523842,0.07474486970948459,0,0,0.9976959082851224,0.9976959082851224,1.495655771848232,0.047947753390047705,0.0032244710907949506,106.19155980122447,106.19155980122449,0.047947753390047705,0.047947753390047705,0.0032244710907949506,0.017996807445276392,1983.0416666666565,2005.541666666636,
GWI_anthro,43/3_Human_Induced,c,2.5454547469019473,0.07802942184174379,0,0,0.9870582468187437,0.9870582468187437,1.4880266411488867,0.04710947509231307,0.0036850962659453457,105.64989152157096,105.64989152157096,0.047109475092313065,0.047109475092313065,0.0036850962659453457,0.022828654682674292,1982.3749999999905,2008.2083333333003,
FaIR_nonat_unB,43/1_ERF_FaIR,c,1.816191951875217,0.027065572776569458,0,0,0.9343374289866562,0.9343374289866562,2.200350501116914,0.027307795793843372,-0.002215410830902346,200.23189560163917,200.23189560163917,0.027307795793843372,0.022949659025884785,-0.002215410830902346,0.0016511725387226863,1983.541666666656,2009.2916666666326,
