method_name,method_class,c/r,smooth_r,avg_unc.(1se),#q<0.5,#q<0.1,q_min,q_small5,log-likeli,RMS,bias,tlog-l,100log-l,100RMS,75RMS,100bias,bias50,xyear0.5,xyear1.0,xyear1.5
cent20y,42/1_Run_Means,r,1.0,0.03238589717495197,0,0,1.0,1.0,2.5236008164071793,0.0,0.0,391.15812654311276,231.98492259216158,0.0,0.0,0.0,0.0,1985.6249999999875,2010.9583333332978,
GWI_anthro_CGWL,43/3_Human_Induced,c,2.4246298134330457,0.08506022750900509,0,0,0.9890397154584053,0.9890397154584053,1.4535153467455992,0.04353647446111951,0.013237753504708112,103.19958961893755,103.19958961893754,0.043536474461119516,0.043536474461119516,0.013237753504708112,0.03294412617624962,1983.6249999999893,2012.0416666666301,
GWI_anthro_SR15,43/3_Human_Induced,c,2.2128769325915525,0.07671927981982893,0,0,0.9926834634083255,0.9926834634083255,1.5164733019303656,0.04161547654908458,0.012254026303905536,107.66960443705595,107.66960443705594,0.04161547654908458,0.04161547654908458,0.012254026303905537,0.02223609618486749,1985.6249999999875,2012.29166666663,
GWI_anthro,43/3_Human_Induced,c,2.355971001257848,0.08005544771702365,0,0,0.9983965799096748,0.9983965799096748,1.4979772620636003,0.04145351222165461,0.012861788740719707,106.35638560651562,106.35638560651562,0.04145351222165461,0.04145351222165461,0.012861788740719707,0.027235514277150766,1984.2916666666554,2012.29166666663,
FaIR_nonat_unB,43/1_ERF_FaIR,c,1.7925812565741983,0.02505608625102499,2,0,0.2686721162259516,0.6925089179548156,2.1266384996090846,0.02807551028140612,0.008487397959689133,193.5241034644267,193.52410346442667,0.02807551028140612,0.022046757176295617,0.008487397959689133,0.004193797132712972,1986.3749999999868,2011.6249999999638,
FaIR_anthro_unB,43/1_ERF_FaIR,c,1.7420895356498245,0.02333496570899846,18,0,0.26841346954339956,0.26841346954339956,2.019490715815792,0.03104512728639162,0.016044315063395875,183.7736551392371,183.77365513923712,0.031045127286391624,0.028230996629376517,0.016044315063395875,0.016655860238684737,1985.458333333321,2011.374999999964,
