method_name,method_class,c/r,smooth_r,avg_unc.(1se),#q<0.5,#q<0.1,q_min,q_small5,log-likeli,RMS,bias,tlog-l,100log-l,100RMS,75RMS,100bias,bias50,xyear0.5,xyear1.0,xyear1.5
cent20y,42/1_Run_Means,r,1.0,0.028200813123037287,0,0,1.0,1.0,2.661852992992511,0.0,0.0,412.5872139138392,236.99318814594665,0.0,0.0,0.0,0.0,1994.541666666646,2017.9583333332914,
GWI_anthro_CGWL,43/3_Human_Induced,c,2.5982999030844955,0.08213997260521012,0,0,0.9536536895507572,0.9536536895507572,1.4128660154296582,0.044184338367816836,-0.008877034891141462,100.31348709550574,100.31348709550574,0.044184338367816836,0.044184338367816836,-0.008877034891141462,0.009527101370555836,1992.874999999981,2016.4583333332928,
GWI_anthro_SR15,43/3_Human_Induced,c,2.422537759651086,0.07436731988692648,0,0,0.9864927016781562,0.9864927016781562,1.4324724399325437,0.04748606099020433,-0.006842761243296604,101.7055432352106,101.7055432352106,0.04748606099020434,0.04748606099020434,-0.006842761243296604,-0.0010410067453613795,1993.3749999999804,2017.2916666666254,
GWI_anthro,43/3_Human_Induced,c,2.5990560107681975,0.077575459606206,0,0,0.9966184230284519,0.9966184230284519,1.4317504207260807,0.04518031656641279,-0.006740732182303975,101.65427987155174,101.65427987155172,0.04518031656641278,0.04518031656641278,-0.006740732182303973,0.004116554640954697,1993.3749999999804,2016.7083333332926,
FaIR_nonat_unB,43/1_ERF_FaIR,c,3.4035815332997075,0.02843951815460137,52,31,0.002943884338608749,0.002943884338608749,-10.042951056079474,0.0904136104614736,0.0599756809868748,-913.9085461032321,-913.9085461032322,0.0904136104614736,0.08238896134673357,0.0599756809868748,0.009946199093792234,1993.541666666647,2016.7916666666258,
