method_name,method_class,c/r,smooth_r,avg_unc.(1se),#q<0.5,#q<0.1,q_min,q_small5,log-likeli,RMS,bias,tlog-l,100log-l,100RMS,75RMS,100bias,bias50,xyear0.5,xyear1.0,xyear1.5
cent20y,42/1_Run_Means,r,1.0,0.026863337879081736,0,0,1.0,1.0,2.7104665005064486,0.0,0.0,420.12230757849954,243.58144624302932,0.0,0.0,0.0,0.0,1984.5416666666488,2010.6249999999584,
lowess1dg20wnc,42/3_ST_Fits,c,3.5228081745393993,0.16334924292923036,0,0,0.9971324610232334,0.9971324610232334,0.8602462672364969,0.048413548203366956,-0.012035376352774753,133.33817142165702,61.44580263347446,0.0499169410735057,0.0495217025648586,-0.014998438144011325,-0.04060054909416436,1987.1249999999798,2014.041666666622,
Kal_flexLin,42/5_Kalman,c,4.746145680467004,0.05317657451406971,0,0,0.8771952066096489,0.8771952066096489,1.6536954796817946,0.046026994740163044,-0.011073133291507697,256.32279935067817,152.29302662810397,0.04408235564237565,0.04453055551214804,-0.010005971097973345,-0.028577142639846554,1986.541666666647,2014.1249999999552,
GAM_AR1,42/4_GAM_AR1,c,7.5549984993465396,0.04226748813027604,54,1,0.03114273994427857,0.17870343464227853,1.4157916497221374,0.04987903431873786,-0.0034988854515102708,192.5476643622107,137.412845298158,0.04803592315078108,0.04617958692381738,-0.011534496932421479,-0.026314532168717947,1986.3749999999804,2014.1249999999552,
CGWL10y_sfUKCP,44/44_EarthModel_CGWL,c,6.263306633498638,0.05043644622689293,0,0,0.876,0.876,1.566943615903738,0.0463477933045194,0.00045425488872761984,228.77376792194576,150.2980152368742,0.04141703027024458,0.040235976675029685,0.004288967571124738,0.005885840906214682,1985.7083333333144,2013.5416666666224,
