method_name,method_class,c/r,smooth_r,avg_unc.(1se),#q<0.5,#q<0.1,q_min,q_small5,log-likeli,RMS,bias,tlog-l,100log-l,100RMS,75RMS,100bias,bias50,xyear0.5,xyear1.0,xyear1.5
cent20y,42/1_Run_Means,r,1.0,0.027190181844189365,0,0,1.0,1.0,2.697964720974187,0.0,0.0,418.184531750999,244.05281934388586,0.0,0.0,0.0,0.0,1987.1249999999861,2013.4583333332955,
GWI_anthro_CGWL,43/3_Human_Induced,c,2.848641821569518,0.07960436673391288,0,0,0.9967535579667055,0.9967535579667055,1.540938632578064,0.024351618019587087,0.0019977394229087836,109.40664291304255,109.40664291304255,0.02435161801958709,0.024351618019587087,0.0019977394229087836,-0.0027424953581306442,1986.9583333333196,2015.541666666627,
GWI_anthro_SR15,43/3_Human_Induced,c,2.6210720208280787,0.07180629840566805,0,0,0.9699727002707471,0.9699727002707471,1.5563187926066435,0.035421235915906624,0.005899268952617706,110.4986342750717,110.4986342750717,0.035421235915906624,0.035421235915906624,0.005899268952617705,-0.006505140046008224,1987.2916666666526,2015.6249999999602,
GWI_anthro,43/3_Human_Induced,c,2.7540741381524683,0.07486619032268624,0,0,0.9938643522149682,0.9938643522149682,1.5535813329460968,0.030813316957082545,0.0049600817109885275,110.30427463917287,110.30427463917287,0.030813316957082545,0.030813316957082545,0.0049600817109885275,-0.0040103025665392256,1986.8749999999864,2015.541666666627,
FaIR_nonat_unB,43/1_ERF_FaIR,c,2.367588467324738,0.028110241623402043,2,0,0.43281807372175973,0.5770907649623463,2.1254938338674907,0.028855793420399276,0.017016999958508257,193.41993888194165,193.41993888194168,0.028855793420399276,0.02627907369739643,0.017016999958508253,0.011229458622489214,1987.708333333319,2013.624999999962,
