method_name,method_class,c/r,smooth_r,avg_unc.(1se),#q<0.5,#q<0.1,q_min,q_small5,log-likeli,RMS,bias,tlog-l,100log-l,100RMS,75RMS,100bias,bias50,xyear0.5,xyear1.0,xyear1.5
cent20y,42/1_Run_Means,r,1.0,0.02912059589136713,0,0,1.0,1.0,2.6353620337155528,0.0,0.0,408.4811152259107,237.69467098427634,0.0,0.0,0.0,0.0,1970.2916666666617,1996.4583333333046,
lowess1dg20wnc,42/3_ST_Fits,c,3.63521850144588,0.06433922728689491,0,0,0.9991059047356265,0.9991059047356265,1.5979946957837354,0.04419201880461964,-0.010832863801961818,247.689177846479,138.56781448135666,0.04334446592022854,0.04146453169709315,-0.01476228476720866,-0.027357995735542495,1976.541666666656,1997.3749999999704,2020.1249999999498
Kal_flexLin,42/5_Kalman,c,4.923224207959944,0.05317657451406971,0,0,0.8355404468302068,0.8355404468302068,1.650899140104342,0.0463290425545166,-0.010599884665854774,255.88936671617301,156.3089736772729,0.041576281363540954,0.038264275332107335,-0.010782157109126072,-0.018497400808463457,1976.4583333333228,1997.2916666666372,2019.541666666617
GAM_AR1,42/4_GAM_AR1,c,4.288820306719325,0.039844530328142995,31,16,5.3125834235202284e-06,0.00024746169842428014,1.0420762720979455,0.05335373682421543,-0.025431961789314225,141.72237300532058,50.54845016267966,0.06045582473256042,0.0625147754949589,-0.03864291710120256,-0.056442300958091586,1976.7083333333226,1997.4583333333037,2019.9583333332832
CGWL10y_sfUKCP,44/44_EarthModel_CGWL,c,6.501068938270387,0.05061635942228379,0,0,0.8726436781609195,0.8726436781609195,1.6112592034165945,0.0471787721151336,-0.0159432500375745,235.2438436988228,145.26531727078424,0.04651613856836565,0.04439284169791371,-0.013334342737640783,-0.006556959556121791,1969.6249999999957,1994.958333333306,2018.9583333332841
