method_name,method_class,c/r,smooth_r,avg_unc.(1se),#q<0.5,#q<0.1,q_min,q_small5,log-likeli,RMS,bias,tlog-l,100log-l,100RMS,75RMS,100bias,bias50,xyear0.5,xyear1.0,xyear1.5
cent20y,42/1_Run_Means,r,1.0,0.0282029858862352,0,0,1.0,1.0,2.6617644149165267,0.0,0.0,412.5734843120616,236.98317607710936,0.0,0.0,0.0,0.0,1985.0416666666547,2010.1249999999652,
GWI_anthro_CGWL,43/3_Human_Induced,c,2.5980536471719384,0.08213997262049995,0,0,0.9679150427150949,0.9679150427150949,1.4089014839902405,0.04458807111525498,-0.010802119147633025,100.03200536330708,100.03200536330709,0.044588071115254986,0.044588071115254986,-0.010802119147633025,0.007592967135871781,1986.0416666666538,2009.2916666666326,
GWI_anthro_SR15,43/3_Human_Induced,c,2.4222340290946924,0.0743673198535257,0,0,0.9701569493656834,0.9701569493656834,1.4288693312169858,0.047779900643282094,-0.008769008005243748,101.449722516406,101.449722516406,0.047779900643282094,0.047779900643282094,-0.00876900800524375,-0.0029766236077493876,1986.45833333332,2009.708333333299,
GWI_anthro,43/3_Human_Induced,c,2.59878088858049,0.07757545938058798,0,0,0.9864252883237319,0.9864252883237319,1.428507904948191,0.045486841559489406,-0.008666167821465827,101.42406125132156,101.42406125132155,0.045486841559489406,0.045486841559489406,-0.008666167821465827,0.0021818992866241564,1985.791666666654,2009.8749999999654,
FaIR_nonat_unB,43/1_ERF_FaIR,c,5.661493661223828,0.02837223685349483,56,39,2.0136024431443834e-18,9.452924382939455e-17,-740.7524846404635,0.3554785913447491,0.232268295902546,-67408.47610228218,-67408.4761022822,0.3554785913447491,0.27924113891416064,0.23226829590254597,0.019695559071429364,1985.3749999999877,2010.2916666666317,
FaIR_anthro_unB,43/1_ERF_FaIR,c,4.760715622045944,0.024587794939018203,90,70,1.1605696873098588e-25,4.2434782486865683e-23,-1253.2282491679905,0.35149009494049943,0.2538634503109283,-114043.77067428714,-114043.77067428714,0.35149009494049943,0.28100740833383636,0.25386345031092833,0.0574127060364789,1978.5416666666606,2009.2083333332994,
