method_name,method_class,c/r,smooth_r,avg_unc.(1se),#q<0.5,#q<0.1,q_min,q_small5,log-likeli,RMS,bias,tlog-l,100log-l,100RMS,75RMS,100bias,bias50,xyear0.5,xyear1.0,xyear1.5
cent20y,42/1_Run_Means,r,1.0,0.03224093926952945,0,0,1.0,1.0,2.527916555977199,0.0,0.0,391.82706617646585,233.56850019824054,0.0,0.0,0.0,0.0,1984.8749999999882,2009.8749999999654,
GWI_anthro_CGWL,43/3_Human_Induced,c,2.48795733809408,0.09048931798964943,0,0,0.8138089132733822,0.8138089132733822,1.1281712491395786,0.08366968454645655,0.010844069100331482,80.10015868891007,80.10015868891008,0.08366968454645657,0.08366968454645655,0.010844069100331482,0.062133489970069546,1980.7083333333253,2008.6249999999666,
GWI_anthro_SR15,43/3_Human_Induced,c,2.240963131709994,0.08086153513584225,0,0,0.9362700618096941,0.9362700618096941,1.2600227329347666,0.07031221988428944,0.005572238609049766,89.46161403836844,89.46161403836845,0.07031221988428943,0.07031221988428943,0.005572238609049766,0.044386631625370015,1983.541666666656,2008.8749999999663,
GWI_anthro,43/3_Human_Induced,c,2.4612444882160123,0.0848276835677339,0,0,0.8792243241009392,0.8792243241009392,1.2014031089277277,0.07591470764587513,0.007661571978648069,85.29962073386866,85.29962073386865,0.07591470764587513,0.07591470764587513,0.007661571978648069,0.05207835043437837,1982.4583333333237,2009.2916666666326,
FaIR_nonat_unB,43/1_ERF_FaIR,c,4.359358809974864,0.024626202854694385,48,35,1.1718897551024848e-24,6.728455015154289e-22,-1095.7807095610979,0.3541985892232721,0.2174259749809332,-99716.04457005991,-99716.0445700599,0.3541985892232721,0.2534090638090463,0.2174259749809332,0.0021333212082616303,1985.8749999999873,2010.708333333298,
FaIR_anthro_unB,43/1_ERF_FaIR,c,4.11029497053054,0.022971466512190362,55,43,3.0013661627872446e-25,3.7791734134798616e-24,-1469.1791398646144,0.33984502610098216,0.22138751425386366,-133695.3017276799,-133695.30172767994,0.33984502610098216,0.2450678693715291,0.2213875142538637,0.020373975137818915,1980.1249999999925,2010.2916666666317,
