method_name,method_class,c/r,smooth_r,avg_unc.(1se),#q<0.5,#q<0.1,q_min,q_small5,log-likeli,RMS,bias,tlog-l,100log-l,100RMS,75RMS,100bias,bias50,xyear0.5,xyear1.0,xyear1.5
cent20y,42/1_Run_Means,r,1.0,0.03224093926952945,0,0,1.0,1.0,2.527916555977199,0.0,0.0,391.82706617646585,233.56850019824054,0.0,0.0,0.0,0.0,1984.8749999999882,2009.8749999999654,
GWI_anthro_CGWL,43/3_Human_Induced,c,2.48795733809408,0.09048931798964943,0,0,0.8138089132733822,0.8138089132733822,1.1281712491395786,0.08366968454645655,0.010844069100331482,80.10015868891007,80.10015868891008,0.08366968454645657,0.08366968454645655,0.010844069100331482,0.062133489970069546,1980.7083333333253,2008.6249999999666,
GWI_anthro_SR15,43/3_Human_Induced,c,2.240963131709994,0.08086153513584225,0,0,0.9362700618096941,0.9362700618096941,1.2600227329347666,0.07031221988428944,0.005572238609049766,89.46161403836844,89.46161403836845,0.07031221988428943,0.07031221988428943,0.005572238609049766,0.044386631625370015,1983.541666666656,2008.8749999999663,
GWI_anthro,43/3_Human_Induced,c,2.4612444882160123,0.0848276835677339,0,0,0.8792243241009392,0.8792243241009392,1.2014031089277277,0.07591470764587513,0.007661571978648069,85.29962073386866,85.29962073386865,0.07591470764587513,0.07591470764587513,0.007661571978648069,0.05207835043437837,1982.4583333333237,2009.2916666666326,
FaIR_nonat_unB,43/1_ERF_FaIR,c,4.390534162868948,0.02461860914159018,46,37,2.46527711681086e-21,4.4086123734585745e-21,-1090.9262040621788,0.35428805164920607,0.21750047801768319,-99274.28456965827,-99274.28456965828,0.35428805164920607,0.25345882437458744,0.21750047801768316,0.002130784814571563,1985.8749999999873,2010.708333333298,
FaIR_anthro_unB,43/1_ERF_FaIR,c,4.115943452427176,0.02300462315066533,54,44,1.6466937593916908e-25,4.745600056115283e-25,-1461.9927348777,0.33979971158032524,0.22133971795093527,-133041.3388738707,-133041.3388738707,0.33979971158032524,0.24505679682587134,0.22133971795093527,0.020327092047999613,1980.1249999999925,2010.2916666666317,
