method_name,method_class,c/r,smooth_r,avg_unc.(1se),#q<0.5,#q<0.1,q_min,q_small5,log-likeli,RMS,bias,tlog-l,100log-l,100RMS,75RMS,100bias,bias50,xyear0.5,xyear1.0,xyear1.5
cent20y,42/1_Run_Means,r,1.0,0.030914897747180464,0,0,1.0,1.0,2.5707391807158415,0.0,0.0,398.46457301095546,230.51210614689245,0.0,0.0,0.0,0.0,1985.0416666666547,2010.4583333332982,
GWI_anthro_CGWL,43/3_Human_Induced,c,2.5032096181162036,0.08998024180667413,0,0,0.9540514806289023,0.9540514806289023,1.11776251454274,0.08305159572860264,0.028966038051164426,79.36113853253454,79.36113853253454,0.08305159572860264,0.08305159572860264,0.028966038051164426,0.07555532337095347,1981.5416666666579,2008.0416666666338,
GWI_anthro_SR15,43/3_Human_Induced,c,2.3314837565468003,0.07994039299296067,0,0,0.8268373706447789,0.8268373706447789,1.1999587157388294,0.07544918537690799,0.021163829086778278,85.19706881745688,85.19706881745688,0.07544918537690799,0.07544918537690799,0.021163829086778274,0.05577024752503329,1983.7916666666558,2006.0416666666356,
GWI_anthro,43/3_Human_Induced,c,2.5554978483653423,0.08419255567178877,0,0,0.9071059838518019,0.9071059838518019,1.1741811760221685,0.07770201624574676,0.023848671585756726,83.36686349757397,83.36686349757397,0.07770201624574676,0.07770201624574676,0.023848671585756726,0.06407310189995118,1982.7083333333235,2008.9583333332996,
FaIR_nonat_unB,43/1_ERF_FaIR,c,4.872420190016217,0.02706522539923666,69,44,1.7192878115760205e-22,2.4850335760302808e-21,-1203.9985450249403,0.39989283265618536,0.23968260027652646,-109563.86759726958,-109563.86759726958,0.3998928326561853,0.2881183883075751,0.23968260027652644,-0.0033726332331312286,1986.3749999999868,2011.1249999999643,
FaIR_anthro_unB,43/1_ERF_FaIR,c,4.661074894377197,0.025215049394993517,61,40,1.1821512886896542e-26,6.156599542361306e-26,-1679.4354427146304,0.3793740120161002,0.2247429182234624,-152828.62528703138,-152828.62528703135,0.3793740120161002,0.273911466882883,0.22474291822346243,-0.009778486325884692,1986.5416666666533,2011.6249999999638,
