method_name,method_class,c/r,smooth_r,avg_unc.(1se),#q<0.5,#q<0.1,q_min,q_small5,log-likeli,RMS,bias,tlog-l,100log-l,100RMS,75RMS,100bias,bias50,xyear0.5,xyear1.0,xyear1.5
cent20y,42/1_Run_Means,r,1.0,0.029177031597040493,0,0,1.0,1.0,2.6347486060233853,0.0,0.0,408.38603393362473,241.24929510364473,0.0,0.0,0.0,0.0,1973.124999999997,2002.2916666666372,
GWI_anthro_CGWL,43/3_Human_Induced,c,2.6309236818864377,0.07085055420739585,0,0,0.9703922201841205,0.9703922201841205,1.4112837603516015,0.05602904042592916,-0.042840332956950826,100.20114698496371,100.20114698496371,0.05602904042592916,0.05602904042592916,-0.042840332956950826,-0.06173603369059664,1978.1249999999925,2003.4583333333028,
GWI_anthro_SR15,43/3_Human_Induced,c,2.392257695136614,0.06543282516719906,0,0,0.9993427518542,0.9993427518542,1.5435787239829042,0.045433574680899966,-0.027193923774546748,109.5940894027862,109.5940894027862,0.045433574680899966,0.045433574680899966,-0.027193923774546748,-0.044795479690916504,1976.958333333327,2002.0416666666374,
GWI_anthro,43/3_Human_Induced,c,2.529805310376332,0.06737126805738751,0,0,0.997037013071999,0.997037013071999,1.500126211984591,0.048928572988665216,-0.032550711599011316,106.50896105090597,106.508961050906,0.04892857298866522,0.048928572988665216,-0.03255071159901131,-0.051184100726686936,1977.1249999999934,2002.6249999999702,
FaIR_nonat_unB,43/1_ERF_FaIR,c,2.1094450796193205,0.02854719951808341,63,0,0.11970075145349302,0.11970075145349302,0.9985084026966603,0.051263928873587924,-0.027853300826396445,90.86426464539609,90.86426464539609,0.051263928873587924,0.05313290669968774,-0.027853300826396452,-0.0007121131318285117,1976.4583333333273,1999.4583333333064,
FaIR_anthro_unB,43/1_ERF_FaIR,c,1.8205307498117551,0.026238361121490656,68,39,0.07419976656307413,0.07419976656307413,-0.13764488687076618,0.058029187271823816,-0.04429407192668432,-12.525684705239723,-12.525684705239726,0.058029187271823816,0.057921673782160385,-0.04429407192668431,-0.021424537107306452,1976.374999999994,2000.1249999999725,
