method_name,method_class,c/r,smooth_r,avg_unc.(1se),#q<0.5,#q<0.1,q_min,q_small5,log-likeli,RMS,bias,tlog-l,100log-l,100RMS,75RMS,100bias,bias50,xyear0.5,xyear1.0,xyear1.5
cent20y,42/1_Run_Means,r,1.0,0.030415541666759242,0,0,1.0,1.0,2.583998347152799,0.0,0.0,400.51974380868387,233.87026438924102,0.0,0.0,0.0,0.0,1985.791666666654,2010.7916666666313,
GWI_anthro_CGWL,43/3_Human_Induced,c,2.745255209360427,0.08527089461517598,0,0,0.9604408263994336,0.9604408263994336,1.4268605200870341,0.04497318515815661,-0.002304065380669299,101.30709692617943,101.30709692617941,0.04497318515815661,0.04497318515815661,-0.002304065380669299,0.014089222201175975,1984.8749999999882,2013.624999999962,
GWI_anthro_SR15,43/3_Human_Induced,c,2.5089859191040977,0.07677658411536586,0,0,0.9468158833550614,0.9468158833550614,1.4581242766401417,0.04795091317913821,-0.003115915910454731,103.52682364145005,103.52682364145006,0.04795091317913821,0.04795091317913821,-0.003115915910454731,0.002698655663781921,1986.2083333333203,2014.0416666666283,
GWI_anthro,43/3_Human_Induced,c,2.661463600954644,0.08024936165648709,0,0,0.9748624315124002,0.9748624315124002,1.4561989870010075,0.04584898665502841,-0.002448252989209762,103.39012807707154,103.39012807707154,0.04584898665502841,0.04584898665502841,-0.002448252989209762,0.008092696047299596,1984.9583333333214,2013.7916666666285,
FaIR_nonat_unB,43/1_ERF_FaIR,c,2.052761110609248,0.027226965554760497,2,0,0.43281807372175973,0.7694543532831285,2.1771377693525142,0.027824749155632413,0.007829412042113123,198.1195370110788,198.11953701107876,0.027824749155632416,0.02534355711497347,0.007829412042113123,0.009048658250691411,1986.0416666666538,2012.0416666666301,
