method_name,method_class,c/r,smooth_r,avg_unc.(1se),#q<0.5,#q<0.1,q_min,q_small5,log-likeli,RMS,bias,tlog-l,100log-l,100RMS,75RMS,100bias,bias50,xyear0.5,xyear1.0,xyear1.5
cent20y,42/1_Run_Means,r,1.0,0.0313015724155922,0,0,1.0,1.0,2.5606096506830984,0.0,0.0,396.8944958558802,236.74972823563337,0.0,0.0,0.0,0.0,1984.791666666655,2010.2083333332985,
GWI_anthro_CGWL,43/3_Human_Induced,c,2.5958854400720375,0.08868730450694813,0,0,0.9981650064262317,0.9981650064262317,1.3142210824570724,0.06416674524866015,0.020952294912943377,93.30969685445214,93.30969685445214,0.06416674524866015,0.06416674524866015,0.020952294912943377,0.05436403146801011,1980.291666666659,2009.5416666666324,
GWI_anthro_SR15,43/3_Human_Induced,c,2.376954402303596,0.0791853813031055,0,0,0.996566758331648,0.996566758331648,1.4235567832146723,0.05281059549444748,0.016631822727507392,101.07253160824173,101.07253160824175,0.052810595494447485,0.05281059549444748,0.01663182272750739,0.038443630978941774,1983.1249999999898,2009.708333333299,
GWI_anthro,43/3_Human_Induced,c,2.513915490942568,0.0830757137201072,0,0,0.9932347543586153,0.9932347543586153,1.3781702235636517,0.05714636087720968,0.018340504915636883,97.85008587301927,97.85008587301928,0.05714636087720968,0.05714636087720968,0.018340504915636883,0.04553387446028901,1982.1249999999907,2009.9583333332987,
FaIR_nonat_unB,43/1_ERF_FaIR,c,4.595374919325828,0.025505848059742684,49,39,3.6008411605131427e-20,1.0338435803113726e-19,-922.6215399969963,0.33773708619871123,0.2144544514350814,-83958.56013972666,-83958.56013972667,0.33773708619871123,0.2434838576417699,0.2144544514350814,0.013321737647827353,1985.2083333333212,2011.041666666631,
FaIR_anthro_unB,43/1_ERF_FaIR,c,4.536118099565506,0.023423223318493894,68,48,7.846151376120245e-23,7.730155031909732e-22,-1276.600644583048,0.32394980744411095,0.21770358235703308,-116170.65865705737,-116170.65865705736,0.323949807444111,0.23579978912541238,0.21770358235703308,0.031122480253772265,1979.29166666666,2010.374999999965,
