method_name,method_class,c/r,smooth_r,avg_unc.(1se),#q<0.5,#q<0.1,q_min,q_small5,log-likeli,RMS,bias,tlog-l,100log-l,100RMS,75RMS,100bias,bias50,xyear0.5,xyear1.0,xyear1.5
cent20y,42/1_Run_Means,r,1.0,0.02923066795693619,0,0,1.0,1.0,2.626956500589366,0.0,0.0,407.1782575913517,238.2868414644597,0.0,0.0,0.0,0.0,1985.0416666666483,2010.2916666666254,
lowess1dg20wnc,42/3_ST_Fits,c,3.6158193141255563,0.17576552166526643,0,0,0.9987057732132552,0.9987057732132552,0.7653542531533004,0.053185268933682125,-0.018342782209306345,118.62990923876157,54.19291012083101,0.05099915377799244,0.04750675228079128,-0.01403399891078786,-0.03592885458510323,1987.3749999999795,2013.1249999999561,
Kal_flexLin,42/5_Kalman,c,5.0779773865678495,0.05317657451406971,0,0,0.8161298624614016,0.8162001647422883,1.6189215892416813,0.047808415447463684,-0.008730601274522194,250.9328463324606,145.19972631334844,0.048191458401245335,0.040228050962392986,-0.009665658377913854,-0.02434688006421761,1986.87499999998,2013.708333333289,
GAM_AR1,42/4_GAM_AR1,c,5.061880132306885,0.05135094089775908,11,5,0.011289348803034635,0.045882933223929626,1.281115681246925,0.056609556248027396,-0.020590875658833354,174.2317326495818,123.74092171954163,0.05722814927271467,0.05044001198936978,-0.016975727376770874,-0.0375068840336447,1987.2916666666463,2013.2083333332894,
CGWL10y_sfUKCP,44/44_EarthModel_CGWL,c,5.946697691168933,0.050069121283388904,0,0,0.9815126050420168,0.9815126050420168,1.6828252240612318,0.04308596806648324,0.007444884527148263,245.69248271293984,144.35346941029007,0.045371704622846155,0.03763086869981345,0.0009579502084288486,0.004494800617337244,1986.1249999999807,2009.9583333332923,
