method_name,method_class,c/r,smooth_r,avg_unc.(1se),#q<0.5,#q<0.1,q_min,q_small5,log-likeli,RMS,bias,tlog-l,100log-l,100RMS,75RMS,100bias,bias50,xyear0.5,xyear1.0,xyear1.5
cent20y,42/1_Run_Means,r,1.0,0.02678425702160698,0,0,1.0,1.0,2.7119766881170326,0.0,0.0,420.3563866581401,244.58244437561646,0.0,0.0,0.0,0.0,1987.2916666666526,2013.4583333332955,
GWI_anthro_CGWL,43/3_Human_Induced,c,2.8115533253323535,0.07986427224590696,0,0,0.9886656993921199,0.9886656993921199,1.4699314176783258,0.03602235927223047,0.002221970086146056,104.36513065516112,104.36513065516111,0.03602235927223047,0.03602235927223047,0.0022219700861460558,-0.00873838085629807,1986.791666666653,2016.2916666666263,
GWI_anthro_SR15,43/3_Human_Induced,c,2.5600340897500358,0.07189429733229157,0,0,0.949292357646734,0.949292357646734,1.498283219149965,0.04195194499166274,0.0064563964408712125,106.37810855964753,106.37810855964753,0.04195194499166274,0.04195194499166275,0.0064563964408712125,-0.011129596103321123,1987.0416666666529,2016.4583333332928,
GWI_anthro,43/3_Human_Induced,c,2.6612784309731135,0.07496370007280041,0,0,0.9854796097723161,0.9854796097723161,1.4919857775129486,0.039134889182768993,0.005330287800237922,105.93099020341936,105.93099020341934,0.039134889182768993,0.039134889182768993,0.005330287800237922,-0.009156652927319658,1986.7083333333198,2016.2916666666263,
FaIR_nonat_unB,43/1_ERF_FaIR,c,2.356698574784758,0.028189686793241256,0,0,0.7574316290130796,0.9988109393579072,2.233976783717249,0.025421998348125373,0.007870114885088132,203.29188731826966,203.2918873182697,0.025421998348125373,0.02489609050315788,0.007870114885088134,0.015630300343600825,1987.6249999999857,2013.7916666666285,
