method_name,method_class,c/r,smooth_r,avg_unc.(1se),#q<0.5,#q<0.1,q_min,q_small5,log-likeli,RMS,bias,tlog-l,100log-l,100RMS,75RMS,100bias,bias50,xyear0.5,xyear1.0,xyear1.5
cent20y,42/1_Run_Means,r,1.0,0.029367330430742057,0,0,1.0,1.0,2.6321191169645077,0.0,0.0,407.9784631294987,239.70352857963678,0.0,0.0,0.0,0.0,1984.2916666666554,2010.2083333332985,
GWI_anthro_CGWL,43/3_Human_Induced,c,2.7060786790300084,0.0716861136692879,0,0,0.8500154614773028,0.8500154614773028,1.3917660042674325,0.054891906957876296,-0.042226682277114,98.8153863029877,98.8153863029877,0.0548919069578763,0.054891906957876296,-0.042226682277114,-0.03493003804648605,1986.2083333333203,2014.5416666666279,
GWI_anthro_SR15,43/3_Human_Induced,c,2.4894816926338423,0.06651941284187397,0,0,0.9063594104180586,0.9063594104180586,1.4957943685112984,0.05079053133378009,-0.033504428958977754,106.20140016430219,106.20140016430219,0.05079053133378009,0.05079053133378009,-0.033504428958977754,-0.029993266446548605,1986.2083333333203,2014.4583333332946,
GWI_anthro,43/3_Human_Induced,c,2.525800243782563,0.06841453572814093,0,0,0.867220216720533,0.867220216720533,1.471810873299582,0.05118692139615175,-0.036373557843873194,104.49857200427033,104.49857200427032,0.05118692139615175,0.05118692139615175,-0.036373557843873194,-0.03157750949305493,1986.0416666666538,2014.4583333332946,
FaIR_nonat_unB,43/1_ERF_FaIR,c,5.1708098317821625,0.028687888087067282,73,40,3.355881964157548e-22,9.930760246201334e-22,-1068.7524342647491,0.4020975412914545,0.24294875060288654,-97256.47151809218,-97256.47151809218,0.4020975412914544,0.29198172764816677,0.24294875060288654,-0.0001985049927821895,1985.124999999988,2011.5416666666306,
FaIR_anthro_unB,43/1_ERF_FaIR,c,5.053624852282426,0.02544883500895843,78,39,1.2576051015392692e-28,8.129181054947062e-28,-1793.1370176550406,0.3803419595532236,0.2194765749260151,-163175.4686066087,-163175.4686066087,0.3803419595532236,0.2774778313305588,0.2194765749260151,-0.0198229906286984,1985.9583333333205,2012.624999999963,
