method_name,method_class,c/r,smooth_r,avg_unc.(1se),#q<0.5,#q<0.1,q_min,q_small5,log-likeli,RMS,bias,tlog-l,100log-l,100RMS,75RMS,100bias,bias50,xyear0.5,xyear1.0,xyear1.5
cent20y,42/1_Run_Means,r,1.0,0.026819331371203226,0,0,1.0,1.0,2.711736846785142,0.0,0.0,420.319211251697,244.67871436217843,0.0,0.0,0.0,0.0,1984.791666666655,2010.374999999965,
GWI_anthro_CGWL,43/3_Human_Induced,c,2.7458554721554234,0.080785402868482,0,0,0.9870773118373217,0.9870773118373217,1.5179483994886742,0.024923118589388837,-0.0058398482828900524,107.77433636369587,107.77433636369588,0.02492311858938884,0.02492311858938884,-0.0058398482828900524,-0.010688556948748732,1985.791666666654,2013.2083333332957,
GWI_anthro_SR15,43/3_Human_Induced,c,2.5095751676698383,0.07280048606883417,0,0,0.9596904490524496,0.9596904490524496,1.5282983742769563,0.03732283308272248,-0.0025020138230569117,108.5091845736639,108.5091845736639,0.037322833082722474,0.037322833082722474,-0.0025020138230569117,-0.01574994289614997,1986.2083333333203,2013.4583333332955,
GWI_anthro,43/3_Human_Induced,c,2.5976604909652217,0.07596110271203431,0,0,0.9744040041724532,0.9744040041724532,1.5291151060995511,0.03197996067470886,-0.003225561274243015,108.56717253306813,108.56717253306812,0.03197996067470886,0.03197996067470886,-0.003225561274243015,-0.01277980177547396,1985.6249999999875,2013.3749999999623,
FaIR_nonat_unB,43/1_ERF_FaIR,c,5.5595954919571975,0.028173366237143862,46,38,5.611070692656248e-18,3.5463965852685634e-17,-752.7175435911662,0.34739603424149157,0.22457295246399875,-68497.29646679612,-68497.29646679612,0.3473960342414916,0.26117868367732955,0.22457295246399875,0.01683677018738835,1985.124999999988,2010.4583333332982,
FaIR_anthro_unB,43/1_ERF_FaIR,c,5.591204595526635,0.024151386038126974,64,43,2.796715969644671e-26,7.93694147919919e-22,-1246.123218355949,0.33187881302761046,0.22224800636172432,-113397.21287039135,-113397.21287039132,0.33187881302761046,0.2515041862556356,0.22224800636172434,0.025840876481381118,1983.4583333333228,2010.708333333298,
