method_name,method_class,c/r,smooth_r,avg_unc.(1se),#q<0.5,#q<0.1,q_min,q_small5,log-likeli,RMS,bias,tlog-l,100log-l,100RMS,75RMS,100bias,bias50,xyear0.5,xyear1.0,xyear1.5
cent20y,42/1_Run_Means,r,1.0,0.028889482719928188,0,0,1.0,1.0,2.635509733186475,0.0,0.0,408.5040086439036,238.13760970043927,0.0,0.0,0.0,0.0,1984.8749999999882,2009.9583333332987,
GWI_anthro_CGWL,43/3_Human_Induced,c,2.6988579816489793,0.08314986388837164,0,0,0.989700082728918,0.989700082728918,1.3644916198390584,0.05407557472366054,-0.0120214258886059,96.87890500857314,96.87890500857313,0.05407557472366055,0.05407557472366054,-0.012021425888605901,0.015754418535707578,1985.124999999988,2009.8749999999654,
GWI_anthro_SR15,43/3_Human_Induced,c,2.4976789726995228,0.07534763700772777,0,0,0.8935955467385424,0.8935955467385424,1.457199933578446,0.050447429135468944,-0.011775147407250988,103.46119528406967,103.46119528406967,0.05044742913546894,0.05044742913546894,-0.011775147407250988,0.005244264766258035,1986.0416666666538,2010.374999999965,
GWI_anthro,43/3_Human_Induced,c,2.6290626447529983,0.0785554276719931,0,0,0.9639432471534903,0.9639432471534903,1.433667502588571,0.05083450821551471,-0.011445090338433809,101.79039268378854,101.79039268378854,0.05083450821551471,0.05083450821551471,-0.011445090338433809,0.01020884889946463,1985.124999999988,2010.6249999999648,
FaIR_nonat_unB,43/1_ERF_FaIR,c,4.7510545459144655,0.027753320337004117,45,35,2.4222709985671036e-18,1.339180637876781e-17,-816.0119556423704,0.355524119528267,0.22383625257318518,-74257.0879634557,-74257.0879634557,0.355524119528267,0.2610341623848572,0.22383625257318518,0.006052737235289703,1985.458333333321,2010.9583333332978,
