method_name,method_class,c/r,smooth_r,avg_unc.(1se),#q<0.5,#q<0.1,q_min,q_small5,log-likeli,RMS,bias,tlog-l,100log-l,100RMS,75RMS,100bias,bias50,xyear0.5,xyear1.0,xyear1.5
cent20y,42/1_Run_Means,r,1.0,0.03169350683629165,0,0,1.0,1.0,2.5462620925808044,0.0,0.0,394.6706243500247,233.71234542301508,0.0,0.0,0.0,0.0,1985.0416666666547,2010.6249999999648,
GWI_anthro_CGWL,43/3_Human_Induced,c,2.4021334060736113,0.0861629135392778,0,0,0.955534278959776,0.955534278959776,1.3510237325831749,0.056512741356454246,0.006314757626140665,95.92268501340541,95.92268501340543,0.05651274135645424,0.056512741356454246,0.006314757626140666,0.03853319833276158,1982.9583333333233,2009.374999999966,
GWI_anthro_SR15,43/3_Human_Induced,c,2.2208458190148144,0.07751045560437178,0,0,0.9955337175225296,0.9955337175225296,1.414516056823301,0.0541937908262492,0.0035720212956931313,100.43064003445437,100.43064003445437,0.05419379082624921,0.0541937908262492,0.0035720212956931313,0.024148788253069195,1985.2916666666545,2009.6249999999657,
GWI_anthro,43/3_Human_Induced,c,2.396784567774465,0.08114488220703953,0,0,0.9429977771055859,0.9429977771055859,1.4048050302838722,0.053765708227675124,0.004794465994957127,99.74115715015492,99.74115715015492,0.053765708227675124,0.053765708227675124,0.004794465994957127,0.030587666784128845,1983.7916666666558,2009.8749999999654,
FaIR_nonat_unB,43/1_ERF_FaIR,c,1.99956478050344,0.0260856605451574,14,0,0.1578314675635335,0.3029726516052319,1.7249834954031684,0.03360398945924979,0.016352279348465955,156.97349808168832,156.97349808168835,0.03360398945924979,0.026099145702119814,0.01635227934846596,0.01217721129606335,1985.7083333333208,2010.8749999999645,
FaIR_anthro_unB,43/1_ERF_FaIR,c,1.7567243736543394,0.02382385351317497,37,0,0.2197599789282952,0.24732461355529128,1.5904485539466102,0.0351254459350119,0.020867462634748802,144.73081840914153,144.73081840914156,0.0351254459350119,0.02885837744806302,0.0208674626347488,0.018254269841288574,1984.791666666655,2010.7916666666313,
