method_name,method_class,c/r,smooth_r,avg_unc.(1se),#q<0.5,#q<0.1,q_min,q_small5,log-likeli,RMS,bias,tlog-l,100log-l,100RMS,75RMS,100bias,bias50,xyear0.5,xyear1.0,xyear1.5
cent20y,42/1_Run_Means,r,1.0,0.027490233225635537,0,0,1.0,1.0,2.6852428989309867,0.0,0.0,416.2126493343029,238.97854708253536,0.0,0.0,0.0,0.0,1991.1249999999825,2015.9583333332932,
GWI_anthro_CGWL,43/3_Human_Induced,c,2.6227339992101237,0.0853048486605837,0,0,0.7866324790014175,0.7866324790014175,1.2846802774003072,0.06737285909955468,0.02404102499965509,91.21229969542182,91.21229969542182,0.06737285909955468,0.06737285909955468,0.02404102499965509,0.06441763673986847,1986.2916666666536,2014.7916666666276,
GWI_anthro_SR15,43/3_Human_Induced,c,2.4245823079598425,0.07568932480912348,0,0,0.9316548257377527,0.9316548257377527,1.3579458700685214,0.06103463843945293,0.020563025062246287,96.41415677486502,96.41415677486503,0.06103463843945293,0.06103463843945292,0.02056302506224629,0.04743341221469809,1987.1249999999861,2015.208333333294,
GWI_anthro,43/3_Human_Induced,c,2.6036341115172497,0.07973864961291972,0,0,0.8543169398983651,0.8543169398983651,1.3292363546732573,0.06330099740077527,0.022198903983748818,94.37578118180127,94.37578118180127,0.06330099740077529,0.06330099740077527,0.022198903983748818,0.05501748707662123,1986.2916666666536,2015.0416666666274,
FaIR_nonat_unB,43/1_ERF_FaIR,c,2.339749945042631,0.028194475827330496,55,25,0.005095683183949907,0.019970373702368524,-3.461605056003798,0.07528870617162005,0.04612489158957665,-315.0060600963456,-315.00606009634566,0.07528870617162005,0.0524504163653648,0.04612489158957665,0.011287656602321722,1991.2083333333157,2015.7083333332935,
