method_name,method_class,c/r,smooth_r,avg_unc.(1se),#q<0.5,#q<0.1,q_min,q_small5,log-likeli,RMS,bias,tlog-l,100log-l,100RMS,75RMS,100bias,bias50,xyear0.5,xyear1.0,xyear1.5
cent20y,42/1_Run_Means,r,1.0,0.02740385441757189,0,0,1.0,1.0,2.6901363999944206,0.0,0.0,416.97114199913517,241.8918753840705,0.0,0.0,0.0,0.0,1985.874999999981,2011.5416666666242,
lowess1dg20wnc,42/3_ST_Fits,c,3.640716092853799,0.04732694603056768,24,0,0.3992849448153663,0.3992849448153663,1.490423571759993,0.049983242422359096,-0.015057050166464902,231.0156536227989,136.09033750360214,0.05028416158659179,0.0511537063490714,-0.015235546929029446,-0.045421173121597117,1987.9583333333123,2014.6249999999548,
Kal_flexLin,42/5_Kalman,c,4.912214831232014,0.05317657451406971,0,0,0.9312672203239295,0.9312672203239295,1.6575202026703628,0.04584914814059454,-0.011497241358803804,256.9156314139062,151.70713394432158,0.044436158297110735,0.045749590517976696,-0.010280357487973069,-0.03274478145564319,1987.208333333313,2014.6249999999548,
GAM_AR1,42/4_GAM_AR1,c,6.224868037965476,0.04353305728782916,24,4,0.0006492524789759416,0.10409754834716614,1.3144393445933606,0.05272428096268826,-0.006346114983517566,178.76375086469704,111.53976944456429,0.05320783920894481,0.04846498895097201,-0.01542100978193064,-0.03275581388549305,1986.9583333333132,2014.5416666666215,
CGWL10y_sfUKCP,44/44_EarthModel_CGWL,c,6.223019691711925,0.0502974858327258,0,0,0.8848484848484848,0.8848484848484848,1.6359946195563755,0.04371532887289417,-0.001064891177439592,238.85521445523082,154.73076481567324,0.03948418536060906,0.03920651125133631,0.0010534315999306632,0.003902617458086029,1986.9583333333132,2014.041666666622,
