method_name,method_class,c/r,smooth_r,avg_unc.(1se),#q<0.5,#q<0.1,q_min,q_small5,log-likeli,RMS,bias,tlog-l,100log-l,100RMS,75RMS,100bias,bias50,xyear0.5,xyear1.0,xyear1.5
cent20y,42/1_Run_Means,r,1.0,0.031369043970214304,0,0,1.0,1.0,2.5562862639985062,0.0,0.0,396.22437091976843,232.55635842023923,0.0,0.0,0.0,0.0,1980.1249999999925,2006.7083333333017,
GWI_anthro_CGWL,43/3_Human_Induced,c,2.495267480785067,0.0809825316286981,0,0,0.9922230764613205,0.9922230764613205,1.4952467367960212,0.04187628379348181,0.003363100823735574,106.1625183125175,106.1625183125175,0.04187628379348181,0.04187628379348181,0.003363100823735574,0.018936795167132595,1979.7916666666595,2005.9583333333023,
GWI_anthro_SR15,43/3_Human_Induced,c,2.297896336595053,0.07335257763767777,0,0,0.9978279332599463,0.9978279332599463,1.54015119217479,0.04334945276560436,0.004281368419874088,109.35073464441008,109.3507346444101,0.04334945276560436,0.04334945276560436,0.004281368419874088,0.011901239030158306,1981.3749999999914,2004.7916666666367,
GWI_anthro,43/3_Human_Induced,c,2.4056091444747865,0.0763839680039711,0,0,0.9954027255190643,0.9954027255190643,1.5377614412635736,0.04134446529464771,0.004092602621927106,109.18106232971373,109.18106232971373,0.04134446529464771,0.04134446529464771,0.004092602621927106,0.015307835088172756,1980.624999999992,2005.9583333333023,
FaIR_nonat_unB,43/1_ERF_FaIR,c,1.9300345680150293,0.02708657104771692,21,0,0.27537358362363434,0.27537358362363434,1.8226986422865854,0.03674610168486179,-0.00842367770355535,165.86557644807928,165.8655764480793,0.03674610168486179,0.03039054022039137,-0.00842367770355535,0.007722000954360859,1980.2083333333258,2004.9583333333032,
FaIR_anthro_unB,43/1_ERF_FaIR,c,1.626106235236592,0.024693190181043042,23,0,0.1545778834720571,0.1545778834720571,1.405781768311991,0.03839116289535066,-0.014315034453797214,127.92614091639119,127.92614091639118,0.03839116289535066,0.027938152620494528,-0.014315034453797214,0.00026935477913084987,1979.1249999999934,2007.2916666666345,
