method_name,method_class,c/r,smooth_r,avg_unc.(1se),#q<0.5,#q<0.1,q_min,q_small5,log-likeli,RMS,bias,tlog-l,100log-l,100RMS,75RMS,100bias,bias50,xyear0.5,xyear1.0,xyear1.5
cent20y,42/1_Run_Means,r,1.0,0.028345065094258937,0,0,1.0,1.0,2.6542299384947623,0.0,0.0,411.40564046668817,237.39563642495742,0.0,0.0,0.0,0.0,1985.5416666666542,2010.2083333332985,
GWI_anthro_CGWL,43/3_Human_Induced,c,2.705856770894295,0.08362894012572149,0,0,0.9866865020138122,0.9866865020138122,1.4031671488411133,0.0556372711607652,-4.82037909077663e-06,99.62486756771904,99.62486756771904,0.0556372711607652,0.0556372711607652,-4.82037909077663e-06,0.03156453902396705,1982.4583333333237,2010.2083333332985,
GWI_anthro_SR15,43/3_Human_Induced,c,2.4754663271150017,0.07559879280527791,0,0,0.98272493828843,0.98272493828843,1.526118823455785,0.04426420635712166,-0.000516494309814688,108.35443646536073,108.35443646536075,0.04426420635712166,0.04426420635712166,-0.000516494309814688,0.02117593243246772,1984.7083333333217,2010.8749999999645,
GWI_anthro,43/3_Human_Induced,c,2.6724909459233364,0.07886094665263506,0,0,0.9956780074384193,0.9956780074384193,1.4785315796623266,0.04896895832393508,-7.735116319976372e-05,104.97574215602519,104.97574215602518,0.04896895832393508,0.04896895832393508,-7.735116319976372e-05,0.02606318635242123,1983.0416666666565,2011.041666666631,
FaIR_nonat_unB,43/1_ERF_FaIR,c,4.995524447794272,0.027567058005302854,48,35,9.390479726035963e-18,4.403896156993262e-16,-693.4764429285365,0.3339179546850183,0.21260012113687077,-63106.35630649682,-63106.35630649682,0.3339179546850183,0.2420752429577824,0.21260012113687077,0.013957741093877016,1985.0416666666547,2011.041666666631,
