method_name,method_class,c/r,smooth_r,avg_unc.(1se),#q<0.5,#q<0.1,q_min,q_small5,log-likeli,RMS,bias,tlog-l,100log-l,100RMS,75RMS,100bias,bias50,xyear0.5,xyear1.0,xyear1.5
cent20y,42/1_Run_Means,r,1.0,0.02887846207134827,0,0,1.0,1.0,2.637217243819404,0.0,0.0,408.76867279200764,236.55502451941751,0.0,0.0,0.0,0.0,1984.8749999999882,2010.2916666666317,
GWI_anthro_CGWL,43/3_Human_Induced,c,2.705229331191819,0.07735193435946575,0,0,0.9992681357550142,0.9992681357550142,1.369746944525317,0.055223384849172115,-0.026499412078110955,97.25203306129751,97.2520330612975,0.055223384849172115,0.055223384849172115,-0.02649941207811096,0.0014297653991335341,1984.5416666666551,2012.1249999999634,
GWI_anthro_SR15,43/3_Human_Induced,c,2.4932000805639913,0.07106682836664803,0,0,0.9121548970584212,0.9121548970584212,1.4828241959399786,0.05002638976629422,-0.022018105436064247,105.28051791173849,105.28051791173849,0.05002638976629422,0.05002638976629422,-0.022018105436064247,-0.0020430521531814923,1985.5416666666542,2012.3749999999632,
GWI_anthro,43/3_Human_Induced,c,2.6213657806361494,0.0735323909202412,0,0,0.9634250417758448,0.9634250417758448,1.4495442523490705,0.0515659185705801,-0.023109245178833972,102.917641916784,102.91764191678399,0.0515659185705801,0.0515659185705801,-0.023109245178833976,3.212391785328778e-05,1984.5416666666551,2012.3749999999632,
FaIR_nonat_unB,43/1_ERF_FaIR,c,4.715963691580161,0.027743152769874053,56,35,9.22519036825572e-19,6.624037772870096e-18,-845.8126618679762,0.3601425538383445,0.22413458225852237,-76968.95222998584,-76968.95222998585,0.3601425538383445,0.2671148537561146,0.22413458225852242,0.009042847029845431,1984.2083333333221,2011.1249999999643,
