method_name,method_class,c/r,smooth_r,avg_unc.(1se),#q<0.5,#q<0.1,q_min,q_small5,log-likeli,RMS,bias,tlog-l,100log-l,100RMS,75RMS,100bias,bias50,xyear0.5,xyear1.0,xyear1.5
cent20y,42/1_Run_Means,r,1.0,0.026816798036614742,0,0,1.0,1.0,2.7118268291911076,0.0,0.0,420.3331585246217,244.68881583654218,0.0,0.0,0.0,0.0,1987.208333333313,2013.1249999999561,
lowess1dg20wnc,42/3_ST_Fits,c,3.475958363243243,0.044827423427580754,49,0,0.2623925944317338,0.31620151557740894,1.4146800742725547,0.050141046309909704,-0.014848959481068432,219.27541151224597,137.03250000331394,0.04917184122380279,0.048209491010890365,-0.015199847047656277,-0.04123787237545645,1989.3749999999777,2015.041666666621,
Kal_flexLin,42/5_Kalman,c,4.756290521339767,0.05317657451406971,0,0,0.8576375689813025,0.8576375689813025,1.6665044044153707,0.045347756749912385,-0.011070994308794819,258.3081826843825,154.8562714594174,0.04249987486803388,0.042451117316431586,-0.009961046967077088,-0.02867913491810231,1988.208333333312,2014.9583333332878,
GAM_AR1,42/4_GAM_AR1,c,6.650576861480259,0.0440764412608485,20,4,0.00036357460824102273,0.1584993721469492,1.3095189461042176,0.05360201331053375,-0.004969231451043668,178.09457667017358,117.53740370284801,0.04974584849933539,0.04394230220020451,-0.013888765127251733,-0.027141098615578473,1987.7083333333126,2014.8749999999545,
CGWL10y_sfUKCP,44/44_EarthModel_CGWL,c,6.73401579545683,0.050218752555308804,0,0,0.8870886075949366,0.8870886075949366,1.6209454081034438,0.044349799051337555,0.0001137921010000241,236.6580295831028,152.46686903601733,0.038889459640255294,0.036685934731555486,0.0020646228858025935,0.005306922546043408,1988.4583333333119,2014.4583333332882,
