method_name,method_class,c/r,smooth_r,avg_unc.(1se),#q<0.5,#q<0.1,q_min,q_small5,log-likeli,RMS,bias,tlog-l,100log-l,100RMS,75RMS,100bias,bias50,xyear0.5,xyear1.0,xyear1.5
cent20y,42/1_Run_Means,r,1.0,0.030837955863302183,0,0,1.0,1.0,2.5719149212446766,0.0,0.0,398.6468127929249,235.84804780700665,0.0,0.0,0.0,0.0,1979.7083333333198,2005.958333333296,
lowess1dg20wnc,42/3_ST_Fits,c,3.8838176191545175,0.05992989400023993,0,0,0.8305828872435402,0.8305828872435402,1.5186317831661882,0.05182412545868176,-0.013003952245734427,235.38792639075916,144.36994385998713,0.04477560080726484,0.046906000745632816,-0.013372408134107795,-0.03469681009930396,1981.7916666666513,2005.7083333332962,
Kal_flexLin,42/5_Kalman,c,4.974575443491562,0.05317657451406971,2,0,0.4498621192287822,0.5605294180978779,1.5755342491882156,0.0503000122419063,-0.011175583575362821,244.20780862417342,155.72499046806433,0.04195000820354638,0.042266671370671215,-0.008993072391826368,-0.02368318702235749,1980.2916666666526,2005.2083333332967,2023.9583333332796
GAM_AR1,42/4_GAM_AR1,c,6.651864259619524,0.05285651177794825,11,3,0.004115621378576366,0.21168767454039128,1.2720677085510863,0.05948841123947134,-0.01179702397319869,173.00120836294775,113.78074342851414,0.05696252781241692,0.049771924486585295,-0.020195614461895196,-0.037064117520325894,1982.2916666666508,2005.5416666666297,
CGWL10y_sfUKCP,44/44_EarthModel_CGWL,c,5.869623610447531,0.050385540651698264,0,0,0.9403389830508475,0.9403389830508475,1.7098547532381891,0.039088528857012854,-0.004389146145595152,249.6387939727756,152.8529093125864,0.03805370466652394,0.036943014568326174,-0.00690542709264227,-0.0020857218493700314,1980.2916666666526,2004.5416666666306,
