method_name,method_class,c/r,smooth_r,avg_unc.(1se),#q<0.5,#q<0.1,q_min,q_small5,log-likeli,RMS,bias,tlog-l,100log-l,100RMS,75RMS,100bias,bias50,xyear0.5,xyear1.0,xyear1.5
cent20y,42/1_Run_Means,r,1.0,0.02740694285944874,0,0,1.0,1.0,2.6900114160367536,0.0,0.0,416.9517694856968,241.88267999909058,0.0,0.0,0.0,0.0,1984.458333333322,2010.1249999999652,
GWI_anthro_CGWL,43/3_Human_Induced,c,2.7337832276503327,0.08088417154406954,0,0,0.9942599553077595,0.9942599553077595,1.442804270148275,0.038027130084706415,-0.004329191030108197,102.43910318052752,102.43910318052752,0.038027130084706415,0.038027130084706415,-0.004329191030108196,-0.01481781905224251,1983.7083333333226,2014.4583333332946,
GWI_anthro_SR15,43/3_Human_Induced,c,2.505611150181562,0.0726021397657482,0,0,0.9683224475770026,0.9683224475770026,1.4627599869643402,0.04456252775205016,-0.0011165961908941556,103.85595907446815,103.85595907446816,0.04456252775205016,0.04456252775205016,-0.0011165961908941552,-0.01879214229824522,1985.3749999999877,2014.5416666666279,
GWI_anthro,43/3_Human_Induced,c,2.593772996382797,0.07583042992494078,0,0,0.9932262662063722,0.9932262662063722,1.4615943644958282,0.04115789018471144,-0.0019092270753166903,103.7731998792038,103.7731998792038,0.04115789018471144,0.04115789018471144,-0.0019092270753166903,-0.01624234072573023,1984.0416666666556,2014.4583333332946,
FaIR_nonat_unB,43/1_ERF_FaIR,c,4.925844044657354,0.028063081883685816,47,38,2.0841816141423545e-17,1.3127209485911433e-16,-709.2059294069848,0.3361186863257873,0.21728493044642508,-64537.73957603561,-64537.73957603561,0.33611868632578723,0.24917673014987962,0.21728493044642505,0.01631091934513887,1984.7083333333217,2010.708333333298,
FaIR_anthro_unB,43/1_ERF_FaIR,c,4.662731818109676,0.024169233276563215,68,47,8.217765223729631e-22,3.944952946121416e-21,-1143.9323415481713,0.31821346005024453,0.20948363074730045,-104097.84308088358,-104097.84308088358,0.31821346005024453,0.2374695144493935,0.20948363074730048,0.019946075710867685,1980.8749999999918,2010.8749999999645,
