method_name,method_class,c/r,smooth_r,avg_unc.(1se),#q<0.5,#q<0.1,q_min,q_small5,log-likeli,RMS,bias,tlog-l,100log-l,100RMS,75RMS,100bias,bias50,xyear0.5,xyear1.0,xyear1.5
cent20y,42/1_Run_Means,r,1.0,0.028343686504549274,0,0,1.0,1.0,2.6542958692669645,0.0,0.0,411.4158597363795,237.4003559822051,0.0,0.0,0.0,0.0,1988.041666666652,2013.1249999999625,
GWI_anthro_CGWL,43/3_Human_Induced,c,2.7070137727887778,0.0836289402122148,0,0,0.9948518870914645,0.9948518870914645,1.4042579878297528,0.05565114409560953,0.001181867619836409,99.70231713591244,99.70231713591244,0.055651144095609534,0.055651144095609534,0.001181867619836409,0.032729709771843266,1986.2916666666536,2014.291666666628,
GWI_anthro_SR15,43/3_Human_Induced,c,2.476504470753763,0.07559879283328698,0,0,0.9821451532466201,0.9821451532466201,1.5269233180726158,0.04426964415469555,0.0006718464977139125,108.41155558315573,108.41155558315575,0.04426964415469556,0.04426964415469556,0.0006718464977139125,0.022343447162559055,1986.791666666653,2014.6249999999611,
GWI_anthro,43/3_Human_Induced,c,2.6736896115883093,0.0788609467118807,0,0,0.9923040580131889,0.9923040580131889,1.4794386099673895,0.04898434175210207,0.0011103331230297847,105.04014130768465,105.04014130768465,0.048984341752102076,0.048984341752102076,0.0011103331230297847,0.027229715133566635,1986.2083333333203,2014.3749999999613,
FaIR_nonat_unB,43/1_ERF_FaIR,c,2.3411962378289717,0.02763430314089486,6,0,0.23140019502318854,0.43281807372175984,1.7158482748822368,0.036707986443748376,0.026336053565707188,156.14219301428355,156.14219301428355,0.036707986443748376,0.02976444915592989,0.026336053565707188,0.027350298091974357,1987.374999999986,2012.5416666666297,
FaIR_anthro_unB,43/1_ERF_FaIR,c,2.1149940362414568,0.024125104420104616,35,2,0.09659525039215387,0.10006808142902777,0.9488337582575496,0.044420190315758806,0.0318005548970317,86.343872001437,86.343872001437,0.0444201903157588,0.04156085555107983,0.03180055489703171,0.0381837964205922,1985.3749999999877,2012.624999999963,
