method_name,method_class,c/r,smooth_r,avg_unc.(1se),#q<0.5,#q<0.1,q_min,q_small5,log-likeli,RMS,bias,tlog-l,100log-l,100RMS,75RMS,100bias,bias50,xyear0.5,xyear1.0,xyear1.5
cent20y,42/1_Run_Means,r,1.0,0.026995406095528286,0,0,1.0,1.0,2.7039553261004055,0.0,0.0,419.1130755455629,243.4649122516015,0.0,0.0,0.0,0.0,1988.8749999999845,2014.9583333332941,
GWI_anthro_CGWL,43/3_Human_Induced,c,2.846619641735045,0.08033550696726277,0,0,0.9994947907303818,0.9994947907303818,1.5272282156588395,0.024368354819922933,0.000530350729139949,108.4332033117776,108.43320331177762,0.024368354819922933,0.024368354819922933,0.000530350729139949,-0.003122491980694195,1988.374999999985,2015.87499999996,
GWI_anthro_SR15,43/3_Human_Induced,c,2.6153347554393993,0.07246905132401522,0,0,0.9578230791534845,0.9578230791534845,1.5301549834492723,0.03818893123449376,0.003991093502719822,108.64100382489833,108.64100382489832,0.03818893123449376,0.03818893123449376,0.003991093502719822,-0.00855426002555336,1988.8749999999845,2016.2916666666263,
GWI_anthro,43/3_Human_Induced,c,2.767941372425976,0.07560082963007529,0,0,0.9788373105915972,0.9788373105915972,1.5330614054410612,0.03239198386479273,0.0033051097489073633,108.84735978631534,108.84735978631532,0.03239198386479273,0.03239198386479273,0.0033051097489073633,-0.0053714137919198875,1988.374999999985,2015.9583333332932,
FaIR_nonat_unB,43/1_ERF_FaIR,c,2.852389447320259,0.028416086223866734,43,0,0.1893579072532699,0.1893579072532699,1.6076875940723099,0.04139545731551255,0.02788855660946423,146.2995710605802,146.2995710605802,0.04139545731551254,0.037384385740973365,0.02788855660946423,0.011005441957676795,1989.4583333333173,2014.4583333332946,
