method_name,method_class,c/r,smooth_r,avg_unc.(1se),#q<0.5,#q<0.1,q_min,q_small5,log-likeli,RMS,bias,tlog-l,100log-l,100RMS,75RMS,100bias,bias50,xyear0.5,xyear1.0,xyear1.5
cent20y,42/1_Run_Means,r,1.0,0.032682807815704894,0,0,1.0,1.0,2.514589912074343,0.0,0.0,389.7614363715232,232.66585528520307,0.0,0.0,0.0,0.0,1984.0416666666556,2009.2916666666326,
GWI_anthro_CGWL,43/3_Human_Induced,c,2.3108623010934073,0.09013787357076664,0,0,0.9784368080261662,0.9784368080261662,1.2205894294239292,0.07472978168131217,0.025271730500320104,86.66184948909897,86.66184948909897,0.07472978168131217,0.07472978168131218,0.025271730500320107,0.06651122698155718,1979.958333333326,2006.8749999999682,
GWI_anthro_SR15,43/3_Human_Induced,c,2.120472085869322,0.08038119463771261,0,0,0.9809568279996721,0.9809568279996721,1.325887309800233,0.06342840533075632,0.019468916321915712,94.13799899581655,94.13799899581655,0.06342840533075632,0.06342840533075632,0.019468916321915712,0.048735224244436666,1982.7083333333235,2006.0416666666356,
GWI_anthro,43/3_Human_Induced,c,2.307435775132166,0.08439274074137965,0,0,0.9996256759492552,0.9996256759492552,1.2841517792953066,0.06760311251901946,0.021574797750546732,91.17477632996676,91.17477632996676,0.06760311251901946,0.06760311251901946,0.021574797750546732,0.05637243363915929,1981.5416666666579,2008.0416666666338,
FaIR_nonat_unB,43/1_ERF_FaIR,c,2.1196762761210994,0.024843153597663415,14,0,0.16595611924509435,0.2878228782287823,1.8361303557255348,0.03206313128531038,-0.0020916839401921824,167.08786237102368,167.08786237102368,0.03206313128531038,0.024754336789587713,-0.0020916839401921824,-0.006228396222491241,1985.6249999999875,2010.1249999999652,
FaIR_anthro_unB,43/1_ERF_FaIR,c,1.9658391379847975,0.02337671201380775,10,0,0.3726540659440329,0.4289751750576291,1.9191936051563088,0.029071993179794118,0.004980998891819478,174.6466180692241,174.64661806922408,0.029071993179794114,0.021893331592773208,0.004980998891819478,0.005679717033960635,1984.791666666655,2009.8749999999654,
