method_name,method_class,c/r,smooth_r,avg_unc.(1se),#q<0.5,#q<0.1,q_min,q_small5,log-likeli,RMS,bias,tlog-l,100log-l,100RMS,75RMS,100bias,bias50,xyear0.5,xyear1.0,xyear1.5
cent20y,42/1_Run_Means,r,1.0,0.03246361689467424,0,0,1.0,1.0,2.5254873711040067,0.0,0.0,391.45054252112106,232.4049610499227,0.0,0.0,0.0,0.0,1985.0416666666547,2010.5416666666315,
GWI_anthro_CGWL,43/3_Human_Induced,c,2.4341727754409725,0.09636962462767737,0,0,0.8159497652289548,0.8159497652289548,1.0104202354617038,0.09318794535143286,0.03254221367835621,71.73983671778097,71.73983671778097,0.09318794535143286,0.09318794535143288,0.032542213678356205,0.08653392815226452,1980.624999999992,2006.791666666635,
GWI_anthro_SR15,43/3_Human_Induced,c,2.26922940542685,0.08543414546016052,0,0,0.9019786447915145,0.9019786447915145,1.1363898950560725,0.07912078102962718,0.022960760583255645,80.68368254898114,80.68368254898112,0.07912078102962718,0.07912078102962719,0.02296076058325565,0.06305228897309,1983.7916666666558,2006.1249999999688,
GWI_anthro,43/3_Human_Induced,c,2.5035749764518465,0.09005059096525295,0,0,0.905477952163477,0.905477952163477,1.0827077293439082,0.08445899698729964,0.026410821422481894,76.87224878341749,76.87224878341749,0.08445899698729964,0.08445899698729964,0.026410821422481887,0.07296594020623631,1982.541666666657,2008.4583333333,
FaIR_nonat_unB,43/1_ERF_FaIR,c,4.910421275488789,0.02433461713341715,68,43,3.9041709817818594e-24,5.016362842726531e-22,-1014.3707099350975,0.35525784178860226,0.20859658716483306,-92307.73460409387,-92307.73460409387,0.35525784178860226,0.2558736530816946,0.20859658716483306,-0.01288989704142434,1986.9583333333196,2011.5416666666306,
