method_name,method_class,c/r,smooth_r,avg_unc.(1se),#q<0.5,#q<0.1,q_min,q_small5,log-likeli,RMS,bias,tlog-l,100log-l,100RMS,75RMS,100bias,bias50,xyear0.5,xyear1.0,xyear1.5
cent20y,42/1_Run_Means,r,1.0,0.02872403028256469,0,0,1.0,1.0,2.6488892346634088,0.0,0.0,410.57783137282837,241.21801745274738,0.0,0.0,0.0,0.0,1984.458333333322,2011.041666666631,
GWI_anthro_CGWL,43/3_Human_Induced,c,2.5812724236894202,0.06987237401624652,0,0,0.818167937260326,0.818167937260326,1.3963998339848656,0.058463079627677085,-0.051110419926242934,99.14438821292545,99.14438821292546,0.058463079627677085,0.058463079627677085,-0.051110419926242934,-0.05722787076505497,1987.1249999999861,2015.0416666666274,
GWI_anthro_SR15,43/3_Human_Induced,c,2.3685865277502485,0.06494198202529698,0,0,0.9917551134883831,0.9917551134883831,1.520425435841547,0.049612802554667844,-0.03845115826743971,107.95020594474984,107.95020594474983,0.04961280255466785,0.04961280255466785,-0.0384511582674397,-0.0468733431628994,1986.9583333333196,2015.0416666666274,
GWI_anthro,43/3_Human_Induced,c,2.403319866184653,0.06673613982053753,0,0,0.9478221410849016,0.9478221410849016,1.487882626988688,0.05179298457933993,-0.04251632520453756,105.63966651619685,105.63966651619685,0.05179298457933993,0.05179298457933993,-0.042516325204537554,-0.05049347225883189,1986.8749999999864,2014.9583333332941,
FaIR_nonat_unB,43/1_ERF_FaIR,c,4.732497989911654,0.02789623797394166,62,38,1.4376439345410612e-22,2.0266387406142598e-21,-1107.0562534199662,0.3944647882444324,0.2430863401663693,-100742.11906121693,-100742.11906121692,0.3944647882444324,0.29143421548632537,0.2430863401663693,0.0059742615420903524,1985.0416666666547,2011.8749999999636,
FaIR_anthro_unB,43/1_ERF_FaIR,c,4.921074315972037,0.024541934331152565,49,35,3.5024737860368045e-30,1.1226328867314535e-28,-1798.3443396461062,0.3736689564425449,0.2245561228916274,-163649.33490779565,-163649.33490779565,0.3736689564425449,0.27804568316497513,0.22455612289162738,-0.007443112892698045,1985.3749999999877,2012.2083333332967,
