method_name,method_class,c/r,smooth_r,avg_unc.(1se),#q<0.5,#q<0.1,q_min,q_small5,log-likeli,RMS,bias,tlog-l,100log-l,100RMS,75RMS,100bias,bias50,xyear0.5,xyear1.0,xyear1.5
cent20y,42/1_Run_Means,r,1.0,0.02699599657890935,0,0,1.0,1.0,2.7039119213301333,0.0,0.0,419.1063478061707,243.4668837295414,0.0,0.0,0.0,0.0,1984.458333333322,2010.708333333298,
GWI_anthro_CGWL,43/3_Human_Induced,c,2.8474373702289584,0.08033550696991609,0,0,0.9984320187439945,0.9984320187439945,1.5248285461148303,0.024574003826222286,-0.00324473009490007,108.26282677415296,108.26282677415296,0.024574003826222286,0.024574003826222286,-0.00324473009490007,-0.006878181230749561,1985.458333333321,2013.2083333332957,
GWI_anthro_SR15,43/3_Human_Induced,c,2.6161311484172574,0.0724690514004092,0,0,0.9676775164168054,0.9676775164168054,1.5296812272698057,0.03797731537352123,0.00021489634233622435,108.6073671361562,108.6073671361562,0.03797731537352123,0.03797731537352123,0.00021489634233622424,-0.012312290296502364,1986.124999999987,2013.4583333332955,
GWI_anthro,43/3_Human_Induced,c,2.768715508031738,0.07560082975951646,0,0,0.9896905633158521,0.9896905633158521,1.5327336538483285,0.03222197465291218,-0.00047023853336304307,108.82408942323133,108.82408942323133,0.03222197465291218,0.03222197465291219,-0.00047023853336304307,-0.009129225120763862,1985.2916666666545,2013.291666666629,
FaIR_nonat_unB,43/1_ERF_FaIR,c,5.74885682022466,0.028424749174540683,47,35,4.0747561047395544e-16,4.6498832161607435e-16,-672.2829121576198,0.3371326089137766,0.21331092550415032,-61177.7450063434,-61177.74500634341,0.3371326089137766,0.25408316241895024,0.21331092550415032,0.008238002871530448,1985.458333333321,2011.4583333332973,
