method_name,method_class,c/r,smooth_r,avg_unc.(1se),#q<0.5,#q<0.1,q_min,q_small5,log-likeli,RMS,bias,tlog-l,100log-l,100RMS,75RMS,100bias,bias50,xyear0.5,xyear1.0,xyear1.5
cent20y,42/1_Run_Means,r,1.0,0.03125693270651891,0,0,1.0,1.0,2.559025824158943,0.0,0.0,396.64900274463616,230.44439496514858,0.0,0.0,0.0,0.0,1983.541666666656,2009.0416666666329,
GWI_anthro_CGWL,43/3_Human_Induced,c,2.4937506534037412,0.08281120969909328,0,0,0.9925571812531676,0.9925571812531676,1.4118671277685657,0.04053439566955659,-0.014415987407442753,100.24256607156816,100.24256607156818,0.04053439566955659,0.04053439566955659,-0.014415987407442753,-0.021720774318818886,1983.9583333333223,2013.0416666666292,
GWI_anthro_SR15,43/3_Human_Induced,c,2.2827532687635133,0.07515600103239928,0,0,0.9652052510540046,0.9652052510540046,1.4635507439129916,0.043845286425705066,-0.010403308474313823,103.9121028178224,103.9121028178224,0.043845286425705066,0.043845286425705066,-0.010403308474313823,-0.02369583417788214,1985.2083333333212,2012.8749999999627,
GWI_anthro,43/3_Human_Induced,c,2.4053927031466684,0.07810863135103048,0,0,0.9788478387000032,0.9788478387000032,1.4605487133684505,0.041222490427494436,-0.011426377103084863,103.69895864915999,103.69895864915999,0.041222490427494436,0.041222490427494436,-0.011426377103084863,-0.02198207250711621,1984.2083333333221,2012.958333333296,
FaIR_nonat_unB,43/1_ERF_FaIR,c,1.8878156412307523,0.02683222321964323,47,0,0.10820451843043995,0.10820451843043995,1.0976208680146509,0.050033725899710106,-0.00824790360118517,99.88349898933322,99.88349898933322,0.050033725899710106,0.03785740571223407,-0.008247903601185168,0.02167550623624312,1983.2916666666563,2008.9583333332996,
FaIR_anthro_unB,43/1_ERF_FaIR,c,1.7716006738711274,0.0243740958369559,49,24,0.011569324962523907,0.017938685231045068,-2.453643873983352,0.05878606007722066,-0.0122983097222231,-223.281592532485,-223.281592532485,0.05878606007722066,0.042917459372135675,-0.0122983097222231,0.02015507280695313,1980.0416666666592,2009.374999999966,
