method_name,method_class,c/r,smooth_r,avg_unc.(1se),#q<0.5,#q<0.1,q_min,q_small5,log-likeli,RMS,bias,tlog-l,100log-l,100RMS,75RMS,100bias,bias50,xyear0.5,xyear1.0,xyear1.5
cent20y,42/1_Run_Means,r,1.0,0.030914492397907587,0,0,1.0,1.0,2.570757485506927,0.0,0.0,398.4674102535737,230.51325146982145,0.0,0.0,0.0,0.0,1977.8749999999882,2004.7916666666304,
lowess1dg20wnc,42/3_ST_Fits,c,3.2980874788299133,0.057651704523448616,35,0,0.11306570092186657,0.1645059260579057,1.2561749344355733,0.05907803990435468,-0.015408137133391236,194.70711483751387,116.83464163272473,0.057336517133982114,0.05003311567171045,-0.012471069037242618,-0.03323714049303203,1980.6249999999857,2004.041666666631,
Kal_flexLin,42/5_Kalman,c,4.653476931738261,0.05317657451406971,11,0,0.1755328255828477,0.3859021742196216,1.475189119650144,0.05459300109820615,-0.009530411778045558,228.65431354577234,132.74320040646293,0.054665007749995484,0.0440380865754699,-0.008310051640655302,-0.02321084236155504,1979.8749999999864,2003.374999999965,2023.791666666613
GAM_AR1,42/4_GAM_AR1,c,8.132267397636175,0.054623603037984934,32,5,0.0021602483043851053,0.07887939092147067,1.052003000064233,0.06744931199584958,-0.012431170813995088,143.0724080087357,127.39659973941504,0.05716662239107598,0.047082448913900767,-0.008577218446797137,-0.02493914248178869,1979.791666666653,2004.1249999999643,2023.7083333332798
CGWL10y_sfUKCP,44/44_EarthModel_CGWL,c,5.872769726168338,0.05030612915513977,0,0,0.9521739130434783,0.9521739130434783,1.637916422505155,0.04560849275781214,-0.0023782755613580664,239.13579768575264,138.37405597881735,0.04835376207723076,0.03849993350564671,-0.01133363697598537,-0.003165236482257855,1979.6249999999866,2002.6249999999657,
