method_name,method_class,c/r,smooth_r,avg_unc.(1se),#q<0.5,#q<0.1,q_min,q_small5,log-likeli,RMS,bias,tlog-l,100log-l,100RMS,75RMS,100bias,bias50,xyear0.5,xyear1.0,xyear1.5
cent20y,42/1_Run_Means,r,1.0,0.029220050261845133,0,0,1.0,1.0,2.6348047163183934,0.0,0.0,408.39473102935096,239.60824956928803,0.0,0.0,0.0,0.0,1984.8749999999818,2010.208333333292,
lowess1dg20wnc,42/3_ST_Fits,c,3.805071113660904,0.22104955373072252,0,0,0.9964527972233014,0.9964527972233014,0.5664263439325617,0.0440667346887251,-0.005875139126834428,87.79608330954707,38.55363138483364,0.04241091190246435,0.04180039142336712,-0.017846346263786634,-0.030528182351127107,1986.4583333333137,2013.4583333332891,
Kal_flexLin,42/5_Kalman,c,5.182051764293504,0.05317657451406971,0,0,0.6331909400000195,0.9654472697855053,1.6767725618535756,0.04572321650195052,-0.011403804912132104,259.8997470873042,156.73284574283775,0.04130290155726524,0.0393127308324975,-0.013352499112051417,-0.021359599404130784,1986.0416666666474,2013.8749999999554,
GAM_AR1,42/4_GAM_AR1,c,4.240481552270118,0.041967987007625523,14,12,1.5778267758302343e-11,2.4378572971142007e-07,0.6718366990724428,0.055969412455464995,-0.008447186215983974,91.36979107385223,15.805839336137314,0.05880020148430777,0.06639629859609378,-0.032326851783492344,-0.05769557375401994,1987.4583333333128,2013.1249999999561,
CGWL10y_sfUKCP,44/44_EarthModel_CGWL,c,6.121924460319221,0.050158909215561806,0,0,0.8342857142857143,0.8342857142857143,1.5787755090932074,0.04660478316992997,-0.011430773028613136,230.50122432760827,152.1117994299782,0.04123843638234538,0.039576464350673725,-0.009256661087380467,-0.004832035570263814,1985.9583333333142,2011.791666666624,
