method_name,method_class,c/r,smooth_r,avg_unc.(1se),#q<0.5,#q<0.1,q_min,q_small5,log-likeli,RMS,bias,tlog-l,100log-l,100RMS,75RMS,100bias,bias50,xyear0.5,xyear1.0,xyear1.5
cent20y,42/1_Run_Means,r,1.0,0.032622373927811664,0,0,1.0,1.0,2.5210580980127704,0.0,0.0,390.76400519197944,233.60249852757985,0.0,0.0,0.0,0.0,1987.2083333333194,2012.624999999963,
GWI_anthro_CGWL,43/3_Human_Induced,c,2.496943599102141,0.09339606892654422,0,0,0.8333290296946346,0.8333290296946346,1.0995188178638486,0.08590662944846521,0.02304555119414498,78.06583606833325,78.06583606833324,0.08590662944846521,0.0859066294484652,0.02304555119414498,0.07541543151213809,1983.4583333333228,2009.7916666666322,
GWI_anthro_SR15,43/3_Human_Induced,c,2.2707485171546846,0.08307258577013209,0,0,0.8731029876893643,0.8731029876893643,1.2221978291525335,0.07267535148331546,0.016141808789746533,86.77604586982987,86.77604586982986,0.07267535148331546,0.07267535148331546,0.016141808789746533,0.05435585044318561,1985.9583333333205,2010.6249999999648,
GWI_anthro,43/3_Human_Induced,c,2.5386203952617845,0.08738625411590478,0,0,0.8966634521073403,0.8966634521073403,1.1692066469930573,0.07803301493809472,0.01886477986872899,83.01367193650707,83.01367193650704,0.07803301493809474,0.07803301493809474,0.01886477986872899,0.06343040518383578,1984.2916666666554,2010.7916666666313,
FaIR_nonat_unB,43/1_ERF_FaIR,c,2.4139198145002054,0.024336611696306316,64,4,0.009522269244757063,0.1368476978989111,0.19850883161524205,0.047196884249241636,0.01332522026841726,18.064303676987027,18.064303676987038,0.04719688424924164,0.03275264123286792,0.013325220268417256,-0.013738183399888589,1988.8749999999845,2013.5416666666288,
FaIR_anthro_unB,43/1_ERF_FaIR,c,2.1833653099621633,0.023034697063653773,52,3,0.06844141759171413,0.15476190476190477,0.17392810824997376,0.04462235682637374,0.02880159669353593,15.827457850747614,15.827457850747614,0.04462235682637374,0.03268062193829514,0.028801596693535932,0.008758370001263411,1988.2083333333185,2012.958333333296,
