method_name,method_class,c/r,smooth_r,avg_unc.(1se),#q<0.5,#q<0.1,q_min,q_small5,log-likeli,RMS,bias,tlog-l,100log-l,100RMS,75RMS,100bias,bias50,xyear0.5,xyear1.0,xyear1.5
cent20y,42/1_Run_Means,r,1.0,0.03270962646932406,0,0,1.0,1.0,2.5152010716610373,0.0,0.0,389.8561661074608,230.8958849404111,0.0,0.0,0.0,0.0,1985.2083333333212,2009.708333333299,
GWI_anthro_CGWL,43/3_Human_Induced,c,2.5072637186838214,0.08733929975527277,0,0,0.9720224439899221,0.9720224439899221,1.2771987244621275,0.06883364450393262,0.007216223539585256,90.68110943681106,90.68110943681106,0.06883364450393263,0.06883364450393262,0.007216223539585256,0.04869228976370153,1982.208333333324,2008.791666666633,
GWI_anthro_SR15,43/3_Human_Induced,c,2.29086214250152,0.07867098419490794,0,0,0.9732698972008087,0.9732698972008087,1.3866945073925172,0.05820457778372182,0.004422575502786114,98.45531002486872,98.45531002486874,0.05820457778372182,0.05820457778372182,0.004422575502786114,0.03454792334169599,1984.0416666666556,2008.9583333332996,
GWI_anthro,43/3_Human_Induced,c,2.4505309872759944,0.08219043193318445,0,0,0.9782436877313175,0.9782436877313175,1.3421491161042087,0.06245994113072328,0.005664037741832321,95.29258724339883,95.29258724339884,0.062459941130723284,0.062459941130723284,0.005664037741832321,0.040778656928285535,1982.87499999999,2009.374999999966,
FaIR_nonat_unB,43/1_ERF_FaIR,c,4.380364635355584,0.024665110488497555,55,39,1.5197709745682888e-23,1.321469465380495e-19,-1067.2342414121213,0.3522706979074277,0.21135830181914195,-97118.31596850303,-97118.31596850301,0.3522706979074277,0.25483618320037404,0.2113583018191419,-0.005735019250207048,1986.3749999999868,2010.6249999999648,
