method_name,method_class,c/r,smooth_r,avg_unc.(1se),#q<0.5,#q<0.1,q_min,q_small5,log-likeli,RMS,bias,tlog-l,100log-l,100RMS,75RMS,100bias,bias50,xyear0.5,xyear1.0,xyear1.5
cent20y,42/1_Run_Means,r,1.0,0.02896107765878639,0,0,1.0,1.0,2.638373789903914,0.0,0.0,408.94793743510667,239.41719930989376,0.0,0.0,0.0,0.0,1983.9583333333223,2011.1249999999643,
GWI_anthro_CGWL,43/3_Human_Induced,c,2.662793410519402,0.07193719050497975,0,0,0.6757777140872343,0.6757777140872343,1.1638201118134677,0.07741955339326884,-0.06056130904834055,82.6312279387562,82.63122793875621,0.07741955339326884,0.07741955339326884,-0.06056130904834056,-0.08993083119537147,1987.8749999999854,2016.4583333332928,
GWI_anthro_SR15,43/3_Human_Induced,c,2.415279976922421,0.0661667018149606,0,0,0.8753433571660939,0.8753433571660939,1.3321411076235437,0.06313316102882628,-0.042073757217712025,94.5820186412716,94.58201864127159,0.06313316102882628,0.06313316102882628,-0.04207375721771202,-0.07004581696830088,1987.2916666666526,2016.1249999999598,
GWI_anthro,43/3_Human_Induced,c,2.542329268830618,0.06823975342798531,0,0,0.7545916306167094,0.7545916306167094,1.2756648175009564,0.0680592983654872,-0.04813112827878516,90.57220204256791,90.57220204256791,0.0680592983654872,0.0680592983654872,-0.048131128278785164,-0.07733650793372537,1987.5416666666524,2016.208333333293,
FaIR_nonat_unB,43/1_ERF_FaIR,c,4.75257850458515,0.027940436437847972,60,42,1.2200298240997147e-24,2.7624274272655568e-21,-1035.3708786244727,0.38270223716727975,0.23568330299242785,-94218.74995482701,-94218.74995482703,0.38270223716727975,0.28786944846057394,0.23568330299242787,0.00807849711408065,1984.2916666666554,2011.708333333297,
FaIR_anthro_unB,43/1_ERF_FaIR,c,4.76448844913223,0.024950396977388715,64,43,1.1088607947310781e-29,8.190971842096996e-29,-1644.1522997829024,0.35952176297023464,0.21372583891861324,-149617.85928024413,-149617.85928024413,0.35952176297023464,0.27417474359040933,0.21372583891861327,-0.006981633506254199,1984.9583333333214,2012.8749999999627,
