method_name,method_class,c/r,smooth_r,avg_unc.(1se),#q<0.5,#q<0.1,q_min,q_small5,log-likeli,RMS,bias,tlog-l,100log-l,100RMS,75RMS,100bias,bias50,xyear0.5,xyear1.0,xyear1.5
cent20y,42/1_Run_Means,r,1.0,0.029611351022874707,0,0,1.0,1.0,2.6142733536280742,0.0,0.0,405.2123698123515,233.31874386605122,0.0,0.0,0.0,0.0,1984.6249999999884,2010.708333333298,
GWI_anthro_CGWL,43/3_Human_Induced,c,2.6506334185227263,0.08002362368402346,0,0,0.9860480332306405,0.9860480332306405,1.5119915688734158,0.04165825475511541,0.01075164003725653,107.35140139001253,107.35140139001251,0.04165825475511541,0.04165825475511541,0.01075164003725653,0.024262056632891448,1982.1249999999907,2012.8749999999627,
GWI_anthro_SR15,43/3_Human_Induced,c,2.4513998640948755,0.07220103218725536,0,0,0.9945947036920102,0.9945947036920102,1.5497973682794033,0.04266074880671363,0.01068496144808196,110.03561314783764,110.03561314783764,0.042660748806713625,0.042660748806713625,0.010684961448081957,0.016138538865979282,1983.6249999999893,2012.7083333332962,
GWI_anthro,43/3_Human_Induced,c,2.5563404007581996,0.07534821969169829,0,0,0.998625430112916,0.998625430112916,1.5466172359507107,0.041185216713260746,0.010842434770737205,109.80982375250046,109.80982375250045,0.041185216713260746,0.041185216713260746,0.010842434770737203,0.020063244527651104,1982.7083333333235,2012.958333333296,
FaIR_nonat_unB,43/1_ERF_FaIR,c,4.929181962676146,0.0278112665236542,56,35,3.7955141822243735e-20,2.288075498159167e-18,-861.2915920618861,0.3614809294578121,0.2204951227011623,-78377.53487763164,-78377.53487763164,0.3614809294578121,0.2642607419855569,0.2204951227011624,0.0029490628727767633,1985.124999999988,2011.6249999999638,
