method_name,method_class,c/r,smooth_r,avg_unc.(1se),#q<0.5,#q<0.1,q_min,q_small5,log-likeli,RMS,bias,tlog-l,100log-l,100RMS,75RMS,100bias,bias50,xyear0.5,xyear1.0,xyear1.5
cent20y,42/1_Run_Means,r,1.0,0.03241322704667546,0,0,1.0,1.0,2.525492033730651,0.0,0.0,391.4512652282509,233.59676170277385,0.0,0.0,0.0,0.0,1985.2083333333212,2010.041666666632,
GWI_anthro_CGWL,43/3_Human_Induced,c,2.453226790392016,0.09188587082587411,0,0,0.9268475457422805,0.9268475457422805,1.1311623936655302,0.08353871983978926,0.017367135026964516,80.31252995025264,80.31252995025265,0.08353871983978926,0.08353871983978926,0.01736713502696452,0.06436689702233175,1980.7916666666586,2008.9583333332996,
GWI_anthro_SR15,43/3_Human_Induced,c,2.234241587908422,0.08238814015246675,0,0,0.9855559889213332,0.9855559889213332,1.2580867350876983,0.06993116679090972,0.010778745605673944,89.32415819122659,89.3241581912266,0.06993116679090972,0.06993116679090972,0.010778745605673944,0.04688353957239981,1983.7083333333226,2009.0416666666329,
GWI_anthro,43/3_Human_Induced,c,2.4455628218121985,0.08628659838320533,0,0,0.9414106338006619,0.9414106338006619,1.2052526828752201,0.07537242345361471,0.013054198725147934,85.57294048414063,85.57294048414064,0.07537242345361471,0.07537242345361471,0.013054198725147936,0.05430102399810793,1982.541666666657,2009.374999999966,
FaIR_nonat_unB,43/1_ERF_FaIR,c,4.625866199421778,0.02435270660815556,51,39,1.1903243374319407e-23,3.6134419812564454e-23,-1066.1887387765992,0.3614924349435439,0.2177584228020993,-97023.17522867052,-97023.17522867052,0.3614924349435439,0.25670617990492284,0.2177584228020993,-0.0023224800124690926,1986.3749999999868,2011.1249999999643,
FaIR_anthro_unB,43/1_ERF_FaIR,c,4.267687698872104,0.023321588459392213,52,37,3.0718982695817577e-29,1.8237413925220372e-24,-1383.7151145783316,0.34168195331502155,0.21192044328748413,-125918.07542662819,-125918.07542662819,0.34168195331502155,0.24463019472984998,0.2119204432874842,0.006215828508261078,1985.791666666654,2010.708333333298,
