method_name,method_class,c/r,smooth_r,avg_unc.(1se),#q<0.5,#q<0.1,q_min,q_small5,log-likeli,RMS,bias,tlog-l,100log-l,100RMS,75RMS,100bias,bias50,xyear0.5,xyear1.0,xyear1.5
cent20y,42/1_Run_Means,r,1.0,0.02880408877782842,0,0,1.0,1.0,2.6468166812446796,0.0,0.0,410.2565855929253,240.96575501955442,0.0,0.0,0.0,0.0,1978.374999999994,2006.5416666666351,
GWI_anthro_CGWL,43/3_Human_Induced,c,2.721882800169732,0.07164987102359374,0,0,0.8577585794423133,0.8577585794423133,1.3377119482417248,0.06024280460809147,-0.037558790524447216,94.97754832516246,94.97754832516245,0.06024280460809148,0.06024280460809147,-0.03755879052444722,-0.06607337704598537,1982.541666666657,2011.5416666666306,
GWI_anthro_SR15,43/3_Human_Induced,c,2.4693859905857507,0.06594937393236458,0,0,0.9164972296046018,0.9164972296046018,1.426452032918047,0.0537338801875034,-0.02284963310606466,101.27809433718134,101.27809433718136,0.053733880187503406,0.053733880187503406,-0.02284963310606466,-0.05139935097586297,1982.1249999999907,2010.2916666666317,
GWI_anthro,43/3_Human_Induced,c,2.559578054026088,0.06798864188406292,0,0,0.895763697650265,0.895763697650265,1.397625304163059,0.055735938092667144,-0.027731088988569474,99.2313965955772,99.23139659557721,0.055735938092667144,0.055735938092667144,-0.027731088988569474,-0.05661806671229025,1982.208333333324,2011.041666666631,
FaIR_nonat_unB,43/1_ERF_FaIR,c,2.083946485226693,0.02805217776360426,62,0,0.3206059805346369,0.3206059805346369,1.7473084138782433,0.03868602728901609,-0.0212500739399678,159.00506566292015,159.00506566292017,0.03868602728901609,0.03468285552874356,-0.0212500739399678,-0.0001917706941348045,1979.7916666666595,2008.124999999967,
