method_name,method_class,c/r,smooth_r,avg_unc.(1se),#q<0.5,#q<0.1,q_min,q_small5,log-likeli,RMS,bias,tlog-l,100log-l,100RMS,75RMS,100bias,bias50,xyear0.5,xyear1.0,xyear1.5
cent20y,42/1_Run_Means,r,1.0,0.02709964305501444,0,0,1.0,1.0,2.700704148594601,0.0,0.0,418.60914303216316,243.51898809161855,0.0,0.0,0.0,0.0,1985.791666666654,2012.0416666666301,
GWI_anthro_CGWL,43/3_Human_Induced,c,2.7972838942784364,0.07891745981438845,0,0,0.9927454962462555,0.9927454962462555,1.4510007104147677,0.03725609500903727,-0.002994104735914293,103.02105043944852,103.02105043944852,0.03725609500903727,0.03725609500903726,-0.002994104735914293,-0.020840573699771273,1986.45833333332,2015.0416666666274,
GWI_anthro_SR15,43/3_Human_Induced,c,2.5514025975820287,0.07112196620251185,0,0,0.9893677381229489,0.9893677381229489,1.4545701982638555,0.04731545955152085,0.0029105774570976103,103.27448407673374,103.27448407673376,0.04731545955152085,0.04731545955152085,0.0029105774570976103,-0.021146056859597303,1986.6249999999866,2015.1249999999607,
GWI_anthro,43/3_Human_Induced,c,2.653961078920364,0.0741051287180823,0,0,0.9917122870032388,0.9917122870032388,1.459217553932729,0.043139698930911324,0.0012859598619000695,103.60444632922376,103.60444632922375,0.043139698930911324,0.043139698930911324,0.0012859598619000695,-0.020010058096080537,1986.2916666666536,2015.0416666666274,
FaIR_nonat_unB,43/1_ERF_FaIR,c,2.226357101892834,0.02816469438693246,0,0,0.5139714625445897,0.5139714625445897,2.098770769774903,0.02910717193346783,0.01642135511967858,190.98814004951618,190.98814004951618,0.029107171933467832,0.029621438039652934,0.016421355119678578,0.019131504870408256,1985.791666666654,2012.1249999999634,
FaIR_anthro_unB,43/1_ERF_FaIR,c,2.5926008520093227,0.024071302883077288,28,0,0.2893481717011129,0.2893481717011129,1.9256537252195087,0.03234162759929903,0.016763233114494566,175.2344889949753,175.23448899497527,0.03234162759929903,0.03319660078792138,0.016763233114494566,0.02258335154309068,1984.791666666655,2012.3749999999632,
