method_name,method_class,c/r,smooth_r,avg_unc.(1se),#q<0.5,#q<0.1,q_min,q_small5,log-likeli,RMS,bias,tlog-l,100log-l,100RMS,75RMS,100bias,bias50,xyear0.5,xyear1.0,xyear1.5
cent20y,42/1_Run_Means,r,1.0,0.029611351022874707,0,0,1.0,1.0,2.6142733536280742,0.0,0.0,405.2123698123515,233.31874386605122,0.0,0.0,0.0,0.0,1984.624999999982,2010.7083333332916,
lowess1dg20wnc,42/3_ST_Fits,c,3.5761631000819367,0.19580510172862053,0,0,0.9994347510972944,0.9994347510972944,0.6993162978305087,0.05624509884352716,-0.012628970187402175,108.39402616372885,43.343646365687434,0.05964226129197038,0.04743618408815362,-0.016159733194052756,-0.03601055684762628,1986.6249999999802,2013.708333333289,
Kal_flexLin,42/5_Kalman,c,4.750921910272468,0.05317657451406971,14,0,0.21045670417440407,0.24536325100693113,1.4510757162382704,0.05551689433191859,-0.00866696222778004,224.9167360169319,129.74985520242626,0.05610943071362589,0.040441063280179816,-0.011088750638965264,-0.02513995948655099,1983.7083333333162,2014.041666666622,
GAM_AR1,42/4_GAM_AR1,c,8.475401831456438,0.047489636626621715,44,17,4.5840296467471665e-11,2.227744428943943e-05,0.5325005581602802,0.06960291133230344,-0.0134162851256735,72.4200759097981,3.142561155925282,0.07693463156533416,0.04913125166670622,-0.016913234198269882,-0.027722770909087247,1982.958333333317,2013.6249999999557,
CGWL10y_sfUKCP,44/44_EarthModel_CGWL,c,6.172287358596739,0.05073378881619823,0,0,0.8406060606060607,0.8406060606060607,1.5390292544172053,0.04931978602865358,0.00014684464040892894,224.69827114491198,135.42297411963037,0.049777484311217556,0.03724983964930549,-0.007166361030794529,0.003307356129860852,1985.4583333333146,2009.874999999959,
