method_name,method_class,c/r,smooth_r,avg_unc.(1se),#q<0.5,#q<0.1,q_min,q_small5,log-likeli,RMS,bias,tlog-l,100log-l,100RMS,75RMS,100bias,bias50,xyear0.5,xyear1.0,xyear1.5
cent20y,42/1_Run_Means,r,1.0,0.026919873228312612,0,0,1.0,1.0,2.707988826041624,0.0,0.0,419.7382680364517,244.32483181204975,0.0,0.0,0.0,0.0,1986.9583333333196,2012.4583333332964,
GWI_anthro_CGWL,43/3_Human_Induced,c,2.9086227615110167,0.08180767606463958,0,0,0.9984384838477066,0.9984384838477066,1.528212383777602,0.024743257054176376,0.002950583621369056,108.50307924820974,108.50307924820974,0.024743257054176376,0.024743257054176376,0.002950583621369056,0.002972475070474287,1986.6249999999866,2014.5416666666279,
GWI_anthro_SR15,43/3_Human_Induced,c,2.6589858319345794,0.07353985361790348,0,0,0.9624818084259024,0.9624818084259024,1.545732492152539,0.035125520306539475,0.004791555835474829,109.74700694283027,109.74700694283025,0.035125520306539475,0.035125520306539475,0.004791555835474829,-0.0041764474515654975,1987.0416666666529,2014.7916666666276,
GWI_anthro,43/3_Human_Induced,c,2.7133173205947534,0.07684360462272292,0,0,0.9930153700540345,0.9930153700540345,1.542852934479752,0.030545549269034956,0.00454222508541857,109.54255834806239,109.54255834806239,0.030545549269034952,0.030545549269034952,0.00454222508541857,-0.000415308739712058,1986.5416666666533,2014.6249999999611,
FaIR_nonat_unB,43/1_ERF_FaIR,c,2.809157737356148,0.028335634919008527,24,0,0.2164090368608799,0.3091557669441142,1.883671576081404,0.03507245599949714,0.02547259366892376,171.41411342340777,171.4141134234078,0.03507245599949714,0.03141649030916753,0.02547259366892376,0.01789391531679607,1987.0416666666529,2012.624999999963,
FaIR_anthro_unB,43/1_ERF_FaIR,c,2.8159932115144075,0.024158539184370637,44,0,0.2164090368608799,0.2164090368608799,1.4340139229970486,0.03921722709435221,0.030160604445844848,130.49526699273142,130.49526699273142,0.03921722709435221,0.03871386255996913,0.030160604445844848,0.025968356389967837,1985.6249999999875,2012.7916666666295,
