method_name,method_class,c/r,smooth_r,avg_unc.(1se),#q<0.5,#q<0.1,q_min,q_small5,log-likeli,RMS,bias,tlog-l,100log-l,100RMS,75RMS,100bias,bias50,xyear0.5,xyear1.0,xyear1.5
cent20y,42/1_Run_Means,r,1.0,0.028875526556600105,0,0,1.0,1.0,2.6354194294806064,0.0,0.0,408.49001156949396,237.56897759511756,0.0,0.0,0.0,0.0,1985.874999999981,2011.3749999999577,
lowess1dg20wnc,42/3_ST_Fits,c,3.473969342191469,0.04930577284178967,0,0,0.5419340769156781,0.5419340769156781,1.5518394653987957,0.049299387107475744,-0.015318149969864686,240.53511713681334,148.9208415664151,0.04574497674979545,0.04984068218389197,-0.011910633163104261,-0.040171707847424645,1988.6249999999784,2014.2916666666217,
Kal_flexLin,42/5_Kalman,c,4.771427247071752,0.05317657451406971,0,0,0.9663217155881528,0.9663217155881528,1.6617528655332932,0.045440129729565154,-0.008581566106959617,257.57169415766043,154.84662020293706,0.042505943791669804,0.04565828377673299,-0.008107422007229559,-0.028812745678211016,1987.6249999999793,2014.4583333332882,
GAM_AR1,42/4_GAM_AR1,c,6.5047583003733145,0.046735990544856866,9,6,0.00047354431911627177,0.02194125020705989,1.3579264885962652,0.05128453197866923,-0.008925924303530949,184.67800244909208,149.53769804664356,0.04485065707966334,0.04819748153825605,-0.006752675066545463,-0.02977842198774817,1987.4583333333128,2014.374999999955,
CGWL10y_sfUKCP,44/44_EarthModel_CGWL,c,5.927373963317351,0.05037160095187926,0,0,0.9411570247933885,0.9411570247933885,1.7355920352012797,0.039860382085746826,0.004962166389193332,253.39643713938685,153.63895184977505,0.03870187924019464,0.03936643447534537,-0.0015623821917483492,-0.0009313903804111332,1987.4583333333128,2013.5416666666224,
