method_name,method_class,c/r,smooth_r,avg_unc.(1se),#q<0.5,#q<0.1,q_min,q_small5,log-likeli,RMS,bias,tlog-l,100log-l,100RMS,75RMS,100bias,bias50,xyear0.5,xyear1.0,xyear1.5
cent20y,42/1_Run_Means,r,1.0,0.03161553495855497,0,0,1.0,1.0,2.549610869853741,0.0,0.0,395.18968482732987,234.65628662133585,0.0,0.0,0.0,0.0,1987.1249999999861,2013.291666666629,
GWI_anthro_CGWL,43/3_Human_Induced,c,2.6930363508192556,0.0884391931649248,0,0,0.9719012408994018,0.9719012408994018,1.3100643029053425,0.0643401806414363,0.019684652753714643,93.01456550627931,93.0145655062793,0.0643401806414363,0.0643401806414363,0.019684652753714643,0.05491830888881751,1983.7916666666558,2014.1249999999616,
GWI_anthro_SR15,43/3_Human_Induced,c,2.439454758598257,0.07913117748746085,0,0,0.9912426817864113,0.9912426817864113,1.3923964251644587,0.0571018765905476,0.01636811468893836,98.86014618667657,98.86014618667656,0.0571018765905476,0.0571018765905476,0.01636811468893836,0.039667789606672575,1986.0416666666538,2014.3749999999613,
GWI_anthro,43/3_Human_Induced,c,2.5531542694061082,0.08296981556282151,0,0,0.9874847316958768,0.9874847316958768,1.3607541311685998,0.05961040849781751,0.017835666047471006,96.61354331297058,96.61354331297056,0.05961040849781753,0.05961040849781751,0.017835666047471006,0.04652418437905367,1984.6249999999884,2014.2083333332948,
FaIR_nonat_unB,43/1_ERF_FaIR,c,2.1602350741008167,0.025721449951387455,29,0,0.12984542211652794,0.12984542211652794,1.5375708414872586,0.03849469793327007,0.02274077827175593,139.91894657534053,139.9189465753405,0.038494697933270074,0.02900783066240789,0.02274077827175593,0.01289603256997428,1987.374999999986,2013.4583333332955,
FaIR_anthro_unB,43/1_ERF_FaIR,c,2.122895558653271,0.02365162241856414,45,0,0.1336515513126492,0.1336515513126492,0.9192150021318406,0.042504256307754916,0.033649009024501714,83.6485651939975,83.6485651939975,0.042504256307754916,0.03756759514670071,0.03364900902450172,0.030014962932208334,1986.2083333333203,2013.0416666666292,
