method_name,method_class,c/r,smooth_r,avg_unc.(1se),#q<0.5,#q<0.1,q_min,q_small5,log-likeli,RMS,bias,tlog-l,100log-l,100RMS,75RMS,100bias,bias50,xyear0.5,xyear1.0,xyear1.5
cent20y,42/1_Run_Means,r,1.0,0.027190181844189365,0,0,1.0,1.0,2.697964720974187,0.0,0.0,418.184531750999,244.05281934388586,0.0,0.0,0.0,0.0,1987.1249999999798,2013.4583333332891,
lowess1dg20wnc,42/3_ST_Fits,c,3.624800508131645,0.04545089739435193,46,0,0.33617477281549224,0.40956670803374434,1.5016295183492117,0.048201446366455784,-0.012618125867124536,232.75257534412782,142.47656768587146,0.047394523304325906,0.046304379777193455,-0.014615321719236577,-0.04049483369057631,1989.3749999999777,2015.374999999954,
Kal_flexLin,42/5_Kalman,c,5.0071131289509525,0.05317657451406971,0,0,0.8348367775942744,0.8348367775942744,1.6418656460555394,0.046614578012053334,-0.010885944988558641,254.4891751386086,153.76485162168456,0.0431807793454287,0.043201405396649836,-0.009819071722993733,-0.029220746392400687,1988.0416666666456,2015.2916666666208,
GAM_AR1,42/4_GAM_AR1,c,7.552911898988644,0.043871410013628126,34,4,0.007464397624783611,0.12305799146883718,1.2852124320073075,0.05359982245478962,-0.006534499264080053,174.7888907529938,125.19355258456014,0.050277920108975103,0.045749868373401316,-0.014447678608244906,-0.03153443910756773,1987.874999999979,2015.2083333332876,
CGWL10y_sfUKCP,44/44_EarthModel_CGWL,c,6.21814083928227,0.05035731314170745,0,0,0.8530337078651685,0.8530337078651685,1.56459139614656,0.04611693818291412,-0.00023329937445659623,228.43034383739777,148.61586735470541,0.0413405687207081,0.040147240926902195,0.002395127557046149,0.004865023465714465,1987.874999999979,2014.9583333332878,
