method_name,method_class,c/r,smooth_r,avg_unc.(1se),#q<0.5,#q<0.1,q_min,q_small5,log-likeli,RMS,bias,tlog-l,100log-l,100RMS,75RMS,100bias,bias50,xyear0.5,xyear1.0,xyear1.5
cent20y,42/1_Run_Means,r,1.0,0.02684086262375793,0,0,1.0,1.0,2.7108634764068054,0.0,0.0,420.18383884305484,244.64883540436676,0.0,0.0,0.0,0.0,1988.8749999999782,,
lowess1dg20wnc,42/3_ST_Fits,c,3.7023285804293073,0.04530324671141091,47,0,0.138799042231457,0.41243196261341997,1.459901337041113,0.04918217589832618,-0.012649360879293038,226.2847072413725,140.60436298369544,0.049362246632470845,0.04999560558611462,-0.014107159150593199,-0.04676717669226822,1990.7083333333098,2016.0416666666201,
Kal_flexLin,42/5_Kalman,c,4.98902508116158,0.05317657451406971,0,0,0.8197264030541511,0.8197264030541511,1.6225665732113104,0.04762217815190705,-0.011411939870914198,251.4978188477531,151.4684477834125,0.0445794885958754,0.04660451175634334,-0.00956785154693338,-0.03460395153944908,1989.791666666644,2015.708333333287,
GAM_AR1,42/4_GAM_AR1,c,8.855039823924368,0.041028636459307224,66,21,2.1555927534206732e-07,2.4577814947190225e-05,0.4490231424971315,0.06332897045424307,-0.010291847474914547,61.067147379609885,10.56989156905546,0.06485471465449101,0.06799978889107006,-0.02225676674313664,-0.05702427568168793,1990.7083333333098,2015.6249999999538,
CGWL10y_sfUKCP,44/44_EarthModel_CGWL,c,6.831569176075314,0.05030365891514286,0,0,0.8539622641509433,0.8539622641509433,1.5558017553357946,0.046902641284495866,-0.00021506805622427804,227.147056279026,149.7886332068635,0.042854893292589395,0.04309678209207729,0.005607395042217577,0.0066972957004118126,1989.9583333333105,2015.6249999999538,
