method_name,method_class,c/r,smooth_r,avg_unc.(1se),#q<0.5,#q<0.1,q_min,q_small5,log-likeli,RMS,bias,tlog-l,100log-l,100RMS,75RMS,100bias,bias50,xyear0.5,xyear1.0,xyear1.5
cent20y,42/1_Run_Means,r,1.0,0.028875526556600105,0,0,1.0,1.0,2.6354194294806064,0.0,0.0,408.49001156949396,237.56897759511756,0.0,0.0,0.0,0.0,1985.8749999999873,2011.374999999964,
GWI_anthro_CGWL,43/3_Human_Induced,c,2.694231108077984,0.08867357817846361,0,0,0.9819060335859808,0.9819060335859808,1.2341441602041119,0.06971833311654588,0.01628679197967846,87.62423537449195,87.62423537449195,0.06971833311654588,0.06971833311654588,0.01628679197967846,0.057188605091788663,1983.4583333333228,2009.2916666666326,
GWI_anthro_SR15,43/3_Human_Induced,c,2.5144725873179765,0.07918195942418332,0,0,0.93542046734961,0.93542046734961,1.3471484917144971,0.060753389117871134,0.010960792129749545,95.6475429117293,95.6475429117293,0.06075338911787113,0.06075338911787113,0.010960792129749545,0.03904850266809354,1985.791666666654,2009.6249999999657,
GWI_anthro,43/3_Human_Induced,c,2.714612137210002,0.08322132807368317,0,0,0.9336539357957827,0.9336539357957827,1.3029677131353739,0.064044855149766,0.013083698266406405,92.51070763261154,92.51070763261153,0.064044855149766,0.064044855149766,0.013083698266406405,0.04698759802192718,1984.2916666666554,2009.9583333332987,
FaIR_nonat_unB,43/1_ERF_FaIR,c,1.9191659081284298,0.027551987332089564,24,0,0.20081221667561727,0.2596908442330559,1.2418005287200673,0.04444781478784621,0.031039399506697832,113.00384811352612,113.00384811352613,0.04444781478784621,0.030314968987032696,0.031039399506697832,0.01834982183492641,1986.3749999999868,2010.8749999999645,
FaIR_anthro_unB,43/1_ERF_FaIR,c,2.0795224780577217,0.024321609539127678,46,0,0.1245841958364351,0.1245841958364351,0.5372599334994862,0.04629739628919494,0.0352527438177252,48.89065394845325,48.89065394845325,0.04629739628919494,0.035858887281956485,0.0352527438177252,0.02397854481044142,1985.124999999988,2011.041666666631,
