method_name,method_class,c/r,smooth_r,avg_unc.(1se),#q<0.5,#q<0.1,q_min,q_small5,log-likeli,RMS,bias,tlog-l,100log-l,100RMS,75RMS,100bias,bias50,xyear0.5,xyear1.0,xyear1.5
cent20y,42/1_Run_Means,r,1.0,0.032108994973621144,0,0,1.0,1.0,2.5333118189698736,0.0,0.0,392.6633319403304,231.8207272498236,0.0,0.0,0.0,0.0,1990.958333333316,2014.9583333332941,
GWI_anthro_CGWL,43/3_Human_Induced,c,2.1609038788280364,0.08773260102251036,0,0,0.9907209156145853,0.9907209156145853,1.3246867161571305,0.05995813815060702,0.016567982451350875,94.05275684715627,94.05275684715627,0.05995813815060702,0.05995813815060702,0.016567982451350872,0.049843034487281036,1987.2083333333194,2015.1249999999607,
GWI_anthro_SR15,43/3_Human_Induced,c,1.9912096267444597,0.07854634891265491,0,0,0.9749628736292203,0.9749628736292203,1.4014630497890732,0.05417527410989951,0.013102927252916178,99.5038765350242,99.5038765350242,0.05417527410989951,0.054175274109899516,0.013102927252916178,0.03378066899521835,1987.7916666666522,2015.4583333332937,
GWI_anthro,43/3_Human_Induced,c,2.104552275388699,0.0823766357810953,0,0,0.9549553038812844,0.9549553038812844,1.3788958588960771,0.055237359017222896,0.014673622416507767,97.90160598162147,97.90160598162146,0.055237359017222896,0.055237359017222896,0.014673622416507763,0.04094815978303703,1987.2916666666526,2015.2916666666272,
FaIR_nonat_unB,43/1_ERF_FaIR,c,2.137148753027279,0.025149573585203765,48,16,0.003320514959041518,0.03684866045304671,-1.8467583131421597,0.05734181050597896,0.03446622893677022,-168.05500649593654,-168.0550064959365,0.05734181050597895,0.0421004293421526,0.03446622893677021,0.007463456279436877,1990.7916666666495,2015.208333333294,
FaIR_anthro_unB,43/1_ERF_FaIR,c,1.9948357283201987,0.023434679974867215,65,42,0.006954524185923577,0.00982772743869735,-5.15278457652126,0.06382981140238497,0.05202896777373556,-468.90339646343466,-468.90339646343455,0.06382981140238497,0.05387441843205835,0.05202896777373556,0.03225725314172871,1988.9583333333178,2014.6249999999611,
