method_name,method_class,c/r,smooth_r,avg_unc.(1se),#q<0.5,#q<0.1,q_min,q_small5,log-likeli,RMS,bias,tlog-l,100log-l,100RMS,75RMS,100bias,bias50,xyear0.5,xyear1.0,xyear1.5
cent20y,42/1_Run_Means,r,1.0,0.02887895793572621,0,0,1.0,1.0,2.6371934352656736,0.0,0.0,408.7649824661794,236.5545317987564,0.0,0.0,0.0,0.0,1985.6249999999875,2011.1249999999643,
GWI_anthro_CGWL,43/3_Human_Induced,c,2.7051352771215003,0.07735193446817556,0,0,0.992481837023464,0.992481837023464,1.3834997299487235,0.05417790118597821,-0.024197483392904937,98.22848082635937,98.22848082635937,0.05417790118597821,0.05417790118597821,-0.024197483392904937,0.0037501773276457807,1985.7083333333208,2013.2083333332957,
GWI_anthro_SR15,43/3_Human_Induced,c,2.4931093477879305,0.07106682840636226,0,0,0.9229247426361011,0.9229247426361011,1.495051544513647,0.049075124009050654,-0.019714598883713606,106.14865966046894,106.14865966046895,0.04907512400905065,0.04907512400905065,-0.019714598883713606,0.0002797830347948466,1986.124999999987,2013.4583333332955,
GWI_anthro,43/3_Human_Induced,c,2.6213370047133475,0.07353239099287524,0,0,0.9759984752069415,0.9759984752069415,1.4622391570781625,0.050596331782931735,-0.02080646456151642,103.81898015254954,103.81898015254953,0.050596331782931735,0.050596331782931735,-0.02080646456151642,0.002353864606680462,1985.458333333321,2013.3749999999623,
FaIR_nonat_unB,43/1_ERF_FaIR,c,1.94956436926044,0.02777936782986359,27,0,0.13388253111845208,0.24732461355529128,1.589649435496177,0.0391759332933393,0.026382838489187967,144.6580986301521,144.6580986301521,0.0391759332933393,0.033102787038602255,0.026382838489187967,0.02203599297711776,1984.458333333322,2011.1249999999643,
FaIR_anthro_unB,43/1_ERF_FaIR,c,1.9441995204540494,0.02427877694662119,41,0,0.1731272294887039,0.1731272294887039,1.4529471045484763,0.03767542900381081,0.02753449331090458,132.21818651391135,132.21818651391135,0.03767542900381081,0.03248892563120369,0.027534493310904573,0.023482122186194884,1983.6249999999893,2011.2916666666308,
