method_name,method_class,c/r,smooth_r,avg_unc.(1se),#q<0.5,#q<0.1,q_min,q_small5,log-likeli,RMS,bias,tlog-l,100log-l,100RMS,75RMS,100bias,bias50,xyear0.5,xyear1.0,xyear1.5
cent20y,42/1_Run_Means,r,1.0,0.026719735845147297,0,0,1.0,1.0,2.713137421665607,0.0,0.0,420.5363003581691,244.8719210640242,0.0,0.0,0.0,0.0,1988.9583333333178,2015.2916666666272,
GWI_anthro_CGWL,43/3_Human_Induced,c,2.730725790629985,0.07996024139150161,0,0,0.9795272525513449,0.9795272525513449,1.5092577158799023,0.028268810607562894,0.0004414467134011037,107.15729782747306,107.15729782747307,0.028268810607562894,0.028268810607562894,0.0004414467134011037,-0.005754723063650151,1988.6249999999848,2016.4583333332928,
GWI_anthro_SR15,43/3_Human_Induced,c,2.5210753060802946,0.07207262249262432,0,0,0.9426710360818803,0.9426710360818803,1.5026372111793922,0.04249985845986844,0.004637732112247937,106.68724199373685,106.68724199373685,0.04249985845986844,0.04249985845986845,0.004637732112247937,-0.01021402023628526,1989.1249999999843,2016.7916666666258,
GWI_anthro,43/3_Human_Induced,c,2.6469163140613956,0.07519771993458733,0,0,0.9737926335800763,0.9737926335800763,1.5089794787150157,0.03673584172202839,0.0037502371504610893,107.13754298876611,107.13754298876611,0.03673584172202839,0.03673584172202839,0.0037502371504610893,-0.00735894170702654,1988.708333333318,2016.541666666626,
FaIR_nonat_unB,43/1_ERF_FaIR,c,2.7184213984324166,0.028340783738057086,54,0,0.15447899268052162,0.15447899268052162,1.105610738456544,0.05108679494394716,0.03997590586077211,100.61057719954549,100.6105771995455,0.05108679494394716,0.04811730085536808,0.039975905860772126,0.02451251271797809,1988.6249999999848,2014.874999999961,
FaIR_anthro_unB,43/1_ERF_FaIR,c,2.317949866689326,0.024118588335068553,81,35,0.05902064641660361,0.05902064641660361,-0.5919283776429974,0.05867500382756869,0.05227299495023749,-53.86548236551277,-53.86548236551276,0.058675003827568684,0.059657629137558746,0.05227299495023749,0.043314510433576585,1987.4583333333192,2014.6249999999611,
