method_name,method_class,c/r,smooth_r,avg_unc.(1se),#q<0.5,#q<0.1,q_min,q_small5,log-likeli,RMS,bias,tlog-l,100log-l,100RMS,75RMS,100bias,bias50,xyear0.5,xyear1.0,xyear1.5
cent20y,42/1_Run_Means,r,1.0,0.031369043970214304,0,0,1.0,1.0,2.5562862639985062,0.0,0.0,396.22437091976843,232.55635842023923,0.0,0.0,0.0,0.0,1980.1249999999861,2006.7083333332953,
lowess1dg20wnc,42/3_ST_Fits,c,3.582332409473868,0.0606725201049342,11,0,0.4081888498354959,0.4081888498354959,1.3795043738880504,0.05697044210781753,-0.01003321603962503,213.8231779526478,120.11830594778652,0.056750670969611075,0.051114115596690636,-0.014003568739763321,-0.036881683718703415,1982.2916666666508,2006.5416666666288,
Kal_flexLin,42/5_Kalman,c,4.95000474563951,0.05317657451406971,14,0,0.2864517170198496,0.2864517170198496,1.44735578618206,0.05623232510354746,-0.0109483292668923,224.3401468582193,133.7763948857821,0.054157502595590726,0.04232947306467995,-0.009302280037370622,-0.02559167516762233,1980.6249999999857,2006.0416666666292,
GAM_AR1,42/4_GAM_AR1,c,7.574586351869989,0.05683457107175246,19,0,0.3121511451045823,0.44996535738618954,1.3145432547006553,0.061045138374848026,-0.006633175646560018,178.77788263928912,122.71496038102833,0.0586807169651152,0.04851308625893043,-0.013363879373557045,-0.0313726859355923,1980.7916666666522,2006.4583333332955,
CGWL10y_sfUKCP,44/44_EarthModel_CGWL,c,5.808412206418956,0.05095024451373085,0,0,0.8651851851851853,0.8651851851851853,1.5694787468108282,0.04694264817102656,-0.005214641529425111,229.14389703438093,136.47393236606536,0.048765314734599656,0.038818285704493756,-0.006815933365296257,0.0011086409593820692,1980.2916666666526,2004.708333333297,
