method_name,method_class,c/r,smooth_r,avg_unc.(1se),#q<0.5,#q<0.1,q_min,q_small5,log-likeli,RMS,bias,tlog-l,100log-l,100RMS,75RMS,100bias,bias50,xyear0.5,xyear1.0,xyear1.5
cent20y,42/1_Run_Means,r,1.0,0.03021889285564636,0,0,1.0,1.0,2.594077316301561,0.0,0.0,402.08198402674196,238.7021870794736,0.0,0.0,0.0,0.0,1985.0416666666547,2010.374999999965,
GWI_anthro_CGWL,43/3_Human_Induced,c,2.4712305359007063,0.08211513777142375,0,0,0.9371830288091539,0.9371830288091539,1.324303124373112,0.0618894799497678,0.004667689412428766,94.02552183049096,94.02552183049096,0.06188947994976781,0.06188947994976781,0.004667689412428766,0.04194610491879524,1982.87499999999,2009.1249999999661,
GWI_anthro_SR15,43/3_Human_Induced,c,2.2932089441954795,0.07390348112006279,0,0,0.9140922487905381,0.9140922487905381,1.4289662398715268,0.05613555096876267,0.002508904645873446,101.4566030308784,101.4566030308784,0.05613555096876267,0.05613555096876267,0.0025089046458734465,0.029104339854522814,1985.0416666666547,2009.2083333332994,
GWI_anthro,43/3_Human_Induced,c,2.424886398601131,0.0773524345958718,0,0,0.9215924049762251,0.9215924049762251,1.4017666684190742,0.057450370682477256,0.0033343207529709447,99.52543345775426,99.52543345775426,0.057450370682477256,0.057450370682477256,0.0033343207529709443,0.034750948387041944,1983.7083333333226,2009.5416666666324,
FaIR_nonat_unB,43/1_ERF_FaIR,c,4.7053258894043655,0.02737703752216678,58,35,3.6500479906824722e-22,8.979628820574508e-20,-1093.7765234558763,0.3908099438852409,0.2362866404363768,-99533.66363448474,-99533.66363448472,0.39080994388524093,0.27422406760765294,0.2362866404363768,-0.0032881262084956168,1986.2916666666536,2011.374999999964,
