method_name,method_class,c/r,smooth_r,avg_unc.(1se),#q<0.5,#q<0.1,q_min,q_small5,log-likeli,RMS,bias,tlog-l,100log-l,100RMS,75RMS,100bias,bias50,xyear0.5,xyear1.0,xyear1.5
cent20y,42/1_Run_Means,r,1.0,0.028894750184306952,0,0,1.0,1.0,2.6353216496304297,0.0,0.0,408.4748556927166,238.124120984507,0.0,0.0,0.0,0.0,1987.6249999999857,2012.7083333332962,
GWI_anthro_CGWL,43/3_Human_Induced,c,2.6979449431491407,0.0831498639497144,0,0,0.992782390102486,0.992782390102486,1.3679806865460389,0.053846897270925204,-0.010975348516541741,97.12662874476877,97.12662874476877,0.053846897270925204,0.053846897270925204,-0.010975348516541741,0.016790287913716572,1987.0416666666529,2014.2083333332948,
GWI_anthro_SR15,43/3_Human_Induced,c,2.496838148450382,0.07534763703235792,0,0,0.9078841987337251,0.9078841987337251,1.4601453891744962,0.050206671489555973,-0.01072791329238216,103.67032263138923,103.67032263138923,0.05020667148955597,0.05020667148955597,-0.01072791329238216,0.006282022301187162,1987.5416666666524,2014.6249999999611,
GWI_anthro,43/3_Human_Induced,c,2.6283123904709895,0.07855542785444039,0,0,0.9753254228643395,0.9753254228643395,1.4367746426177475,0.05060170655548043,-0.010398870293105135,102.01099962586007,102.01099962586008,0.05060170655548043,0.05060170655548043,-0.010398870293105133,0.011245046594212615,1987.0416666666529,2014.3749999999613,
FaIR_nonat_unB,43/1_ERF_FaIR,c,2.2981554880034962,0.027775530371099106,46,0,0.10696908901982541,0.10696908901982541,1.0594670951539185,0.05049493193156111,0.03769583975977746,96.41150565900658,96.4115056590066,0.05049493193156111,0.03983592367501358,0.03769583975977745,0.017105997595284292,1988.1249999999852,2013.3749999999623,
FaIR_anthro_unB,43/1_ERF_FaIR,c,2.1952979425031023,0.024153490339631094,71,46,0.08501783590963138,0.08501783590963138,-0.029203625365546937,0.0547858266476347,0.04627041028674645,-2.657529908264771,-2.6575299082647703,0.0547858266476347,0.049037274731812665,0.046270410286746465,0.029647246440369878,1986.124999999987,2013.2083333332957,
