method_name,method_class,c/r,smooth_r,avg_unc.(1se),#q<0.5,#q<0.1,q_min,q_small5,log-likeli,RMS,bias,tlog-l,100log-l,100RMS,75RMS,100bias,bias50,xyear0.5,xyear1.0,xyear1.5
cent20y,42/1_Run_Means,r,1.0,0.029005350678487023,0,0,1.0,1.0,2.6394072707854366,0.0,0.0,409.10812697174265,241.19297627331906,0.0,0.0,0.0,0.0,1984.5416666666551,2010.2916666666317,
GWI_anthro_CGWL,43/3_Human_Induced,c,2.5178736992077715,0.07073072697649796,0,0,0.6228307568888206,0.6228307568888206,1.266369896285244,0.06714606411363923,-0.06098540408655978,89.91226263625234,89.91226263625234,0.06714606411363923,0.06714606411363923,-0.06098540408655978,-0.05865398688245355,1987.0416666666529,2014.6249999999611,
GWI_anthro_SR15,43/3_Human_Induced,c,2.3011113607050833,0.06588734104232002,0,0,0.7946332822001455,0.7946332822001455,1.4250181928015704,0.056895650938340044,-0.0478955951772221,101.17629168891149,101.17629168891149,0.056895650938340044,0.05689565093834005,-0.04789559517722209,-0.04756323282298333,1986.8749999999864,2014.5416666666279,
GWI_anthro,43/3_Human_Induced,c,2.342296884119033,0.06763593458324157,0,0,0.7337438140536157,0.7337438140536157,1.3763851737308934,0.05969250355150331,-0.052146458766207875,97.72334733489343,97.72334733489343,0.05969250355150331,0.05969250355150331,-0.052146458766207875,-0.05153977952521756,1986.8749999999864,2014.5416666666279,
FaIR_nonat_unB,43/1_ERF_FaIR,c,5.268219842739885,0.028573316226766586,70,44,3.996577496565214e-22,1.5996585749432896e-21,-1092.3206004079652,0.40361390638036326,0.241451606832348,-99401.17463712483,-99401.17463712483,0.40361390638036326,0.29451731585155,0.241451606832348,-0.004323638503170839,1984.9583333333214,2011.4583333332973,
FaIR_anthro_unB,43/1_ERF_FaIR,c,5.375573640941021,0.025228434167476405,81,44,4.3592199296765187e-29,8.291284345221281e-29,-1835.0055358513648,0.3820305359536434,0.21791737465305555,-166985.5037624742,-166985.5037624742,0.3820305359536434,0.2806761850184715,0.21791737465305555,-0.02398186403299094,1985.8749999999873,2012.624999999963,
