method_name,method_class,c/r,smooth_r,avg_unc.(1se),#q<0.5,#q<0.1,q_min,q_small5,log-likeli,RMS,bias,tlog-l,100log-l,100RMS,75RMS,100bias,bias50,xyear0.5,xyear1.0,xyear1.5
cent20y,42/1_Run_Means,r,1.0,0.03259149361618167,0,0,1.0,1.0,2.521312433666667,0.0,0.0,390.80342721833335,233.35492933120236,0.0,0.0,0.0,0.0,1985.124999999988,2010.4583333332982,
GWI_anthro_CGWL,43/3_Human_Induced,c,2.3822023177352816,0.09350268685467968,0,0,0.9022385323536961,0.9022385323536961,1.1040708818674114,0.0855955111155328,0.018262469986358557,78.3890326125862,78.3890326125862,0.0855955111155328,0.0855955111155328,0.018262469986358557,0.06754963723425172,1980.5416666666588,2009.2083333332994,
GWI_anthro_SR15,43/3_Human_Induced,c,2.159322935796392,0.08346508933393158,0,0,0.961169820455853,0.961169820455853,1.2323668703191188,0.07174159822318862,0.011291381772591714,87.49804779265743,87.49804779265743,0.07174159822318864,0.07174159822318864,0.011291381772591714,0.04813117062977461,1983.6249999999893,2009.374999999966,
GWI_anthro,43/3_Human_Induced,c,2.3793732412171456,0.08762374815153756,0,0,0.9127658481232126,0.9127658481232126,1.178023496220552,0.07733990753418263,0.013826729612884236,83.63966823165919,83.63966823165919,0.07733990753418264,0.07733990753418263,0.013826729612884236,0.05650973893999704,1982.3749999999905,2009.708333333299,
FaIR_nonat_unB,43/1_ERF_FaIR,c,1.956249940643259,0.0243854671732249,7,0,0.15096454891032363,0.3029726516052319,1.9695076685324373,0.030638409738800963,0.0013299770930820243,179.2251978364518,179.2251978364518,0.030638409738800963,0.023717592002022215,0.001329977093082025,0.0035941127271613645,1986.124999999987,2011.4583333332973,
FaIR_anthro_unB,43/1_ERF_FaIR,c,1.7776562613722962,0.02318896314108089,26,0,0.21374431417812578,0.21374431417812578,1.7831576553029267,0.03302244875562417,0.009272124385794688,162.26734663256633,162.26734663256627,0.03302244875562417,0.028808219546481852,0.009272124385794688,0.018272013480056387,1985.2916666666545,2010.9583333332978,
