method_name,method_class,c/r,smooth_r,avg_unc.(1se),#q<0.5,#q<0.1,q_min,q_small5,log-likeli,RMS,bias,tlog-l,100log-l,100RMS,75RMS,100bias,bias50,xyear0.5,xyear1.0,xyear1.5
cent20y,42/1_Run_Means,r,1.0,0.030415541666759242,0,0,1.0,1.0,2.583998347152799,0.0,0.0,400.51974380868387,233.87026438924102,0.0,0.0,0.0,0.0,1985.7916666666476,2010.791666666625,
lowess1dg20wnc,42/3_ST_Fits,c,3.8081544176745186,0.05328497963019375,14,0,0.3271830221186432,0.3271830221186432,1.3371359979077295,0.0578991260673136,-0.016159263775366063,207.25607967569806,121.92660948108835,0.057106286937797734,0.054279395468065296,-0.01429410456878688,-0.04288300951776044,1987.874999999979,2014.2083333332885,
Kal_flexLin,42/5_Kalman,c,5.127070297218412,0.05317657451406971,10,0,0.3958690052313436,0.3958690052313436,1.525879483457783,0.05225279404887639,-0.010490681677257916,236.51131993595635,140.85498746943608,0.05054363147165892,0.04593740734850832,-0.009949261001782554,-0.030019824457068512,1987.2916666666463,2014.2916666666217,
GAM_AR1,42/4_GAM_AR1,c,7.455144453756908,0.05212234987024847,35,8,0.001110749868414193,0.004148997806201874,1.0219581144509249,0.06685840685397651,-0.016850110616779906,138.98630356532578,118.81652659295594,0.05711110776648461,0.04890228351094406,-0.014085181592446556,-0.030045851588733453,1986.87499999998,2014.2083333332885,
CGWL10y_sfUKCP,44/44_EarthModel_CGWL,c,6.073663082917983,0.05047544160437199,0,0,0.9540594059405941,0.9540594059405941,1.713491798058534,0.0415478447413175,0.002186873531892388,250.16980251654596,149.49237462865824,0.04337746317629457,0.03682262530329034,-0.0013666619541788142,0.003018332525072084,1986.6249999999802,2013.374999999956,
