method_name,method_class,c/r,smooth_r,avg_unc.(1se),#q<0.5,#q<0.1,q_min,q_small5,log-likeli,RMS,bias,tlog-l,100log-l,100RMS,75RMS,100bias,bias50,xyear0.5,xyear1.0,xyear1.5
cent20y,42/1_Run_Means,r,1.0,0.032538139523297635,0,0,1.0,1.0,2.522050801258456,0.0,0.0,390.9178741950607,233.25549048620596,0.0,0.0,0.0,0.0,1985.4583333333146,2010.7083333332916,
lowess1dg20wnc,42/3_ST_Fits,c,3.7211116159578728,0.06675111868005196,3,0,0.2655268875213588,0.9007390449206719,1.354795545737211,0.058996029085682224,-0.017120715854421424,209.99330958926768,140.1771894688685,0.045750760467907006,0.043715450838674036,-0.009813639040246784,-0.039246134655533206,1988.208333333312,2014.041666666622,
Kal_flexLin,42/5_Kalman,c,5.17298125183017,0.05317657451406971,3,3,0.0770399263867565,0.5570898158851223,1.4562105644603196,0.055313166464696584,-0.0088769711158175,225.71263749134954,147.94557258768685,0.04664376954755055,0.041546388201359176,-0.00707339229616996,-0.029101096934305758,1987.541666666646,2014.2083333332885,
GAM_AR1,42/4_GAM_AR1,c,5.726524688288231,0.06148792499326517,13,3,0.06519345141068204,0.20256754171948402,1.2777468529973524,0.05787137122656887,-0.006592271079739536,173.77357200763993,137.8097201373565,0.047997010093050005,0.04379508595066007,-0.004993555428758614,-0.03331162205532265,1987.6249999999793,2014.041666666622,
CGWL10y_sfUKCP,44/44_EarthModel_CGWL,c,5.8278204895253305,0.05031916398194528,0,0,0.8716417910447761,0.8716417910447761,1.6359175038666918,0.046132638195292,0.0030365551295766157,238.843955564537,145.82450654526713,0.045835281093644056,0.04133195116268823,-0.002732337636152882,0.0020566957284594055,1987.208333333313,2013.0416666666229,
