method_name,method_class,c/r,smooth_r,avg_unc.(1se),#q<0.5,#q<0.1,q_min,q_small5,log-likeli,RMS,bias,tlog-l,100log-l,100RMS,75RMS,100bias,bias50,xyear0.5,xyear1.0,xyear1.5
cent20y,42/1_Run_Means,r,1.0,0.028506602834704232,0,0,1.0,1.0,2.6575234325029586,0.0,0.0,411.9161320379586,241.91033825803578,0.0,0.0,0.0,0.0,1983.3749999999895,2009.7916666666322,
GWI_anthro_CGWL,43/3_Human_Induced,c,2.7166743367819404,0.0721971268185523,0,0,0.8702996569962328,0.8702996569962328,1.3738250774508707,0.058269625584899364,-0.049869352910693214,97.54158049901181,97.54158049901181,0.058269625584899364,0.058269625584899364,-0.04986935291069322,-0.057041270843181634,1986.6249999999866,2014.6249999999611,
GWI_anthro_SR15,43/3_Human_Induced,c,2.482914598601747,0.06689979688519232,0,0,0.9981264032379982,0.9981264032379982,1.47495128173055,0.05189325523274041,-0.03804620334980113,104.72154100286905,104.72154100286906,0.0518932552327404,0.0518932552327404,-0.038046203349801126,-0.04867377922248088,1986.45833333332,2014.6249999999611,
GWI_anthro,43/3_Human_Induced,c,2.529515099411578,0.06883460177734735,0,0,0.9825986099708452,0.9825986099708452,1.4536735391183826,0.05318502665197385,-0.04173555920042684,103.21082127740516,103.21082127740516,0.05318502665197385,0.05318502665197385,-0.04173555920042684,-0.0513044458623664,1986.3749999999868,2014.5416666666279,
FaIR_nonat_unB,43/1_ERF_FaIR,c,2.0168413825737583,0.027924970094682335,3,0,0.36068172810146654,0.525564803804994,2.158803639206307,0.027881793029177513,0.01332194043385544,196.45113116777392,196.45113116777392,0.027881793029177513,0.02865294439947937,0.013321940433855444,0.01565263890668595,1983.3749999999895,2010.5416666666315,
FaIR_anthro_unB,43/1_ERF_FaIR,c,2.125334723539684,0.024187581320743022,0,0,0.8991643080839377,0.8991643080839377,2.3582390166958276,0.023767765768836865,0.008442744038694928,214.5997505193203,214.5997505193203,0.023767765768836865,0.024378737145231977,0.008442744038694928,0.010208649866782153,1981.5416666666579,2011.1249999999643,
