method_name,method_class,c/r,smooth_r,avg_unc.(1se),#q<0.5,#q<0.1,q_min,q_small5,log-likeli,RMS,bias,tlog-l,100log-l,100RMS,75RMS,100bias,bias50,xyear0.5,xyear1.0,xyear1.5
cent20y,42/1_Run_Means,r,1.0,0.03057134785666149,0,0,1.0,1.0,2.58039351685681,0.0,0.0,399.96099511280556,236.51281458897924,0.0,0.0,0.0,0.0,1984.9583333333214,2010.4583333332982,
GWI_anthro_CGWL,43/3_Human_Induced,c,2.530014641498649,0.08532588349063858,0,0,0.92900458368977,0.92900458368977,1.281167014436478,0.06690033814233892,0.006191492754084718,90.96285802498993,90.96285802498993,0.06690033814233892,0.06690033814233892,0.006191492754084718,0.045869482470554356,1982.7916666666567,2009.374999999966,
GWI_anthro_SR15,43/3_Human_Induced,c,2.3347735252439334,0.0765870029069227,0,0,0.9382826028223272,0.9382826028223272,1.3678108216604103,0.06159421572563389,0.0028534696630643807,97.11456833788914,97.11456833788915,0.06159421572563389,0.06159421572563389,0.0028534696630643807,0.031253742958839516,1984.8749999999882,2009.4583333332992,
GWI_anthro,43/3_Human_Induced,c,2.475575707821242,0.08026837055147273,0,0,0.926182663342466,0.926182663342466,1.3425087376961835,0.06310277725623596,0.004185358259146619,95.31812037642902,95.31812037642902,0.06310277725623598,0.06310277725623596,0.004185358259146619,0.03768988562275224,1983.6249999999893,2009.7916666666322,
FaIR_nonat_unB,43/1_ERF_FaIR,c,4.4662288265855965,0.02715318089483991,47,37,6.675272783701552e-21,6.675272783701552e-21,-1119.09185108017,0.38957540812894864,0.2403998804083929,-101837.35844829548,-101837.35844829546,0.38957540812894864,0.27856202166049837,0.2403998804083929,0.003851452895688526,1985.5416666666542,2011.041666666631,
FaIR_anthro_unB,43/1_ERF_FaIR,c,4.299032764856974,0.024468856556950632,41,35,8.79420436600947e-27,1.6695614273631572e-24,-1649.5105556403578,0.37153436399068324,0.22874339625780915,-150105.46056327256,-150105.46056327253,0.3715343639906833,0.2654355707785369,0.22874339625780915,-0.0006752187733561116,1985.124999999988,2011.5416666666306,
