method_name,method_class,c/r,smooth_r,avg_unc.(1se),#q<0.5,#q<0.1,q_min,q_small5,log-likeli,RMS,bias,tlog-l,100log-l,100RMS,75RMS,100bias,bias50,xyear0.5,xyear1.0,xyear1.5
cent20y,42/1_Run_Means,r,1.0,0.03259149361618167,0,0,1.0,1.0,2.521312433666667,0.0,0.0,390.80342721833335,233.35492933120236,0.0,0.0,0.0,0.0,1985.124999999988,2010.4583333332982,
GWI_anthro_CGWL,43/3_Human_Induced,c,2.3822023177352816,0.09350268685467968,0,0,0.9022385323536961,0.9022385323536961,1.1040708818674114,0.0855955111155328,0.018262469986358557,78.3890326125862,78.3890326125862,0.0855955111155328,0.0855955111155328,0.018262469986358557,0.06754963723425172,1980.5416666666588,2009.2083333332994,
GWI_anthro_SR15,43/3_Human_Induced,c,2.159322935796392,0.08346508933393158,0,0,0.961169820455853,0.961169820455853,1.2323668703191188,0.07174159822318862,0.011291381772591714,87.49804779265743,87.49804779265743,0.07174159822318864,0.07174159822318864,0.011291381772591714,0.04813117062977461,1983.6249999999893,2009.374999999966,
GWI_anthro,43/3_Human_Induced,c,2.3793732412171456,0.08762374815153756,0,0,0.9127658481232126,0.9127658481232126,1.178023496220552,0.07733990753418263,0.013826729612884236,83.63966823165919,83.63966823165919,0.07733990753418264,0.07733990753418263,0.013826729612884236,0.05650973893999704,1982.3749999999905,2009.708333333299,
FaIR_nonat_unB,43/1_ERF_FaIR,c,1.9584800126739141,0.02441280935986575,8,1,0.02727527558529541,0.3029726516052319,1.9272821914860525,0.030623853022409362,0.001283801602873992,175.38267942523078,175.38267942523078,0.030623853022409366,0.02371182338488556,0.0012838016028739914,0.003561479189416123,1986.124999999987,2011.4583333332973,
FaIR_anthro_unB,43/1_ERF_FaIR,c,1.7533462172247936,0.02316575404800284,29,0,0.262782401902497,0.262782401902497,1.7534748105444977,0.033025324498423665,0.009223728373037912,159.5662077595493,159.56620775954923,0.033025324498423665,0.02876992987548901,0.00922372837303791,0.01825065341746978,1985.2916666666545,2010.9583333332978,
