method_name,method_class,c/r,smooth_r,avg_unc.(1se),#q<0.5,#q<0.1,q_min,q_small5,log-likeli,RMS,bias,tlog-l,100log-l,100RMS,75RMS,100bias,bias50,xyear0.5,xyear1.0,xyear1.5
cent20y,42/1_Run_Means,r,1.0,0.026903102939263786,0,0,1.0,1.0,2.7092842164265987,0.0,0.0,419.9390535461228,245.52128976621725,0.0,0.0,0.0,0.0,1984.7083333333217,2010.2083333332985,
GWI_anthro_CGWL,43/3_Human_Induced,c,2.7717372039067505,0.0787900770099776,0,0,0.9994511940338906,0.9994511940338906,1.477445377010446,0.03436210240192522,-0.0040351983912932194,104.89862176774167,104.89862176774167,0.03436210240192522,0.03436210240192522,-0.0040351983912932194,-0.01826137000202569,1984.458333333322,2014.2083333332948,
GWI_anthro_SR15,43/3_Human_Induced,c,2.530623285788966,0.07100984524852962,0,0,0.9817029308362533,0.9817029308362533,1.5107660160247771,0.04040217654323122,0.0009855529958570821,107.26438713775917,107.26438713775917,0.04040217654323122,0.04040217654323122,0.000985552995857082,-0.019033689597077335,1985.5416666666542,2014.2083333332948,
GWI_anthro,43/3_Human_Induced,c,2.592592546435181,0.07398289661725231,0,0,0.9971699933752769,0.9971699933752769,1.5020042714254613,0.03763946278101056,-0.0005144443945384325,106.64230327120775,106.64230327120774,0.03763946278101055,0.03763946278101055,-0.0005144443945384325,-0.017836279221223387,1984.458333333322,2014.2083333332948,
FaIR_nonat_unB,43/1_ERF_FaIR,c,5.563607170564556,0.0282606268480556,47,38,3.892063789840798e-18,1.4362106286546438e-17,-725.6653849757803,0.34233310334998385,0.22003662428734744,-66035.550032796,-66035.55003279602,0.3423331033499839,0.25173846214328977,0.22003662428734744,0.016316968181148313,1984.1249999999889,2010.374999999965,
FaIR_anthro_unB,43/1_ERF_FaIR,c,5.14025377840366,0.024166186801691972,52,40,4.868514963912114e-23,7.987625111392172e-22,-1203.9086254034366,0.32276043842424806,0.20767851749453126,-109555.68491171273,-109555.68491171274,0.3227604384242481,0.23908246493439544,0.20767851749453126,0.01404615991076863,1983.6249999999893,2010.9583333332978,
