method_name,method_class,c/r,smooth_r,avg_unc.(1se),#q<0.5,#q<0.1,q_min,q_small5,log-likeli,RMS,bias,tlog-l,100log-l,100RMS,75RMS,100bias,bias50,xyear0.5,xyear1.0,xyear1.5
cent20y,42/1_Run_Means,r,1.0,0.028539592837886183,0,0,1.0,1.0,2.6507424890098497,0.0,0.0,410.8650857965267,240.287140225442,0.0,0.0,0.0,0.0,1984.1249999999889,2010.708333333298,
GWI_anthro_CGWL,43/3_Human_Induced,c,2.5090304045848804,0.0851848299814632,0,0,0.8122253998960166,0.8122253998960166,1.3107293511891396,0.06269809690789947,0.014658011133497892,93.0617839344289,93.06178393442892,0.06269809690789949,0.06269809690789949,0.014658011133497892,0.05230096213770379,1981.7083333333244,2009.1249999999661,
GWI_anthro_SR15,43/3_Human_Induced,c,2.3344262166179663,0.07593128772553964,0,0,0.979914544253995,0.979914544253995,1.381162627398266,0.05815646088889658,0.012140486161077555,98.06254654527689,98.0625465452769,0.05815646088889658,0.05815646088889658,0.012140486161077555,0.03652446812079301,1983.541666666656,2009.374999999966,
GWI_anthro,43/3_Human_Induced,c,2.486208217639504,0.07982073658629035,0,0,0.9078509186886355,0.9078509186886355,1.3570138420767728,0.059572901839113145,0.01356247444859401,96.34798278745087,96.34798278745086,0.059572901839113145,0.059572901839113145,0.013562474448594009,0.043735468056406164,1982.6249999999902,2009.708333333299,
FaIR_nonat_unB,43/1_ERF_FaIR,c,4.88635718984261,0.027824481987522257,55,35,6.481284969531425e-17,1.1048775427765656e-16,-766.1033522513509,0.3510516868528752,0.22026860531655484,-69715.40505487293,-69715.40505487291,0.3510516868528752,0.2587535141721644,0.22026860531655484,0.009818372736236041,1984.5416666666551,2011.5416666666306,
