method_name,method_class,c/r,smooth_r,avg_unc.(1se),#q<0.5,#q<0.1,q_min,q_small5,log-likeli,RMS,bias,tlog-l,100log-l,100RMS,75RMS,100bias,bias50,xyear0.5,xyear1.0,xyear1.5
cent20y,42/1_Run_Means,r,1.0,0.030133879781743027,0,0,1.0,1.0,2.5934882611100587,0.0,0.0,401.9906804720591,233.33539878165755,0.0,0.0,0.0,0.0,1983.2083333333167,2008.7083333332935,
lowess1dg20wnc,42/3_ST_Fits,c,3.7126176937233644,0.058202973200908524,6,0,0.2566644961284251,0.2566644961284251,1.3752862593403088,0.05835506308851161,-0.01656952267705849,213.16937019774787,123.96282032447196,0.055018063847554526,0.049647006535800876,-0.014713391604286554,-0.040956998537369296,1986.2916666666472,2009.7083333332926,
Kal_flexLin,42/5_Kalman,c,4.971665577372783,0.05317657451406971,4,0,0.3773801241486456,0.5689802033203867,1.5152750475129395,0.05308349248988906,-0.011773561468295769,234.86763236450562,138.0708880934679,0.05199498894083273,0.04273904298077007,-0.009882481844555584,-0.028861036112738873,1983.958333333316,2009.6249999999593,
GAM_AR1,42/4_GAM_AR1,c,6.094942988428842,0.05144437864600287,34,9,2.197513706598161e-07,0.003240635098278446,0.8810603103981843,0.06547194112468954,-0.012822107567210524,119.82420221415308,44.687571892003405,0.07223785826829109,0.05310496177710942,-0.02304895040201203,-0.039737158777287576,1986.4583333333137,2009.541666666626,
CGWL10y_sfUKCP,44/44_EarthModel_CGWL,c,5.782104831012859,0.05054618390577455,0,0,0.9062068965517242,0.9062068965517242,1.5879628477150745,0.04666447668796346,-0.00274611853370933,231.84257576640087,140.50627351996133,0.04727348835170552,0.03940354661083307,-0.004003447348677319,-0.0011178304166793774,1984.624999999982,2009.208333333293,
