method_name,method_class,c/r,smooth_r,avg_unc.(1se),#q<0.5,#q<0.1,q_min,q_small5,log-likeli,RMS,bias,tlog-l,100log-l,100RMS,75RMS,100bias,bias50,xyear0.5,xyear1.0,xyear1.5
cent20y,42/1_Run_Means,r,1.0,0.03259149361618167,0,0,1.0,1.0,2.521312433666667,0.0,0.0,390.80342721833335,233.35492933120236,0.0,0.0,0.0,0.0,1985.1249999999816,2010.4583333332919,
lowess1dg20wnc,42/3_ST_Fits,c,4.07443247248817,0.06710919562253474,0,0,0.5069392581602847,0.9372907682572342,1.3555108157582763,0.05945838150903803,-0.01223330031073596,210.10417644253283,137.16828886803006,0.047297642758654834,0.04669699717886735,-0.009480398447531374,-0.0412354760874804,1987.7083333333126,2013.6249999999557,
Kal_flexLin,42/5_Kalman,c,5.457681098816557,0.05317657451406971,17,0,0.24286359725907125,0.27531727058791444,1.4011597280801469,0.057700739604507646,-0.007337308061929365,217.17975785242277,145.75433182805668,0.04788288828887886,0.04344406796832522,-0.006679888066222481,-0.030351960039918892,1987.208333333313,2013.7916666666222,
GAM_AR1,42/4_GAM_AR1,c,5.970589323041106,0.06351945718352878,3,0,0.45778906386372004,0.5023000315793832,1.3187394842886497,0.059330142969559296,-0.003638454112142431,179.34856986325636,136.37580296883652,0.04946989967680133,0.04470476830867747,-0.004775537347139851,-0.03278887292964162,1987.1249999999798,2013.6249999999557,
CGWL10y_sfUKCP,44/44_EarthModel_CGWL,c,6.458767464511776,0.05041681941478483,0,0,0.98112,0.98112,1.6942282791489363,0.04323250611569702,0.0031648942569319624,247.3573287557447,150.437347552973,0.0434522178635706,0.038519991567829,-0.0027526697452382298,0.004319292331976881,1986.3749999999804,2012.124999999957,
