method_name,method_class,c/r,smooth_r,avg_unc.(1se),#q<0.5,#q<0.1,q_min,q_small5,log-likeli,RMS,bias,tlog-l,100log-l,100RMS,75RMS,100bias,bias50,xyear0.5,xyear1.0,xyear1.5
cent20y,42/1_Run_Means,r,1.0,0.030996073221395696,0,0,1.0,1.0,2.5683399761855426,0.0,0.0,398.0926963087591,235.25010076729723,0.0,0.0,0.0,0.0,1981.9583333333178,2008.2916666666272,
lowess1dg20wnc,42/3_ST_Fits,c,3.655562657394086,0.05739973007914183,7,0,0.2590199101054049,0.2590199101054049,1.4042941005929142,0.05659944063609717,-0.012064414606396576,217.6655855919017,134.07898054244947,0.05094822731708731,0.04962368466171139,-0.013805264694440756,-0.0370791273059953,1984.958333333315,2009.4583333332928,
Kal_flexLin,42/5_Kalman,c,4.7494617848125555,0.05317657451406971,10,0,0.16981958795098734,0.37119496443245087,1.483822014668179,0.05461212872550719,-0.01079644782114745,229.99241227356777,147.23862443350458,0.04704710593015032,0.04351414638134289,-0.009422274704510472,-0.02579555580525681,1982.374999999984,2009.6249999999593,
GAM_AR1,42/4_GAM_AR1,c,7.071715904489022,0.055687296149062086,21,2,0.02140650121033808,0.18597781255279677,1.1738317469828823,0.0652920831398069,-0.013468206017087037,159.64111758967198,112.87481888797045,0.05941890114101495,0.05033963203325409,-0.01767078476072053,-0.03435197447494183,1982.8749999999836,2009.4583333332928,
CGWL10y_sfUKCP,44/44_EarthModel_CGWL,c,5.954900807175472,0.050247306665105206,0,0,0.9733333333333333,0.9733333333333333,1.7024641499046753,0.04142591782579209,-0.0021575659325369957,248.5597658860826,150.54673381359126,0.04140843170878887,0.03718302412121637,-0.0059190086063845545,-3.3872675829119124e-06,1982.8749999999836,2004.9583333332969,
