method_name,method_class,c/r,smooth_r,avg_unc.(1se),#q<0.5,#q<0.1,q_min,q_small5,log-likeli,RMS,bias,tlog-l,100log-l,100RMS,75RMS,100bias,bias50,xyear0.5,xyear1.0,xyear1.5
cent20y,42/1_Run_Means,r,1.0,0.027095293646811312,0,0,1.0,1.0,2.699784786534402,0.0,0.0,418.4666419128323,243.5367000327922,0.0,0.0,0.0,0.0,1984.5416666666551,2010.6249999999648,
GWI_anthro_CGWL,43/3_Human_Induced,c,2.755142315534922,0.08093939288658589,0,0,0.9968560588960336,0.9968560588960336,1.5349831399932075,0.022958435150148244,0.002203086761203523,108.98380293951773,108.98380293951773,0.022958435150148244,0.022958435150148244,0.0022030867612035225,0.001085805148938916,1984.458333333322,2013.0416666666292,
GWI_anthro_SR15,43/3_Human_Induced,c,2.531934421448188,0.07281188903011819,0,0,0.9737851883300211,0.9737851883300211,1.5416779987935316,0.03654131564432967,0.004887238668837599,109.45913791434074,109.45913791434074,0.03654131564432967,0.03654131564432967,0.004887238668837599,-0.005311663291044645,1985.7083333333208,2013.291666666629,
GWI_anthro,43/3_Human_Induced,c,2.6681066830535856,0.0760529258178986,0,0,0.9880989004188272,0.9880989004188272,1.5433735949437726,0.030761091868510407,0.004397164653717751,109.57952524100786,109.57952524100784,0.030761091868510407,0.030761091868510407,0.004397164653717751,-0.0017914753700535543,1984.6249999999884,2013.2083333332957,
FaIR_nonat_unB,43/1_ERF_FaIR,c,5.497276130890309,0.028211350076226636,45,38,3.294053949628626e-17,1.884545614223164e-16,-732.438785769146,0.34664555012225673,0.22411856734191557,-66651.92950499228,-66651.92950499231,0.34664555012225673,0.25977160243134373,0.22411856734191557,0.017426123966675464,1984.8749999999882,2011.1249999999643,
FaIR_anthro_unB,43/1_ERF_FaIR,c,5.033152037145247,0.02420364756508442,69,50,3.0246958689577294e-24,9.64909379293003e-22,-1222.533115696172,0.33340888966216004,0.22647256234724303,-111250.51352835166,-111250.51352835166,0.33340888966216004,0.2518465833386316,0.22647256234724308,0.031943851482366344,1980.2083333333258,2010.6249999999648,
