method_name,method_class,c/r,smooth_r,avg_unc.(1se),#q<0.5,#q<0.1,q_min,q_small5,log-likeli,RMS,bias,tlog-l,100log-l,100RMS,75RMS,100bias,bias50,xyear0.5,xyear1.0,xyear1.5
cent20y,42/1_Run_Means,r,1.0,0.031048178708831305,0,0,1.0,1.0,2.5623480566911647,0.0,0.0,397.16394878713055,234.2222232540824,0.0,0.0,0.0,0.0,1979.2083333333203,2006.3749999999623,
lowess1dg20wnc,42/3_ST_Fits,c,3.574826167883082,0.06121545960278143,0,0,0.622530688850958,0.622530688850958,1.505427463120327,0.05114589968800946,-0.00902951097391227,233.3412567836507,142.9022500837798,0.04433262703819635,0.044988541740970035,-0.012489047433125627,-0.034740267878041804,1981.041666666652,2005.8749999999627,
Kal_flexLin,42/5_Kalman,c,4.807860487961574,0.05317657451406971,8,0,0.4587144949282405,0.4587144949282405,1.5296790034997096,0.0528157541017119,-0.01143942443881499,237.10024554245499,151.0759064703098,0.04481421158681267,0.04266812834405415,-0.008470615550154029,-0.024513338130018998,1980.2916666666526,2005.29166666663,
GAM_AR1,42/4_GAM_AR1,c,7.22369521424737,0.05670539940515708,4,0,0.379962204647254,0.6809944205450381,1.4065686833033078,0.05499152046221685,-0.007078649788190079,191.29334092924987,137.81927818842482,0.04922123336247688,0.04768465244863161,-0.012723528908250481,-0.03572536979807622,1980.708333333319,2005.7916666666295,
CGWL10y_sfUKCP,44/44_EarthModel_CGWL,c,6.014989793917368,0.050694003076322616,0,0,0.9733333333333333,0.9733333333333333,1.661802352326923,0.04156743800031886,-0.005659669418066642,242.62314343973074,152.76365114822977,0.03886522129296865,0.035123886337749224,-0.005419104123857285,0.0007335151231288945,1979.9583333333196,2004.4583333332973,
