method_name,method_class,c/r,smooth_r,avg_unc.(1se),#q<0.5,#q<0.1,q_min,q_small5,log-likeli,RMS,bias,tlog-l,100log-l,100RMS,75RMS,100bias,bias50,xyear0.5,xyear1.0,xyear1.5
cent20y,42/1_Run_Means,r,1.0,0.028720925668913776,0,0,1.0,1.0,2.649032922871871,0.0,0.0,410.60010304514003,241.2338466807788,0.0,0.0,0.0,0.0,1979.791666666653,2007.3749999999613,
lowess1dg20wnc,42/3_ST_Fits,c,3.7673948910742476,0.06017231485272242,3,0,0.25820696055212183,0.9917900232194585,1.6012762607997653,0.04809697029877646,-0.017878846959318104,248.1978204239636,148.64526439122506,0.04200008785883523,0.04082994728940127,-0.01587183799493193,-0.030477719771767782,1982.1249999999843,2008.3749999999604,
Kal_flexLin,42/5_Kalman,c,5.1636858525518505,0.05317657451406971,0,0,0.9956902079701925,0.9956902079701925,1.729461476208008,0.0421937735384891,-0.010605664694556824,268.06652881224124,157.77319987077834,0.04062411821323187,0.03826715611524268,-0.011824004519027483,-0.021010191977007965,1980.5416666666524,2006.7916666666285,
GAM_AR1,42/4_GAM_AR1,c,4.0478947938658925,0.042790797769936294,30,16,0.003218607754085358,0.052753801625884666,1.2577279239334265,0.05364157077018991,-0.031793579280341704,171.050997654946,90.19828525738743,0.058776856964374645,0.05793616231144792,-0.03347160357772317,-0.057001911820359595,1986.0416666666474,2008.7916666666267,
CGWL10y_sfUKCP,44/44_EarthModel_CGWL,c,6.410604842661368,0.05026543271397391,0,0,0.9327777777777778,0.9327777777777778,1.6338328026321582,0.044096353862503115,-0.0029699436110625257,238.5395891842951,148.6118235047947,0.04349777774535665,0.0418243276358332,-0.0029531612967279132,0.003659479796099674,1980.5416666666524,2004.708333333297,
