method_name,method_class,c/r,smooth_r,avg_unc.(1se),#q<0.5,#q<0.1,q_min,q_small5,log-likeli,RMS,bias,tlog-l,100log-l,100RMS,75RMS,100bias,bias50,xyear0.5,xyear1.0,xyear1.5
cent20y,42/1_Run_Means,r,1.0,0.02688306436520014,0,0,1.0,1.0,2.70736534970113,0.0,0.0,419.64162920367517,242.51870705014647,0.0,0.0,0.0,0.0,1984.791666666655,2010.2916666666317,
GWI_anthro_CGWL,43/3_Human_Induced,c,2.8770970500787265,0.08056709067869157,0,0,0.9957427542463861,0.9957427542463861,1.5411619505555934,0.025519066182076677,0.0011066815913801707,109.42249848944712,109.42249848944712,0.025519066182076673,0.025519066182076677,0.0011066815913801705,0.0014062737348545396,1983.7916666666558,2012.7083333332962,
GWI_anthro_SR15,43/3_Human_Induced,c,2.649718694799259,0.072561626780806,0,0,0.9524646819809771,0.9524646819809771,1.5677210468604306,0.03329155041184363,0.003091872056512265,111.30819432709058,111.30819432709058,0.03329155041184363,0.03329155041184363,0.003091872056512266,-0.004837580721503943,1985.5416666666542,2012.8749999999627,
GWI_anthro,43/3_Human_Induced,c,2.829343496023322,0.07572059824231973,0,0,0.9858181101901725,0.9858181101901725,1.5626930374818035,0.029430316950682104,0.002714334228166683,110.95120566120805,110.95120566120806,0.029430316950682104,0.029430316950682104,0.0027143342281666827,-0.0014960987036963856,1984.2083333333221,2012.8749999999627,
FaIR_nonat_unB,43/1_ERF_FaIR,c,5.233470251570644,0.028385669493152833,45,38,2.8248384613667927e-18,9.874675132965585e-17,-744.0647180738879,0.35068389117186016,0.2255695340393459,-67709.8893447238,-67709.88934472378,0.35068389117186016,0.2593036188145431,0.22556953403934596,0.016688311296487145,1985.2083333333212,2010.6249999999648,
FaIR_anthro_unB,43/1_ERF_FaIR,c,5.47319344187786,0.024215612808893176,53,38,4.7471144807214986e-26,8.644638993502308e-22,-1255.3500310619497,0.3332969867552107,0.2179186927949172,-114236.85282663742,-114236.85282663742,0.3332969867552107,0.24779200717882013,0.2179186927949172,0.01886227026101889,1984.0416666666556,2010.8749999999645,
