method_name,method_class,c/r,smooth_r,avg_unc.(1se),#q<0.5,#q<0.1,q_min,q_small5,log-likeli,RMS,bias,tlog-l,100log-l,100RMS,75RMS,100bias,bias50,xyear0.5,xyear1.0,xyear1.5
cent20y,42/1_Run_Means,r,1.0,0.028539592837886183,0,0,1.0,1.0,2.6507424890098497,0.0,0.0,410.8650857965267,240.287140225442,0.0,0.0,0.0,0.0,1984.1249999999825,2010.7083333332916,
lowess1dg20wnc,42/3_ST_Fits,c,3.283762826594173,0.1561834249231372,0,0,0.9954444640712413,0.9954444640712413,0.9015575305255661,0.04971835033900255,-0.01439503380235093,139.74141723146275,62.970574356759144,0.05026195145017008,0.045167699825240756,-0.01623261813202278,-0.03571764170718391,1986.1249999999807,2014.2083333332885,
Kal_flexLin,42/5_Kalman,c,4.545700727091362,0.05317657451406971,0,0,0.8351350984217318,0.8351350984217318,1.602374588801339,0.04856205255878519,-0.00942783989863221,248.36806126420754,144.4423265537343,0.04860969474919153,0.04025689677435834,-0.011433528957128283,-0.025536051961605744,1982.7916666666504,2014.2083333332885,
GAM_AR1,42/4_GAM_AR1,c,6.396318681341243,0.047983880939970726,22,8,1.3209493516714678e-07,0.0010161089889302744,0.9407314415625899,0.0600763126799682,-0.010735468681768034,127.93947605251223,53.172252079610786,0.06674123374806011,0.04547583183083893,-0.023815377978923153,-0.03274886281152549,1986.3749999999804,2014.041666666622,
CGWL10y_sfUKCP,44/44_EarthModel_CGWL,c,5.878612268897551,0.05042167752981186,0,0,0.876,0.876,1.5867406719489507,0.048649309378268286,0.009831448518314734,231.6641381045468,139.83113955895948,0.04769890213263502,0.04211030717763879,0.0045483613161182,0.010826477238059065,1984.1249999999825,2013.6249999999557,
