method_name,method_class,c/r,smooth_r,avg_unc.(1se),#q<0.5,#q<0.1,q_min,q_small5,log-likeli,RMS,bias,tlog-l,100log-l,100RMS,75RMS,100bias,bias50,xyear0.5,xyear1.0,xyear1.5
cent20y,42/1_Run_Means,r,1.0,0.02949395745350752,0,0,1.0,1.0,2.611399361837676,0.0,0.0,404.7669010848398,234.55627990010993,0.0,0.0,0.0,0.0,1985.291666666648,2010.2916666666254,
lowess1dg20wnc,42/3_ST_Fits,c,3.458642346397012,0.1660303792351246,0,0,0.9983974580968099,0.9983974580968099,0.8257518322939753,0.056068366358890266,-0.013208238232839562,127.99153400556617,58.89581167304175,0.05772283345555799,0.05735858068284855,-0.010987937951449932,-0.04790806886795995,1988.4583333333119,2012.5416666666233,
Kal_flexLin,42/5_Kalman,c,4.684854763030071,0.05317657451406971,2,0,0.36090923013169857,0.6562414012315867,1.531366717946625,0.05203539551041932,-0.010177549117110472,237.3618412817269,137.8050512646157,0.05213145704182727,0.04755018005535466,-0.0070487042297766,-0.033167121658105245,1987.4583333333128,2013.1249999999561,
GAM_AR1,42/4_GAM_AR1,c,7.258228333776914,0.04914386128972571,20,4,0.006896684818547575,0.1108859171433581,1.2720414499211408,0.056248183179242524,-0.005746858978689062,172.99763718927514,132.82810471398903,0.054282715814240046,0.05136007781230814,-0.0053086085585860214,-0.031450516962240764,1987.0416666666465,2013.0416666666229,
CGWL10y_sfUKCP,44/44_EarthModel_CGWL,c,5.896093398133065,0.05045430361022872,0,0,0.888695652173913,0.888695652173913,1.656261176281382,0.043197669640127515,0.002424374033165974,241.81413173708177,146.52678435062748,0.044299377202735475,0.03833401447515719,0.004472771933462933,0.0038034301127195915,1986.3749999999804,2009.874999999959,
