method_name,method_class,c/r,smooth_r,avg_unc.(1se),#q<0.5,#q<0.1,q_min,q_small5,log-likeli,RMS,bias,tlog-l,100log-l,100RMS,75RMS,100bias,bias50,xyear0.5,xyear1.0,xyear1.5
cent20y,42/1_Run_Means,r,1.0,0.028518131625861424,0,0,1.0,1.0,2.6514821858135402,0.0,0.0,410.97973880109873,240.82393968398958,0.0,0.0,0.0,0.0,1972.2083333333312,2001.7916666666376,
GWI_anthro_CGWL,43/3_Human_Induced,c,2.665835742248385,0.07081257828294535,0,0,0.8184874179019815,0.8184874179019815,1.302477600862615,0.06736392353109721,-0.05891429384681036,92.47590966124567,92.47590966124567,0.06736392353109723,0.06736392353109721,-0.05891429384681036,-0.07412919690873959,1978.5416666666588,2004.0416666666356,
GWI_anthro_SR15,43/3_Human_Induced,c,2.410948415782301,0.06558660006338733,0,0,0.9763079371563168,0.9763079371563168,1.4848610734131316,0.0526955354742796,-0.0415756524912742,105.42513621233233,105.42513621233233,0.0526955354742796,0.0526955354742796,-0.0415756524912742,-0.05463038556208643,1976.7916666666604,2002.3749999999704,
GWI_anthro,43/3_Human_Induced,c,2.541456981091449,0.06746111879451246,0,0,0.9338390969484008,0.9338390969484008,1.4256247873617953,0.05759805715356873,-0.047490381012903114,101.21935990268747,101.21935990268747,0.05759805715356873,0.05759805715356873,-0.04749038101290311,-0.06206231935310005,1977.1249999999934,2003.0416666666365,
FaIR_nonat_unB,43/1_ERF_FaIR,c,2.0830899530915215,0.029190056879157916,61,17,0.09467895362663495,0.09467895362663495,0.6641602065726079,0.054860359200658786,-0.02907373387759768,60.43857879810732,60.438578798107315,0.05486035920065879,0.055443088881159855,-0.02907373387759768,0.005320000614511069,1976.1249999999943,1997.8749999999745,2022.624999999952
FaIR_anthro_unB,43/1_ERF_FaIR,c,1.8124546215116726,0.026537604204917176,68,38,0.064980054367591,0.064980054367591,-1.0563714773374966,0.06337202244131548,-0.048425156658394086,-96.1298044377122,-96.1298044377122,0.06337202244131548,0.06084895104340911,-0.04842515665839409,-0.018138458391732733,1976.2083333333276,1999.7916666666395,2022.958333333285
