method_name,method_class,c/r,smooth_r,avg_unc.(1se),#q<0.5,#q<0.1,q_min,q_small5,log-likeli,RMS,bias,tlog-l,100log-l,100RMS,75RMS,100bias,bias50,xyear0.5,xyear1.0,xyear1.5
cent20y,42/1_Run_Means,r,1.0,0.03092403399623242,0,0,1.0,1.0,2.57082943877283,0.0,0.0,398.4785630097886,235.3169231930921,0.0,0.0,0.0,0.0,1985.291666666648,2009.6249999999593,
lowess1dg20wnc,42/3_ST_Fits,c,3.444807529959662,0.20987512066639183,0,0,0.9993295069081335,0.9993295069081335,0.6078196252759566,0.05638679371430216,-0.011056303679714056,94.21204191777326,39.73391800265688,0.051517222891743285,0.050305854280419816,-0.013037102763933684,-0.0380326970283276,1987.4583333333128,2011.458333333291,
Kal_flexLin,42/5_Kalman,c,4.915846285598218,0.05317657451406971,7,0,0.36300934616046454,0.36300934616046454,1.4815551219386325,0.05470591559865598,-0.011144850267259792,229.64104390048803,146.62240375755601,0.047395879607122486,0.04216719713929603,-0.008581767106658453,-0.02597583212272405,1987.0416666666465,2012.124999999957,
GAM_AR1,42/4_GAM_AR1,c,7.819554184378972,0.058032601803728455,16,0,0.3306123055276073,0.3306123055276073,1.313712240044649,0.060744409537502674,-0.011323680826113458,178.66486464607226,138.03484756393706,0.05032415708813947,0.04690963954035142,-0.01032470484957526,-0.02925357755179715,1986.87499999998,2012.0416666666238,
CGWL10y_sfUKCP,44/44_EarthModel_CGWL,c,5.792206863128267,0.05097591399906143,0,0,0.9733333333333333,0.9733333333333333,1.6588468668063736,0.04238088078225463,-0.004638959938099766,242.19164255373056,146.822686856035,0.04228897802577146,0.03542403447373357,-0.00737570804949604,-0.0022829218609810133,1986.6249999999802,2009.4583333332928,
