method_name,method_class,c/r,smooth_r,avg_unc.(1se),#q<0.5,#q<0.1,q_min,q_small5,log-likeli,RMS,bias,tlog-l,100log-l,100RMS,75RMS,100bias,bias50,xyear0.5,xyear1.0,xyear1.5
cent20y,42/1_Run_Means,r,1.0,0.028519187612561937,0,0,1.0,1.0,2.6514316155468403,0.0,0.0,410.9719004097602,240.82072545866265,0.0,0.0,0.0,0.0,1984.2916666666554,2011.1249999999643,
GWI_anthro_CGWL,43/3_Human_Induced,c,2.6656670479453695,0.07081257812322546,0,0,0.6980234871844665,0.6980234871844665,1.226786007150887,0.07333494245187587,-0.06567457643739674,87.10180650771298,87.101806507713,0.07333494245187587,0.07333494245187587,-0.06567457643739674,-0.08084221400147772,1987.708333333319,2016.2916666666263,
GWI_anthro_SR15,43/3_Human_Induced,c,2.410688162722328,0.06558660000052775,0,0,0.900282304956275,0.900282304956275,1.423791425038956,0.05816246049736551,-0.048336907664895214,101.08919117776588,101.08919117776588,0.05816246049736551,0.05816246049736551,-0.048336907664895214,-0.06134531550150658,1987.2083333333194,2015.87499999996,
GWI_anthro,43/3_Human_Induced,c,2.5412268817542922,0.06746111878104319,0,0,0.8610850877189039,0.8610850877189039,1.358846144562817,0.06327087809977391,-0.05425105092908485,96.47807626396,96.47807626396002,0.0632708780997739,0.06327087809977391,-0.05425105092908485,-0.06877674171643623,1987.374999999986,2015.9583333332932,
FaIR_nonat_unB,43/1_ERF_FaIR,c,5.493281964687475,0.02920925708287709,67,46,8.924804779521503e-26,2.189046996453707e-22,-1088.6374614886527,0.40609546244775274,0.2355759761364491,-99066.00899546739,-99066.00899546739,0.40609546244775274,0.29309413535591955,0.23557597613644915,-0.010933571013157813,1986.0416666666538,2011.8749999999636,
