method_name,method_class,c/r,smooth_r,avg_unc.(1se),#q<0.5,#q<0.1,q_min,q_small5,log-likeli,RMS,bias,tlog-l,100log-l,100RMS,75RMS,100bias,bias50,xyear0.5,xyear1.0,xyear1.5
cent20y,42/1_Run_Means,r,1.0,0.027191023878349485,0,0,1.0,1.0,2.6979467149911573,0.0,0.0,418.18174082362935,244.06062297065824,0.0,0.0,0.0,0.0,1984.458333333322,2010.708333333298,
GWI_anthro_CGWL,43/3_Human_Induced,c,2.847746469637616,0.07960436667664621,0,0,0.996044795771077,0.996044795771077,1.5389808375984497,0.024334506482249506,-0.0018202835185388774,109.26763946948994,109.26763946948995,0.024334506482249506,0.024334506482249506,-0.0018202835185388774,-0.006573632764336254,1985.0416666666547,2014.0416666666283,
GWI_anthro_SR15,43/3_Human_Induced,c,2.6203524988968523,0.07180629845161131,0,0,0.9750884293388848,0.9750884293388848,1.556751058094362,0.034984495706092245,0.002079897479651463,110.5293251246997,110.5293251246997,0.03498449570609224,0.03498449570609224,0.002079897479651463,-0.010339152658742638,1985.7083333333208,2014.1249999999616,
GWI_anthro,43/3_Human_Induced,c,2.7531770932853252,0.07486619039303062,0,0,0.9971473899951486,0.9971473899951486,1.5536802971770776,0.03043051086014375,0.0011417723161977517,110.3113010995725,110.3113010995725,0.03043051086014375,0.03043051086014375,0.0011417723161977517,-0.007843835212940372,1984.8749999999882,2014.0416666666283,
FaIR_nonat_unB,43/1_ERF_FaIR,c,5.192575792835515,0.02812563907384581,49,37,3.1863646690839794e-18,3.309455337047539e-17,-736.3345609272258,0.34489740026307525,0.22386934512566006,-67006.44504437754,-67006.44504437756,0.34489740026307525,0.2558868934392188,0.22386934512566004,0.01964433415211787,1984.7083333333217,2010.7916666666313,
FaIR_anthro_unB,43/1_ERF_FaIR,c,5.0398488130499715,0.024086811990298777,66,46,7.767885288863506e-24,5.256626253374422e-22,-1210.778424321093,0.3294423319281473,0.2214334915107298,-110180.83661321948,-110180.83661321946,0.3294423319281473,0.24636713663358595,0.2214334915107298,0.028944947315366575,1980.291666666659,2010.7916666666313,
