method_name,method_class,c/r,smooth_r,avg_unc.(1se),#q<0.5,#q<0.1,q_min,q_small5,log-likeli,RMS,bias,tlog-l,100log-l,100RMS,75RMS,100bias,bias50,xyear0.5,xyear1.0,xyear1.5
cent20y,42/1_Run_Means,r,1.0,0.03211082916308414,0,0,1.0,1.0,2.5332602079869897,0.0,0.0,392.65533223798343,231.81843621843808,0.0,0.0,0.0,0.0,1984.6249999999884,2010.1249999999652,
GWI_anthro_CGWL,43/3_Human_Induced,c,2.1610620360697745,0.08773260093092156,0,0,0.9814590321697806,0.9814590321697806,1.3294101449624278,0.05921405678505919,0.013628940950164297,94.38812029233237,94.38812029233237,0.05921405678505919,0.05921405678505919,0.013628940950164295,0.04690933124654175,1982.4583333333237,2008.9583333332996,
GWI_anthro_SR15,43/3_Human_Induced,c,1.9913372600039285,0.07854634880548032,0,0,0.9936356527267396,0.9936356527267396,1.4062988402763688,0.05354251608666068,0.01016324533687622,99.84721765962219,99.84721765962217,0.05354251608666068,0.05354251608666068,0.01016324533687622,0.030846023187449972,1984.791666666655,2009.2083333332994,
GWI_anthro,43/3_Human_Induced,c,2.1041561437885936,0.08237663331893536,0,0,0.9506326569739285,0.9506326569739285,1.3840798370771608,0.05453651747317879,0.011736507767757271,98.26966843247841,98.26966843247843,0.05453651747317879,0.05453651747317879,0.011736507767757268,0.03801754578616606,1983.208333333323,2009.6249999999657,
FaIR_nonat_unB,43/1_ERF_FaIR,c,4.092044229430786,0.025118627176156927,50,37,1.0480859527503321e-21,1.838127093528519e-19,-994.8525439303844,0.3443232924306204,0.2148202924561076,-90531.58149766499,-90531.581497665,0.3443232924306203,0.25305048079604003,0.21482029245610756,0.004482840359421507,1986.124999999987,2010.9583333332978,
FaIR_anthro_unB,43/1_ERF_FaIR,c,3.859599516541999,0.02349659454556213,64,50,9.442037724309256e-27,5.67853658857306e-25,-1320.8381194330343,0.333753193562304,0.22555035663106474,-120196.26886840613,-120196.26886840613,0.33375319356230393,0.24770673430356596,0.22555035663106474,0.029373847217632833,1979.7083333333262,2010.041666666632,
