method_name,method_class,c/r,smooth_r,avg_unc.(1se),#q<0.5,#q<0.1,q_min,q_small5,log-likeli,RMS,bias,tlog-l,100log-l,100RMS,75RMS,100bias,bias50,xyear0.5,xyear1.0,xyear1.5
cent20y,42/1_Run_Means,r,1.0,0.02709964305501444,0,0,1.0,1.0,2.700704148594601,0.0,0.0,418.60914303216316,243.51898809161855,0.0,0.0,0.0,0.0,1985.7916666666476,2012.0416666666238,
lowess1dg20wnc,42/3_ST_Fits,c,3.3843874818864244,0.04709078479582663,39,3,0.008627669063786111,0.2936871244285127,1.361955676024343,0.050850410494656294,-0.012709269801307413,211.10312978377317,130.60317542024674,0.05114738001865813,0.04860495702718328,-0.01572955207191451,-0.04150811466496043,1987.7083333333126,2014.2916666666217,
Kal_flexLin,42/5_Kalman,c,4.681563974790144,0.05317657451406971,0,0,0.8105353389137036,0.8105353389137036,1.6126040919532707,0.048446143642348886,-0.01203102503163781,249.95363425275696,151.380198736919,0.044632365325466196,0.041930249545438586,-0.010547976089934881,-0.028963543305363,1987.0416666666465,2014.2083333332885,
GAM_AR1,42/4_GAM_AR1,c,8.459317200711927,0.044433803919968956,37,4,7.876107287500733e-06,0.12677358140132672,1.2567816983314042,0.05379798872135273,-0.0067333718371032575,170.92231097307098,111.18412466817803,0.05332346119440781,0.049719107269946806,-0.016035389597941815,-0.03252504291572161,1986.87499999998,2014.1249999999552,
CGWL10y_sfUKCP,44/44_EarthModel_CGWL,c,6.245315537328267,0.050592539675774116,0,0,0.9278504672897196,0.9278504672897196,1.598237569887132,0.045804456702013,-0.0028751960264392046,233.34268520352128,154.31383020028096,0.040213729690547484,0.03615076289132421,0.0009109617057455983,0.0045533559420108905,1986.7083333333135,2013.4583333332891,
