method_name,method_class,c/r,smooth_r,avg_unc.(1se),#q<0.5,#q<0.1,q_min,q_small5,log-likeli,RMS,bias,tlog-l,100log-l,100RMS,75RMS,100bias,bias50,xyear0.5,xyear1.0,xyear1.5
cent20y,42/1_Run_Means,r,1.0,0.02875146747529464,0,0,1.0,1.0,2.6460212716187113,0.0,0.0,410.1332971009002,240.7100966910759,0.0,0.0,0.0,0.0,1974.7083333333308,2002.3749999999723,
GWI_anthro_CGWL,43/3_Human_Induced,c,2.6883688053446977,0.0717407594347624,0,0,0.8836274587542252,0.8836274587542252,1.33064317057538,0.06486790742815438,-0.05496276535063129,94.47566511085198,94.47566511085199,0.06486790742815438,0.06486790742815438,-0.05496276535063129,-0.07484529907188456,1979.958333333326,2004.541666666637,
GWI_anthro_SR15,43/3_Human_Induced,c,2.4603899519418557,0.06623655257970895,0,0,0.9982799122841902,0.9982799122841902,1.4912046989313934,0.05134408732079019,-0.03838104815514632,105.87553362412893,105.87553362412892,0.05134408732079019,0.05134408732079019,-0.03838104815514632,-0.056954910884484164,1979.0416666666601,2003.1249999999716,
GWI_anthro,43/3_Human_Induced,c,2.5711403218552054,0.06822438566374346,0,0,0.982114415232127,0.982114415232127,1.43861668516015,0.05605663779734882,-0.044009086154142577,102.14178464637065,102.14178464637064,0.056056637797348825,0.05605663779734882,-0.04400908615414258,-0.06374305570231562,1979.2083333333267,2004.1249999999707,
FaIR_nonat_unB,43/1_ERF_FaIR,c,2.112950468758706,0.02901580310817791,53,0,0.3016,0.3016,1.581893712281789,0.04146288748407345,-0.024069921164758708,143.9523278176428,143.9523278176428,0.04146288748407345,0.04382955565248131,-0.02406992116475871,-0.0041579031162171385,1977.2083333333285,2000.041666666641,2022.8749999999536
FaIR_anthro_unB,43/1_ERF_FaIR,c,1.9182900868368382,0.026295403058168534,76,16,0.09675293060481155,0.09675293060481155,0.7903560100914672,0.04995755166886909,-0.041838800460144,71.92239691832351,71.9223969183235,0.04995755166886909,0.05042365403923024,-0.041838800460144,-0.026336301561603236,1977.2916666666617,2000.6249999999739,
