method_name,method_class,c/r,smooth_r,avg_unc.(1se),#q<0.5,#q<0.1,q_min,q_small5,log-likeli,RMS,bias,tlog-l,100log-l,100RMS,75RMS,100bias,bias50,xyear0.5,xyear1.0,xyear1.5
cent20y,42/1_Run_Means,r,1.0,0.028204047156492038,0,0,1.0,1.0,2.6640354794898924,0.0,0.0,412.92549932093334,242.14280368801343,0.0,0.0,0.0,0.0,1975.4583333333237,2004.708333333297,
lowess1dg20wnc,42/3_ST_Fits,c,3.653911425186087,0.06203128295994947,0,0,0.7303659776722018,0.9959999364717377,1.6689174827877211,0.04081093938003942,-0.006699943705236279,258.68220983209676,145.40178136897913,0.039795238510765316,0.03727954614584435,-0.014728333984020361,-0.02752277575294947,1979.3749999999868,2004.4583333332973,
Kal_flexLin,42/5_Kalman,c,4.980661632067303,0.05317657451406971,0,0,0.9628367617492026,0.9628367617492026,1.69611317586344,0.04430461183804964,-0.010891115413903377,262.8975422588332,160.368042558685,0.03887949646711739,0.034853952147225455,-0.01102527148207944,-0.019223389065340775,1978.9583333333205,2004.2083333332976,
GAM_AR1,42/4_GAM_AR1,c,3.953989900682579,0.036607009537430325,28,13,2.2091430915047035e-10,5.513964015039666e-07,0.7459296469860873,0.052393975978193875,-0.014435069415170074,101.44643199010788,19.221674353190107,0.054719764240118436,0.06034410615120173,-0.028999839223791034,-0.05337539135425105,1982.8749999999836,2004.5416666666306,
CGWL10y_sfUKCP,44/44_EarthModel_CGWL,c,6.313163270298103,0.050260540302242,0,0,0.9370149253731344,0.9370149253731344,1.6012938651193316,0.046364761001011064,-0.01140759816319448,233.7889043074224,148.973446552167,0.043301472124447966,0.04075653430341126,-0.005862162164307706,0.0010211679502105816,1976.7083333333226,2002.5416666666324,
