method_name,method_class,c/r,smooth_r,avg_unc.(1se),#q<0.5,#q<0.1,q_min,q_small5,log-likeli,RMS,bias,tlog-l,100log-l,100RMS,75RMS,100bias,bias50,xyear0.5,xyear1.0,xyear1.5
cent20y,42/1_Run_Means,r,1.0,0.032607380557764444,0,0,1.0,1.0,2.518997966031041,0.0,0.0,390.4446847348114,232.46249516581037,0.0,0.0,0.0,0.0,1985.8749999999873,2011.4583333332973,
GWI_anthro_CGWL,43/3_Human_Induced,c,2.5593490408694253,0.08927164983281212,0,0,0.9768653726665338,0.9768653726665338,1.1879082101928484,0.07717924178900172,0.016167961286509384,84.34148292369224,84.34148292369225,0.07717924178900172,0.07717924178900172,0.016167961286509384,0.06089873656638658,1982.3749999999905,2010.2083333332985,
GWI_anthro_SR15,43/3_Human_Induced,c,2.3232886267156543,0.07989373435883301,0,0,0.9176530684948248,0.9176530684948248,1.2966823393208933,0.06670608472323268,0.011349847367921658,92.06444609178342,92.06444609178342,0.06670608472323268,0.06670608472323268,0.011349847367921658,0.04432716516369751,1984.7083333333217,2010.9583333332978,
GWI_anthro,43/3_Human_Induced,c,2.467488776601382,0.08377546555890596,0,0,0.9849513158416296,0.9849513158416296,1.255476563730036,0.07043421922111318,0.01320719428570597,89.13883602483256,89.13883602483256,0.07043421922111319,0.07043421922111318,0.01320719428570597,0.051549932343329934,1983.1249999999898,2011.1249999999643,
FaIR_nonat_unB,43/1_ERF_FaIR,c,1.9518214872294817,0.0248721923896897,9,2,0.03151784306406431,0.3029726516052319,1.2551758572840939,0.036124044093331024,0.01395345251538118,114.22100301285253,114.22100301285255,0.036124044093331024,0.023448460317551965,0.01395345251538118,0.006827316847683053,1986.3749999999868,2012.1249999999634,
FaIR_anthro_unB,43/1_ERF_FaIR,c,2.04551419077648,0.023226358410443123,21,0,0.11259473016736077,0.2244434580136289,1.3232908331876647,0.03665221218933615,0.022618341561666484,120.41946582007749,120.41946582007749,0.03665221218933614,0.027974931490158884,0.022618341561666484,0.020805253035348067,1985.5416666666542,2011.708333333297,
