method_name,method_class,c/r,smooth_r,avg_unc.(1se),#q<0.5,#q<0.1,q_min,q_small5,log-likeli,RMS,bias,tlog-l,100log-l,100RMS,75RMS,100bias,bias50,xyear0.5,xyear1.0,xyear1.5
cent20y,42/1_Run_Means,r,1.0,0.02820619844323493,0,0,1.0,1.0,2.6639615637724203,0.0,0.0,412.9140423847252,242.1307036523691,0.0,0.0,0.0,0.0,1984.2916666666554,2011.6249999999638,
GWI_anthro_CGWL,43/3_Human_Induced,c,2.714929316709071,0.07243890575471307,0,0,0.8153390928340977,0.8153390928340977,1.282777774049654,0.06823156650272928,-0.060253257193040755,91.07722195752544,91.07722195752544,0.06823156650272928,0.06823156650272928,-0.06025325719304075,-0.07590134721050347,1987.6249999999857,2016.2916666666263,
GWI_anthro_SR15,43/3_Human_Induced,c,2.464933031160341,0.06696158142647546,0,0,0.9878143605906742,0.9878143605906742,1.461415242736512,0.053629320898798835,-0.04285715004349439,103.76048223429234,103.76048223429233,0.05362932089879883,0.05362932089879883,-0.0428571500434944,-0.057264665043078374,1987.1249999999861,2015.9583333332932,
GWI_anthro,43/3_Human_Induced,c,2.593012903321953,0.06892947763668342,0,0,0.9760059652646602,0.9760059652646602,1.4046515842536687,0.05841129149234566,-0.04863425741618226,99.73026248201047,99.73026248201046,0.05841129149234566,0.05841129149234566,-0.04863425741618226,-0.06416278403375303,1987.374999999986,2016.0416666666265,
FaIR_nonat_unB,43/1_ERF_FaIR,c,5.325291372378207,0.028897170914742705,62,42,1.8985048865263668e-23,2.0162786718947684e-21,-1009.1611258098882,0.3953971012953809,0.2393784669418733,-91833.66244869982,-91833.66244869982,0.3953971012953809,0.2900072202778553,0.2393784669418733,0.0022525953523765976,1985.2083333333212,2011.8749999999636,
FaIR_anthro_unB,43/1_ERF_FaIR,c,5.137594219921453,0.02577876833035892,75,46,1.2946151074178106e-33,6.742837185170952e-29,-1741.4546289810141,0.3708293399562186,0.21240883880364952,-158472.37123727228,-158472.37123727228,0.3708293399562186,0.27511262119520186,0.2124088388036495,-0.018393908228506187,1986.2083333333203,2013.2083333332957,
