method_name,method_class,c/r,smooth_r,avg_unc.(1se),#q<0.5,#q<0.1,q_min,q_small5,log-likeli,RMS,bias,tlog-l,100log-l,100RMS,75RMS,100bias,bias50,xyear0.5,xyear1.0,xyear1.5
cent20y,42/1_Run_Means,r,1.0,0.026903580407113048,0,0,1.0,1.0,2.7092585546631915,0.0,0.0,419.9350759727947,245.51772545486335,0.0,0.0,0.0,0.0,1985.0416666666547,2010.5416666666315,
GWI_anthro_CGWL,43/3_Human_Induced,c,2.771058983467021,0.07879007722516856,0,0,0.997849826585853,0.997849826585853,1.481202190795721,0.034132448511448164,0.00012868495878517585,105.16535554649619,105.16535554649619,0.034132448511448164,0.034132448511448164,0.00012868495878517585,-0.014102530005989279,1985.2083333333212,2014.3749999999613,
GWI_anthro_SR15,43/3_Human_Induced,c,2.5298967055621713,0.07100984524710435,0,0,0.9906508726755876,0.9906508726755876,1.5123580062808264,0.040722942515538256,0.005151495108976045,107.37741844593867,107.37741844593867,0.040722942515538256,0.040722942515538256,0.005151495108976046,-0.014870430850452422,1985.7083333333208,2014.3749999999613,
GWI_anthro,43/3_Human_Induced,c,2.5919987943763045,0.07398289662819983,0,0,0.9722846770844802,0.9722846770844802,1.5039680729571643,0.037818721956905395,0.003650173084082339,106.78173317995866,106.78173317995866,0.037818721956905395,0.037818721956905395,0.003650173084082339,-0.013673771758119327,1984.9583333333214,2014.291666666628,
FaIR_nonat_unB,43/1_ERF_FaIR,c,2.462766597184448,0.028240442396057473,0,0,0.6492271105826397,0.9377724930638129,2.264688378441668,0.02455016236510892,0.010176293395012456,206.08664243819177,206.0866424381918,0.02455016236510892,0.024792812915035656,0.010176293395012456,0.020479350352280396,1984.458333333322,2010.5416666666315,
FaIR_anthro_unB,43/1_ERF_FaIR,c,2.1296473763274593,0.02416721904621949,0,0,0.5410225921521997,0.5410225921521997,2.1250041646455333,0.02820788201170778,0.005905908273508651,193.37537898274354,193.37537898274354,0.02820788201170778,0.027931944404317163,0.005905908273508649,0.018245223681139983,1983.7916666666558,2011.2083333332976,
