method_name,method_class,c/r,smooth_r,avg_unc.(1se),#q<0.5,#q<0.1,q_min,q_small5,log-likeli,RMS,bias,tlog-l,100log-l,100RMS,75RMS,100bias,bias50,xyear0.5,xyear1.0,xyear1.5
cent20y,42/1_Run_Means,r,1.0,0.03013787215970835,0,0,1.0,1.0,2.593349259926533,0.0,0.0,401.9691352886126,233.32514822065423,0.0,0.0,0.0,0.0,1985.0416666666483,2010.208333333292,
lowess1dg20wnc,42/3_ST_Fits,c,3.7109389563942146,0.19530392605986097,0,0,0.9997823493062162,0.9997823493062162,0.6336955975904693,0.05835461887601903,-0.016568127140043656,98.22281762652274,46.192759200840676,0.05502111864573621,0.04965006971877117,-0.014711088330982225,-0.040950958881401135,1987.4583333333128,2012.6249999999566,
Kal_flexLin,42/5_Kalman,c,4.971050141624443,0.05317657451406971,4,0,0.37649348613287337,0.5686916197588068,1.5152825254451234,0.05308310559233011,-0.011771897735327759,234.86879144399413,138.07033890312385,0.05199527123852904,0.04273913729778331,-0.009881437904839627,-0.028856807806253902,1986.7916666666467,2012.8749999999563,
GAM_AR1,42/4_GAM_AR1,c,6.0953390878038185,0.05145662253032644,34,9,2.229082641698866e-07,0.003255276223680882,0.8814095867790552,0.06547576950536146,-0.012822203350903736,119.87170380195151,44.73770814907458,0.07224301191492062,0.05310750239192074,-0.023049056299258776,-0.039732461761349494,1987.1249999999798,2012.7083333332898,
CGWL10y_sfUKCP,44/44_EarthModel_CGWL,c,5.79271223020665,0.050578353890488224,0,0,0.9062068965517242,0.9062068965517242,1.5872467840698412,0.04663609879784181,-0.0027340841898219614,231.73803047419682,140.54696484403036,0.04723753179019656,0.03937808494891221,-0.00395737273422874,-0.0010731483926772777,1986.3749999999804,2009.9583333332923,
