method_name,method_class,c/r,smooth_r,avg_unc.(1se),#q<0.5,#q<0.1,q_min,q_small5,log-likeli,RMS,bias,tlog-l,100log-l,100RMS,75RMS,100bias,bias50,xyear0.5,xyear1.0,xyear1.5
cent20y,42/1_Run_Means,r,1.0,0.02688306436520014,0,0,1.0,1.0,2.70736534970113,0.0,0.0,419.64162920367517,242.51870705014647,0.0,0.0,0.0,0.0,1984.7916666666486,2010.2916666666254,
lowess1dg20wnc,42/3_ST_Fits,c,3.571457858322351,0.17484405970417097,0,0,0.9996147148684654,0.9996147148684654,0.7860844312809098,0.04761785322543196,-0.013180833797173249,121.84308684854102,54.642552230430816,0.04905042130830371,0.04660010669964303,-0.01448873051062403,-0.04065099956488481,1987.1249999999798,2012.5416666666233,
Kal_flexLin,42/5_Kalman,c,4.8916562336403855,0.05317657451406971,0,0,0.9394097658047539,0.9394097658047539,1.678505844001788,0.044745332581210454,-0.010348729047651257,260.16840582027714,152.28829056063842,0.04408522699755446,0.042212803144031835,-0.00917627992226621,-0.028095131871996935,1986.541666666647,2012.8749999999563,
GAM_AR1,42/4_GAM_AR1,c,6.516682182136902,0.04078198994931177,39,7,0.0003748581044652181,0.08784879515663359,1.3478137787110687,0.050057613210825795,-0.00699376416399748,183.30267390470533,119.27224607164666,0.05116008870632272,0.044153943800045746,-0.01458048307343174,-0.02865759605289886,1986.4583333333137,2012.7083333332898,
CGWL10y_sfUKCP,44/44_EarthModel_CGWL,c,6.7039946219846565,0.050411436838969106,0,0,0.9090566037735849,0.9090566037735849,1.6438591850228537,0.04335786282573655,0.0006586356023608015,240.00344101333664,153.15986535525022,0.039497564641118456,0.03625886193761603,0.0014497499339956822,0.00489494355380059,1985.7916666666476,2009.7083333332926,
