method_name,method_class,c/r,smooth_r,avg_unc.(1se),#q<0.5,#q<0.1,q_min,q_small5,log-likeli,RMS,bias,tlog-l,100log-l,100RMS,75RMS,100bias,bias50,xyear0.5,xyear1.0,xyear1.5
cent20y,42/1_Run_Means,r,1.0,0.03224894241452354,0,0,1.0,1.0,2.530616671113163,0.0,0.0,392.24558402254024,233.04785374889622,0.0,0.0,0.0,0.0,1985.0416666666547,2010.4583333332982,
GWI_anthro_CGWL,43/3_Human_Induced,c,2.3837496007088355,0.0925986605288021,0,0,0.7456366782977486,0.7456366782977486,1.0546749676756584,0.09140324397593048,0.010181078471582975,74.88192270497174,74.88192270497174,0.09140324397593048,0.09140324397593048,0.010181078471582975,0.064779394564286,1980.7916666666586,2009.1249999999661,
GWI_anthro_SR15,43/3_Human_Induced,c,2.173235109768887,0.08314540193579265,0,0,0.8391958907979506,0.8391958907979506,1.1843244283768686,0.07763014702630967,0.004185033234714325,84.08703441475767,84.08703441475767,0.07763014702630967,0.07763014702630967,0.0041850332347143256,0.047410063780607185,1983.541666666656,2009.2083333332994,
GWI_anthro,43/3_Human_Induced,c,2.409888303732495,0.08701172100025094,0,0,0.7417532940389033,0.7417532940389033,1.1273259681805714,0.08335238071037517,0.00635338189063242,80.04014374082057,80.04014374082057,0.08335238071037517,0.08335238071037517,0.00635338189063242,0.054831447650771484,1982.541666666657,2009.5416666666324,
FaIR_nonat_unB,43/1_ERF_FaIR,c,4.391688355344885,0.024580935209155337,57,39,1.1778394873018784e-24,1.926549505666376e-21,-1004.5174370569028,0.3497897742739379,0.21060223120132499,-91411.08677217815,-91411.08677217817,0.3497897742739379,0.2485135445597063,0.21060223120132499,-0.0016452609387027914,1986.3749999999868,2011.5416666666306,
