method_name,method_class,c/r,smooth_r,avg_unc.(1se),#q<0.5,#q<0.1,q_min,q_small5,log-likeli,RMS,bias,tlog-l,100log-l,100RMS,75RMS,100bias,bias50,xyear0.5,xyear1.0,xyear1.5
cent20y,42/1_Run_Means,r,1.0,0.03199261197311977,0,0,1.0,1.0,2.5356333584698927,0.0,0.0,393.02317056283334,231.92088281218702,0.0,0.0,0.0,0.0,1987.4583333333192,2013.291666666629,
GWI_anthro_CGWL,43/3_Human_Induced,c,2.458968756469071,0.0927874497919344,0,0,0.9437181490289768,0.9437181490289768,1.1489240115221315,0.0786039634821118,0.029757409334638732,81.57360481807133,81.57360481807133,0.0786039634821118,0.0786039634821118,0.029757409334638725,0.07441066233360003,1982.9583333333233,2012.624999999963,
GWI_anthro_SR15,43/3_Human_Induced,c,2.256021094846861,0.08233204270527056,0,0,0.9738696093276697,0.9738696093276697,1.2526562334769797,0.06801648921008505,0.022543488472033153,88.93859257686556,88.93859257686557,0.06801648921008505,0.06801648921008505,0.022543488472033153,0.05357358140116531,1985.8749999999873,2013.3749999999623,
GWI_anthro,43/3_Human_Induced,c,2.403750137279124,0.0867384480272796,0,0,0.9588196105271107,0.9588196105271107,1.2063452485498019,0.07206283942659712,0.025287610318255726,85.65051264703594,85.65051264703594,0.07206283942659712,0.07206283942659714,0.025287610318255722,0.06257250447365668,1984.1249999999889,2013.1249999999625,
FaIR_nonat_unB,43/1_ERF_FaIR,c,2.0798103772868957,0.02461229832048955,27,2,0.04174842285032951,0.17678499742290604,0.9218510041917318,0.03971613553788155,0.019720270153391967,83.88844138144759,83.88844138144758,0.03971613553788155,0.02884764881683293,0.01972027015339197,0.005001639012838192,1988.1249999999852,2013.624999999962,
FaIR_anthro_unB,43/1_ERF_FaIR,c,2.0291825454216355,0.023047907438535683,45,15,0.09745649263721552,0.09745649263721552,0.6396657007149662,0.04307995787825939,0.0320802590356824,58.20957876506192,58.20957876506192,0.04307995787825939,0.03698520897648838,0.03208025903568239,0.023885339793955077,1987.4583333333192,2013.0416666666292,
