method_name,method_class,c/r,smooth_r,avg_unc.(1se),#q<0.5,#q<0.1,q_min,q_small5,log-likeli,RMS,bias,tlog-l,100log-l,100RMS,75RMS,100bias,bias50,xyear0.5,xyear1.0,xyear1.5
cent20y,42/1_Run_Means,r,1.0,0.03092403399623242,0,0,1.0,1.0,2.57082943877283,0.0,0.0,398.4785630097886,235.3169231930921,0.0,0.0,0.0,0.0,1985.2916666666545,2009.6249999999657,
GWI_anthro_CGWL,43/3_Human_Induced,c,2.4560183719343933,0.08410638572815211,0,0,0.9996366604968852,0.9996366604968852,1.4558465427170115,0.045584919055109994,0.010483587270446248,103.36510453290782,103.36510453290781,0.045584919055109994,0.045584919055109994,0.010483587270446246,0.031197250373670046,1982.6249999999902,2009.8749999999654,
GWI_anthro_SR15,43/3_Human_Induced,c,2.2309420538361158,0.07573101909831044,0,0,0.9959326184616994,0.9959326184616994,1.5126675556904245,0.044740642165252434,0.008580088030152925,107.39939645402015,107.39939645402015,0.04474064216525244,0.044740642165252434,0.008580088030152927,0.020022864188602593,1984.7083333333217,2009.8749999999654,
GWI_anthro,43/3_Human_Induced,c,2.422855386478708,0.0791310932623274,0,0,0.9953670823863164,0.9953670823863164,1.5016871098597875,0.04392196202897964,0.00930631812032233,106.61978480004491,106.61978480004491,0.04392196202897964,0.04392196202897964,0.009306318120322328,0.02505887407417965,1983.2916666666563,2010.2083333332985,
FaIR_nonat_unB,43/1_ERF_FaIR,c,4.779211063795344,0.027187845218897524,52,36,4.604225235456086e-22,9.245717563032472e-21,-1019.7390351351304,0.3736948762688392,0.22420128521439175,-92796.25219729687,-92796.25219729688,0.3736948762688392,0.27157454063600495,0.22420128521439173,-0.004246835755890232,1986.3749999999868,2010.6249999999648,
