method_name,method_class,c/r,smooth_r,avg_unc.(1se),#q<0.5,#q<0.1,q_min,q_small5,log-likeli,RMS,bias,tlog-l,100log-l,100RMS,75RMS,100bias,bias50,xyear0.5,xyear1.0,xyear1.5
cent20y,42/1_Run_Means,r,1.0,0.029233875295188283,0,0,1.0,1.0,2.624390505650167,0.0,0.0,406.78052837577593,236.4232662321299,0.0,0.0,0.0,0.0,1980.1249999999861,2006.624999999962,
lowess1dg20wnc,42/3_ST_Fits,c,3.497509342185113,0.05422222728060947,0,0,0.611002962658917,0.697362847854955,1.540053425130264,0.049549024024354064,-0.014412273637659522,238.7082808951909,144.41815421492112,0.045659712265156936,0.048127455843620374,-0.013277050421709896,-0.03669639771138927,1982.4583333333173,2006.624999999962,
Kal_flexLin,42/5_Kalman,c,4.803618704219145,0.05317657451406971,0,0,0.9750113880398006,0.9750113880398006,1.6652579264923457,0.045516704563929235,-0.00950926694282446,258.11497860631357,153.0564085433934,0.043617067234076067,0.04454900068121282,-0.00940184822742555,-0.025858501530201673,1980.6249999999857,2006.1249999999625,
GAM_AR1,42/4_GAM_AR1,c,6.330784589352647,0.047852371026009186,6,1,0.015555612708471153,0.28368249140648627,1.4685339780889983,0.05051492410055247,-0.009478432103184558,199.72062102010378,148.6924852525648,0.045466215214253806,0.04697311329714338,-0.00979870548657468,-0.03019954663290294,1980.8749999999854,2006.5416666666288,
CGWL10y_sfUKCP,44/44_EarthModel_CGWL,c,6.292003272544837,0.05010874051480524,0,0,0.9426771653543307,0.9426771653543307,1.7649446360975927,0.03740414059182832,-0.0005676270823248591,257.68191687024853,155.9811174418901,0.037095497310689195,0.03490771590899531,-0.007918174985686406,-0.0008792020581436105,1980.5416666666524,2004.5416666666306,
