method_name,method_class,c/r,smooth_r,avg_unc.(1se),#q<0.5,#q<0.1,q_min,q_small5,log-likeli,RMS,bias,tlog-l,100log-l,100RMS,75RMS,100bias,bias50,xyear0.5,xyear1.0,xyear1.5
cent20y,42/1_Run_Means,r,1.0,0.027490233225635537,0,0,1.0,1.0,2.6852428989309867,0.0,0.0,416.2126493343029,238.97854708253536,0.0,0.0,0.0,0.0,1991.1249999999825,2015.9583333332932,
GWI_anthro_CGWL,43/3_Human_Induced,c,2.622733999250735,0.0853048486605522,0,0,0.7866324790014175,0.7866324790014175,1.2846802774007242,0.06737285909959059,0.02404102499962414,91.21229969545142,91.2122996954514,0.06737285909959059,0.06737285909959059,0.02404102499962414,0.06441763673984789,1986.2916666666536,2014.7916666666276,
GWI_anthro_SR15,43/3_Human_Induced,c,2.424582307975851,0.07568932480912144,0,0,0.9316548257377527,0.9316548257377527,1.3579458700663545,0.061034638439340254,0.02056302506215451,96.41415677471117,96.41415677471119,0.061034638439340254,0.061034638439340254,0.02056302506215451,0.047433412214566664,1987.1249999999861,2015.208333333294,
GWI_anthro,43/3_Human_Induced,c,2.603634111494061,0.0797386496128913,0,0,0.8543169398983651,0.8543169398983651,1.3292363546727417,0.06330099740072655,0.022198903983710837,94.37578118176467,94.37578118176467,0.06330099740072655,0.06330099740072655,0.022198903983710837,0.055017487076562656,1986.2916666666536,2015.0416666666274,
FaIR_nonat_unB,43/1_ERF_FaIR,c,2.3224336262064775,0.028190542813276077,50,38,0.0012894596594754352,0.007854605785289551,-5.808858563851174,0.08244924052090234,0.05775472601925518,-528.6061293104568,-528.6061293104569,0.08244924052090234,0.05868045809539059,0.05775472601925518,0.023943835623198698,1988.8749999999845,2015.7916666666267,
FaIR_anthro_unB,43/1_ERF_FaIR,c,2.1635349465243205,0.024595139540761347,89,61,0.0010823248777265054,0.0010823248777265054,-15.908743509420955,0.0905518415545904,0.07717887343632333,-1447.6956593573068,-1447.6956593573068,0.0905518415545904,0.06909441260020363,0.07717887343632332,0.04831497855849237,1987.4583333333192,2014.7916666666276,
