method_name,method_class,c/r,smooth_r,avg_unc.(1se),#q<0.5,#q<0.1,q_min,q_small5,log-likeli,RMS,bias,tlog-l,100log-l,100RMS,75RMS,100bias,bias50,xyear0.5,xyear1.0,xyear1.5
cent20y,42/1_Run_Means,r,1.0,0.028506602834704232,0,0,1.0,1.0,2.6575234325029586,0.0,0.0,411.9161320379586,241.91033825803578,0.0,0.0,0.0,0.0,1983.3749999999832,2009.7916666666258,
lowess1dg20wnc,42/3_ST_Fits,c,3.758651240496342,0.056703499379320524,3,1,0.06832274750537885,0.9722729519283653,1.5650470234942042,0.050424904035722536,-0.017845325361708582,242.58228864160165,148.01035119485505,0.04415750875397071,0.04366662447725015,-0.017155478299616903,-0.037663095661945735,1986.0416666666474,2012.8749999999563,
Kal_flexLin,42/5_Kalman,c,5.13756715937164,0.05317657451406971,0,0,0.9470734622505975,0.9525838325133591,1.678165646120603,0.04505543717136727,-0.01159192386289727,260.11567514869347,156.467757037353,0.04147408380488473,0.0398966741113988,-0.01284852146509064,-0.02707928879936401,1982.8749999999836,2013.2083333332894,
GAM_AR1,42/4_GAM_AR1,c,5.827464952297977,0.04220866886313258,38,18,0.00815077418521082,0.017777964735393597,1.1073634157190095,0.06096879016220039,-0.02961213340979542,150.6014245377853,73.57325629047244,0.06314713329567553,0.06398467697187654,-0.036103026712444634,-0.06846632019462603,1989.124999999978,2013.2083333332894,
CGWL10y_sfUKCP,44/44_EarthModel_CGWL,c,6.408357553091676,0.0504427146166563,0,0,0.958125,0.958125,1.671370908048286,0.042814005426431684,-0.0021413626618557204,244.02015257504974,150.7438403687634,0.042131047888874916,0.039590527668622026,-0.0009246269320599395,0.0038648975254487712,1984.2083333333157,2009.7916666666258,
