method_name,method_class,c/r,smooth_r,avg_unc.(1se),#q<0.5,#q<0.1,q_min,q_small5,log-likeli,RMS,bias,tlog-l,100log-l,100RMS,75RMS,100bias,bias50,xyear0.5,xyear1.0,xyear1.5
cent20y,42/1_Run_Means,r,1.0,0.03266282748362712,0,0,1.0,1.0,2.5154627981360527,0.0,0.0,389.8967337110882,230.59219912364716,0.0,0.0,0.0,0.0,1984.7916666666486,2010.4583333332919,
lowess1dg20wnc,42/3_ST_Fits,c,3.6708805189742426,0.1884500241411326,0,0,0.997289985124402,0.997289985124402,0.6998587150196459,0.0616438440933323,-0.003901762220679033,108.47810082804511,51.12817012723019,0.051327895699814885,0.04465956755088728,-0.012000106282724281,-0.03779444747785149,1987.1249999999798,2012.7083333332898,
Kal_flexLin,42/5_Kalman,c,5.40476626392015,0.05317657451406971,28,0,0.1119425482567762,0.16968696395188587,1.3520039922305611,0.05962388446787879,-0.006979724592119489,209.56061879573696,138.3496946082845,0.05185147693044012,0.03943983713220312,-0.008816526277727632,-0.026687583029237506,1986.7083333333135,2013.1249999999561,
GAM_AR1,42/4_GAM_AR1,c,7.054406189715173,0.0694402855480466,12,0,0.14447056097557662,0.14447056097557662,1.167978137667839,0.07168300698324964,-0.0042336843519564845,158.8450267228261,130.4393289235746,0.05330616807589779,0.040907746225787286,-0.007584549852783132,-0.02720094422221513,1986.541666666647,2013.0416666666229,
CGWL10y_sfUKCP,44/44_EarthModel_CGWL,c,5.93973401435461,0.050724417079360255,0,0,0.9495934959349593,0.9495934959349593,1.6332401893385675,0.0466754249771184,0.003216534653293715,238.45306764343084,141.2394391002546,0.04941835391545679,0.038244075118061445,-0.0004678469099018109,0.005692128973913215,1985.9583333333142,2009.9583333332923,
