method_name,method_class,c/r,smooth_r,avg_unc.(1se),#q<0.5,#q<0.1,q_min,q_small5,log-likeli,RMS,bias,tlog-l,100log-l,100RMS,75RMS,100bias,bias50,xyear0.5,xyear1.0,xyear1.5
cent20y,42/1_Run_Means,r,1.0,0.028809970115101127,0,0,1.0,1.0,2.6465835058086413,0.0,0.0,410.2204434003394,240.93820077321305,0.0,0.0,0.0,0.0,1984.3749999999823,2010.9583333332914,
lowess1dg20wnc,42/3_ST_Fits,c,3.948687705982349,0.20585177697906787,0,0,0.9998495989423893,0.9998495989423893,0.6359836064123395,0.04351368579847894,-0.007875619551869741,98.57745899391263,44.59763995109991,0.04580546120189703,0.043053382699783496,-0.015534093479997315,-0.03254850218167092,1986.2916666666472,2014.2916666666217,
Kal_flexLin,42/5_Kalman,c,5.152008126745864,0.05317657451406971,0,0,0.9812667881040638,0.9812667881040638,1.7011893307244548,0.04360546722727624,-0.00966554118294544,263.6843462622905,152.61318145832212,0.043887818892187964,0.03954006572099004,-0.011798167675065082,-0.023201879428565626,1985.7083333333144,2014.374999999955,
GAM_AR1,42/4_GAM_AR1,c,4.1417977070822865,0.04094584544629767,29,19,4.5558380014340975e-08,4.8411627359760917e-05,0.7257523596844261,0.056638214867102875,-0.021686599244147342,98.70232091708195,9.363800919980815,0.06590771347973397,0.06937444018692025,-0.03817748420960333,-0.06655688524908934,1990.0416666666438,2014.1249999999552,
CGWL10y_sfUKCP,44/44_EarthModel_CGWL,c,6.306927740798902,0.05030780021221407,0,0,0.876,0.876,1.6156003867239725,0.04613490838186524,-0.007645566436171951,235.87765646169998,148.0023250304378,0.044265567991214394,0.03933677252160934,-0.004422168974251301,0.001590148463940537,1985.4583333333146,2013.1249999999561,
