method_name,method_class,c/r,smooth_r,avg_unc.(1se),#q<0.5,#q<0.1,q_min,q_small5,log-likeli,RMS,bias,tlog-l,100log-l,100RMS,75RMS,100bias,bias50,xyear0.5,xyear1.0,xyear1.5
cent20y,42/1_Run_Means,r,1.0,0.032417943475227945,0,0,1.0,1.0,2.523601073601805,0.0,0.0,391.1581664082797,229.6849301907065,0.0,0.0,0.0,0.0,1985.2083333333148,2009.6249999999593,
lowess1dg20wnc,42/3_ST_Fits,c,3.8493536380799,0.19607814937498982,0,0,0.9981980363863385,0.9981980363863385,0.6771822345514465,0.057472623291395915,-0.007029904354876722,104.96324635547421,46.09807820589204,0.05037894232088824,0.04548135208716988,-0.012474088759181419,-0.042274740799210814,1987.7083333333126,2012.2083333332903,
Kal_flexLin,42/5_Kalman,c,5.316053653578957,0.05317657451406971,18,0,0.11396709672058576,0.11396709672058576,1.426068079782604,0.056613647588706004,-0.007620778265223242,221.04055236630361,137.40173202068897,0.05233782274350273,0.04291297574023922,-0.009262336090692531,-0.030906112322588948,1987.2916666666463,2012.6249999999566,
GAM_AR1,42/4_GAM_AR1,c,6.787746839970213,0.062297376472651676,15,0,0.15399719811704818,0.15434180832838132,1.197148673968595,0.06699705260075187,-0.0050635467595667345,162.81221965972892,133.14084195566232,0.052603290956036254,0.043529156169168484,-0.007567473257404895,-0.03323470910708147,1987.208333333313,2012.2916666666235,
CGWL10y_sfUKCP,44/44_EarthModel_CGWL,c,6.289368444647854,0.050410102403933,0,0,0.9867586206896551,0.9867586206896551,1.6604160972721629,0.04505987148826091,0.003026416456860651,242.42075020173579,143.5855066383383,0.046040076082124695,0.037704693070024844,-0.004347226997662984,-0.00010696750411994457,1986.7916666666467,2009.874999999959,
