method_name,method_class,c/r,smooth_r,avg_unc.(1se),#q<0.5,#q<0.1,q_min,q_small5,log-likeli,RMS,bias,tlog-l,100log-l,100RMS,75RMS,100bias,bias50,xyear0.5,xyear1.0,xyear1.5
cent20y,42/1_Run_Means,r,1.0,0.031692757581488984,0,0,1.0,1.0,2.546282626379493,0.0,0.0,394.6738070888214,233.70635131954043,0.0,0.0,0.0,0.0,1984.8749999999882,2010.4583333332982,
GWI_anthro_CGWL,43/3_Human_Induced,c,2.401168882870325,0.08616291346134063,0,0,0.9779864269198876,0.9779864269198876,1.351077625912682,0.05627654012893468,0.0036072279906570917,95.92651143980042,95.92651143980041,0.05627654012893467,0.05627654012893467,0.0036072279906570917,0.03582553822221158,1982.87499999999,2009.374999999966,
GWI_anthro_SR15,43/3_Human_Induced,c,2.219984409921344,0.07751045555987433,0,0,0.9932647725514148,0.9932647725514148,1.415026997161213,0.054086339918715434,0.0008629556124840574,100.46691679844612,100.4669167984461,0.054086339918715434,0.054086339918715434,0.0008629556124840576,0.02143919514801229,1985.2083333333212,2009.5416666666324,
GWI_anthro,43/3_Human_Induced,c,2.3957231719440317,0.08114488189508488,0,0,0.9675854592405522,0.9675854592405522,1.405422931682159,0.05359631422951047,0.0020866362962367884,99.78502814943329,99.78502814943327,0.05359631422951048,0.05359631422951048,0.002086636296236788,0.027879863169538766,1983.7916666666558,2009.8749999999654,
FaIR_nonat_unB,43/1_ERF_FaIR,c,4.435876917415656,0.026098797029856968,44,37,1.035931470586781e-20,2.8215690865469026e-20,-1055.5487757277606,0.36315418774695213,0.22868599516905425,-96054.93859122622,-96054.93859122624,0.36315418774695213,0.2692034658621313,0.2286859951690543,0.009446001101660106,1985.7083333333208,2010.8749999999645,
FaIR_anthro_unB,43/1_ERF_FaIR,c,4.107808910303299,0.023778815068543634,54,41,1.9049098957191862e-25,4.914265397392422e-24,-1449.7327774109717,0.34719263923704735,0.22515418502023385,-131925.68274439842,-131925.68274439842,0.34719263923704735,0.25876746230426134,0.22515418502023388,0.015528019392220734,1984.7083333333217,2010.7916666666313,
