method_name,method_class,c/r,smooth_r,avg_unc.(1se),#q<0.5,#q<0.1,q_min,q_small5,log-likeli,RMS,bias,tlog-l,100log-l,100RMS,75RMS,100bias,bias50,xyear0.5,xyear1.0,xyear1.5
cent20y,42/1_Run_Means,r,1.0,0.03215442354209088,0,0,1.0,1.0,2.5334226187822195,0.0,0.0,392.68050591124404,232.8296524764571,0.0,0.0,0.0,0.0,1984.624999999982,2010.208333333292,
lowess1dg20wnc,42/3_ST_Fits,c,3.793019668185133,0.1632939303882898,0,0,0.9984831962296004,0.9984831962296004,0.8029598941128718,0.06095417192550343,-0.0035451850195091696,124.45878358749513,64.07325191064045,0.04421653163921633,0.04001711520545671,-0.01259839753628098,-0.03849313366015069,1987.208333333313,2013.5416666666224,
Kal_flexLin,42/5_Kalman,c,5.373533972225108,0.05317657451406971,17,3,0.003755733006408891,0.2206015531225753,1.3923936537697394,0.05798181689468911,-0.007856988018930597,215.8210163343096,147.637743881135,0.046819822681365766,0.04026046248971523,-0.010115938436070244,-0.0284184774144998,1986.7916666666467,2013.8749999999554,
GAM_AR1,42/4_GAM_AR1,c,9.07338745972298,0.07071639070354702,4,0,0.10709389110554847,0.6592904953827472,1.2297802261698463,0.0701370871336434,-0.008680163725033838,167.2501107590991,134.35124047881794,0.0485074164929766,0.041507483167264755,-0.00990229387878654,-0.02934119588047107,1986.6249999999802,2013.4583333332891,
CGWL10y_sfUKCP,44/44_EarthModel_CGWL,c,6.469139361869443,0.05057925668454939,0,0,0.8418018018018018,0.8418018018018018,1.5564989270388023,0.0501216928327565,0.007510776279782992,227.24884334766514,138.12722480075362,0.050651276720289726,0.043746542454939856,0.005730396037604378,0.00815393634388443,1985.7916666666476,2013.2916666666226,
