method_name,method_class,c/r,smooth_r,avg_unc.(1se),#q<0.5,#q<0.1,q_min,q_small5,log-likeli,RMS,bias,tlog-l,100log-l,100RMS,75RMS,100bias,bias50,xyear0.5,xyear1.0,xyear1.5
cent20y,42/1_Run_Means,r,1.0,0.026919873228312612,0,0,1.0,1.0,2.707988826041624,0.0,0.0,419.7382680364517,244.32483181204975,0.0,0.0,0.0,0.0,1986.9583333333132,2012.45833333329,
lowess1dg20wnc,42/3_ST_Fits,c,3.582591859959621,0.04420672738976086,41,0,0.3852978077945488,0.4008067133338445,1.5053052677899668,0.047994986989586264,-0.013408905924017753,233.32231650744484,141.21455485762837,0.04782051002251312,0.048764886326728915,-0.01497241388968348,-0.042419239677450024,1989.2083333333112,2014.6249999999548,
Kal_flexLin,42/5_Kalman,c,5.075017537599736,0.05317657451406971,0,0,0.8984896029577487,0.8984896029577487,1.684211232596773,0.044432718137206624,-0.010898409446498464,261.0527410524998,156.18926478802777,0.041653163673233934,0.04280236570588354,-0.009941654463265219,-0.029925976531363863,1987.874999999979,2014.6249999999548,
GAM_AR1,42/4_GAM_AR1,c,6.774437758525557,0.042513182174482196,24,2,0.0024463986424762677,0.114079579299475,1.379824823614428,0.050329165991150907,-0.005960499353918989,187.6561760115622,128.5699927593954,0.04916898841366713,0.04542893266075232,-0.01415690218019341,-0.02954828906724553,1987.6249999999793,2014.4583333332882,
CGWL10y_sfUKCP,44/44_EarthModel_CGWL,c,6.33477745436435,0.05032222151996628,0,0,0.8913684210526315,0.8913684210526315,1.6417240041740144,0.04228812323326539,0.0004933895855046783,239.69170460940612,153.9852275212512,0.03762205207248886,0.036822404406942524,0.0009552605112150066,0.003240884809212688,1987.7916666666458,2014.1249999999552,
