method_name,method_class,c/r,smooth_r,avg_unc.(1se),#q<0.5,#q<0.1,q_min,q_small5,log-likeli,RMS,bias,tlog-l,100log-l,100RMS,75RMS,100bias,bias50,xyear0.5,xyear1.0,xyear1.5
cent20y,42/1_Run_Means,r,1.0,0.026681991335205442,0,0,1.0,1.0,2.7157758679637465,0.0,0.0,420.9452595343807,244.70526693392662,0.0,0.0,0.0,0.0,1984.4583333333155,2010.4583333332919,
lowess1dg20wnc,42/3_ST_Fits,c,3.3997311650275903,0.165285484585204,0,0,0.9940526608898638,0.9940526608898638,0.8397005720273952,0.04755940855349203,-0.011775935518733507,130.15358866424626,60.22014897734883,0.049200810440197265,0.048529244327777554,-0.01541601378067153,-0.04161183840537608,1987.208333333313,2013.5416666666224,
Kal_flexLin,42/5_Kalman,c,4.669327357052136,0.05317657451406971,0,0,0.9025095548868182,0.9025095548868182,1.6719662352602265,0.04524024626346938,-0.011151008717567377,259.1547664653351,154.184888089928,0.04292000972873465,0.04329066211187486,-0.010081158402010544,-0.02902992357735229,1986.6249999999802,2013.7916666666222,
GAM_AR1,42/4_GAM_AR1,c,7.216880300809896,0.04287050106968735,12,2,0.03277717080782372,0.19128344128210495,1.4709256040507115,0.04822587806690849,-0.003434958388809807,200.04588215089677,132.26723630156167,0.048884545151938234,0.04580719492821093,-0.013354040412841458,-0.028124311271305304,1986.4583333333137,2013.6249999999557,
CGWL10y_sfUKCP,44/44_EarthModel_CGWL,c,6.395676145599918,0.050493646989906986,0,0,0.8902439024390244,0.8902439024390244,1.5541376564116072,0.0456207171449089,-0.000407873968471283,226.90409783609465,151.01203945056182,0.03944440402493197,0.038635772708878115,0.002539445475019308,0.006535279168391188,1985.5416666666479,2013.0416666666229,
