method_name,method_class,c/r,smooth_r,avg_unc.(1se),#q<0.5,#q<0.1,q_min,q_small5,log-likeli,RMS,bias,tlog-l,100log-l,100RMS,75RMS,100bias,bias50,xyear0.5,xyear1.0,xyear1.5
cent20y,42/1_Run_Means,r,1.0,0.03136842355818376,0,0,1.0,1.0,2.556338079085453,0.0,0.0,396.2324022582452,232.56722560610316,0.0,0.0,0.0,0.0,1984.791666666655,2010.1249999999652,
GWI_anthro_CGWL,43/3_Human_Induced,c,2.4951729099158704,0.0809825314909914,0,0,0.982431961923661,0.982431961923661,1.4906870984234388,0.041760583444148895,-0.000505447618370574,105.83878398806415,105.83878398806414,0.041760583444148895,0.041760583444148895,-0.0005054476183705743,0.01504256735711313,1982.7916666666567,2012.4583333332964,
GWI_anthro_SR15,43/3_Human_Induced,c,2.297852178010207,0.07335257759078935,0,0,0.9878674500116873,0.9878674500116873,1.5386396253508077,0.043138548058523,0.0004105117956894384,109.24341339990734,109.24341339990735,0.043138548058523,0.043138548058523,0.0004105117956894383,0.00800386123011591,1984.7083333333217,2012.3749999999632,
GWI_anthro,43/3_Human_Induced,c,2.405572491575796,0.07638396793915089,0,0,0.9832925362231623,0.9832925362231623,1.535478752916026,0.04114985112828669,0.00022251104418529702,109.01899145703786,109.01899145703786,0.04114985112828669,0.04114985112828669,0.00022251104418529661,0.011411329238868987,1983.4583333333228,2012.5416666666297,
FaIR_nonat_unB,43/1_ERF_FaIR,c,4.814791776447956,0.02709221310904303,63,37,2.0680573888641987e-20,1.586972082544726e-19,-974.9024735508519,0.36674666568917574,0.2203234860813265,-88716.12509312753,-88716.12509312751,0.36674666568917574,0.268124144212314,0.22032348608132651,-0.003103921227671155,1985.7083333333208,2011.2083333332976,
