method_name,method_class,c/r,smooth_r,avg_unc.(1se),#q<0.5,#q<0.1,q_min,q_small5,log-likeli,RMS,bias,tlog-l,100log-l,100RMS,75RMS,100bias,bias50,xyear0.5,xyear1.0,xyear1.5
cent20y,42/1_Run_Means,r,1.0,0.030156677065473265,0,0,1.0,1.0,2.59339808722299,0.0,0.0,401.97670351956344,236.91126137264285,0.0,0.0,0.0,0.0,1984.8749999999818,2010.2916666666254,
lowess1dg20wnc,42/3_ST_Fits,c,3.823419149934391,0.20544338244920063,0,0,0.9973881897679651,0.9973881897679651,0.6314269495296004,0.05094817814665872,-0.015199282220089818,97.87117717708807,41.299382498954046,0.04600609821067347,0.04548245703897628,-0.011726876901722272,-0.03839422376660223,1987.208333333313,2012.7083333332898,
Kal_flexLin,42/5_Kalman,c,4.98736486321953,0.05317657451406971,0,0,0.7827978289603312,0.7827978289603312,1.6263580242316091,0.04729409666496295,-0.010277502053184822,252.08549375589942,155.1519838154387,0.04231350220112612,0.040577824963842345,-0.007612719825737755,-0.027150539869940028,1986.7916666666467,2013.374999999956,
GAM_AR1,42/4_GAM_AR1,c,6.426911220850033,0.05061302467151731,17,7,4.939589117893123e-05,0.009584021690344278,1.2159486143774292,0.05934163905833998,-0.010791625123872902,165.36901155533036,128.0922852543465,0.050411300890349696,0.04564078926337783,-0.009335412818905365,-0.03217904331364764,1986.87499999998,2013.0416666666229,
CGWL10y_sfUKCP,44/44_EarthModel_CGWL,c,6.362034909650034,0.05019308309401235,0,0,0.9650847457627119,0.9650847457627119,1.6797317747954896,0.04010541117405356,-0.0053231796679488585,245.2408391201415,154.2234629764264,0.038415304036805514,0.034831423501305726,-0.0054622930677122586,0.001045481549787522,1986.1249999999807,2009.6249999999593,
