method_name,method_class,c/r,smooth_r,avg_unc.(1se),#q<0.5,#q<0.1,q_min,q_small5,log-likeli,RMS,bias,tlog-l,100log-l,100RMS,75RMS,100bias,bias50,xyear0.5,xyear1.0,xyear1.5
cent20y,42/1_Run_Means,r,1.0,0.029811334935043142,0,0,1.0,1.0,2.6144007224418955,0.0,0.0,405.2321119784938,240.21662180494786,0.0,0.0,0.0,0.0,1978.4583333333273,2005.6249999999693,
GWI_anthro_CGWL,43/3_Human_Induced,c,2.474631407651051,0.08647027135058426,45,0,0.3380114984286538,0.3380114984286538,0.5923902604591713,0.11640476546135226,-0.0802851010024239,42.05970849260116,42.05970849260117,0.11640476546135226,0.11640476546135226,-0.08028510100242389,-0.13855584911984356,1986.8749999999864,2013.958333333295,
GWI_anthro_SR15,43/3_Human_Induced,c,2.2678067542984994,0.07686098483299293,11,0,0.3347463061457846,0.3347463061457846,0.8215329669379144,0.09500374885496626,-0.05500151857188999,58.32884065259193,58.328840652591936,0.09500374885496626,0.09500374885496626,-0.055001518571889986,-0.10850789692440374,1985.458333333321,2012.958333333296,
GWI_anthro,43/3_Human_Induced,c,2.477771744662864,0.08052140169569577,47,0,0.3777661461414611,0.3777661461414611,0.7250828867735887,0.10342999913208341,-0.06331002640511178,51.4808849609248,51.4808849609248,0.10342999913208341,0.10342999913208341,-0.0633100264051118,-0.11970343764976349,1986.5416666666533,2013.291666666629,
FaIR_nonat_unB,43/1_ERF_FaIR,c,1.7056159100658326,0.02581790171499314,47,0,0.14198782961460446,0.14198782961460446,1.1805825840367994,0.0480454937757628,-0.030155897147442916,107.43301514734874,107.43301514734874,0.04804549377576281,0.03230085725596332,-0.03015589714744292,-0.004203482822876146,1978.8749999999936,2005.0416666666365,
