method_name,method_class,c/r,smooth_r,avg_unc.(1se),#q<0.5,#q<0.1,q_min,q_small5,log-likeli,RMS,bias,tlog-l,100log-l,100RMS,75RMS,100bias,bias50,xyear0.5,xyear1.0,xyear1.5
cent20y,42/1_Run_Means,r,1.0,0.0313015724155922,0,0,1.0,1.0,2.5606096506830984,0.0,0.0,396.8944958558802,236.74972823563337,0.0,0.0,0.0,0.0,1984.791666666655,2010.2083333332985,
GWI_anthro_CGWL,43/3_Human_Induced,c,2.5958854400720375,0.08868730450694813,0,0,0.9981650064262317,0.9981650064262317,1.3142210824570724,0.06416674524866015,0.020952294912943377,93.30969685445214,93.30969685445214,0.06416674524866015,0.06416674524866015,0.020952294912943377,0.05436403146801011,1980.291666666659,2009.5416666666324,
GWI_anthro_SR15,43/3_Human_Induced,c,2.376954402303596,0.0791853813031055,0,0,0.996566758331648,0.996566758331648,1.4235567832146723,0.05281059549444748,0.016631822727507392,101.07253160824173,101.07253160824175,0.052810595494447485,0.05281059549444748,0.01663182272750739,0.038443630978941774,1983.1249999999898,2009.708333333299,
GWI_anthro,43/3_Human_Induced,c,2.513915490942568,0.0830757137201072,0,0,0.9932347543586153,0.9932347543586153,1.3781702235636517,0.05714636087720968,0.018340504915636883,97.85008587301927,97.85008587301928,0.05714636087720968,0.05714636087720968,0.018340504915636883,0.04553387446028901,1982.1249999999907,2009.9583333332987,
FaIR_nonat_unB,43/1_ERF_FaIR,c,4.630150975834384,0.025484083174906278,49,39,6.785174389245816e-21,8.581825665065961e-19,-920.120653734076,0.3376563841166508,0.21440058036431953,-83730.97948980091,-83730.97948980091,0.3376563841166508,0.2433860780559392,0.21440058036431947,0.013332948634714957,1985.2083333333212,2010.9583333332978,
FaIR_anthro_unB,43/1_ERF_FaIR,c,4.535485516218136,0.023371737266713315,66,48,4.267860810021397e-25,3.0835118697180906e-22,-1278.6200416006493,0.32398057564710986,0.2177359692860765,-116354.42378565909,-116354.42378565908,0.3239805756471098,0.23581036911163558,0.21773596928607655,0.031160253990686868,1979.29166666666,2010.374999999965,
