method_name,method_class,c/r,smooth_r,avg_unc.(1se),#q<0.5,#q<0.1,q_min,q_small5,log-likeli,RMS,bias,tlog-l,100log-l,100RMS,75RMS,100bias,bias50,xyear0.5,xyear1.0,xyear1.5
cent20y,42/1_Run_Means,r,1.0,0.02709727795469347,0,0,1.0,1.0,2.700775597560234,0.0,0.0,418.6202176218362,243.53076000475733,0.0,0.0,0.0,0.0,1984.3749999999886,2010.374999999965,
GWI_anthro_CGWL,43/3_Human_Induced,c,2.7967051202318043,0.07891745969751883,0,0,0.9960121564485842,0.9960121564485842,1.4456438826923717,0.03777320368936931,-0.007205535432055269,102.64071567115839,102.64071567115838,0.0377732036893693,0.0377732036893693,-0.007205535432055269,-0.025027433808557563,1985.3749999999877,2014.3749999999613,
GWI_anthro_SR15,43/3_Human_Induced,c,2.5509400641602555,0.07112196624113581,0,0,0.986475429389192,0.986475429389192,1.4537776829524582,0.04720109934871554,-0.0013025686633953266,103.21821548962454,103.21821548962453,0.04720109934871554,0.04720109934871554,-0.0013025686633953266,-0.025336784578257932,1985.8749999999873,2014.3749999999613,
GWI_anthro,43/3_Human_Induced,c,2.6534061913226306,0.07410512876931419,0,0,0.9925230989040477,0.9925230989040477,1.456590670711628,0.04317139346011973,-0.0029260214282226743,103.41793762052559,103.4179376205256,0.04317139346011972,0.04317139346011972,-0.0029260214282226743,-0.024200004418611053,1985.2083333333212,2014.291666666628,
FaIR_nonat_unB,43/1_ERF_FaIR,c,5.31402544096805,0.028157401908538302,47,38,4.1261355458370275e-18,3.3737996026373487e-17,-729.0651022144814,0.3425054728539798,0.2196282827649793,-66344.9243015178,-66344.9243015178,0.3425054728539798,0.25834826696282825,0.21962828276497928,0.014971138089429003,1984.9583333333214,2010.9583333332978,
FaIR_anthro_unB,43/1_ERF_FaIR,c,5.534871087973151,0.02403609962863666,56,42,1.0919968561269362e-23,2.9577448165279504e-22,-1235.2813124522074,0.32447613594414365,0.21220052634614836,-112410.59943315087,-112410.59943315087,0.3244761359441437,0.24681529139697317,0.21220052634614833,0.018341434946669902,1983.541666666656,2011.2083333332976,
