method_name,method_class,c/r,smooth_r,avg_unc.(1se),#q<0.5,#q<0.1,q_min,q_small5,log-likeli,RMS,bias,tlog-l,100log-l,100RMS,75RMS,100bias,bias50,xyear0.5,xyear1.0,xyear1.5
cent20y,42/1_Run_Means,r,1.0,0.028200813123037287,0,0,1.0,1.0,2.661852992992511,0.0,0.0,412.5872139138392,236.99318814594665,0.0,0.0,0.0,0.0,1994.5416666666397,,
lowess1dg20wnc,42/3_ST_Fits,c,3.253244386984712,0.0420682368238206,21,4,0.038063738351946166,0.11183446038405906,1.4317368489606077,0.051790877965321724,-0.015536626650128482,221.9192115888942,117.84446011544246,0.055596492135395706,0.04464420374764669,-0.01615235804578395,-0.03803387242435653,1996.6249999999711,2018.3749999999513,
Kal_flexLin,42/5_Kalman,c,4.482418164103129,0.05317657451406971,6,0,0.16444352005597196,0.29344245305914024,1.5893587373137013,0.04922117564078619,-0.00941161240192834,246.3506042836237,136.70546656342933,0.05269217777880841,0.038378268409595497,-0.010987533883702856,-0.026092710513356415,1996.5416666666379,2017.8749999999518,
GAM_AR1,42/4_GAM_AR1,c,7.016833768256464,0.0445418226372962,34,13,4.6529514344045467e-07,0.013467710633780975,1.066921818227304,0.05803255799953473,-0.011592758261859107,145.10136727891333,61.76429222273939,0.06635376076240176,0.04647814612982612,-0.017709252106383404,-0.03107559328866455,1996.4583333333046,2018.2083333332848,
CGWL10y_sfUKCP,44/44_EarthModel_CGWL,c,6.0052755683746515,0.050545713653968226,0,0,0.9290909090909092,0.9290909090909092,1.6001080213966028,0.04977516047403308,0.011217250243236252,233.615771123904,139.33098824356946,0.05194525317202418,0.03815886680839787,0.008413841595063979,0.006826421262235665,1992.7916666666413,2018.2083333332848,
