method_name,method_class,c/r,smooth_r,avg_unc.(1se),#q<0.5,#q<0.1,q_min,q_small5,log-likeli,RMS,bias,tlog-l,100log-l,100RMS,75RMS,100bias,bias50,xyear0.5,xyear1.0,xyear1.5
cent20y,42/1_Run_Means,r,1.0,0.03238996198099068,0,0,1.0,1.0,2.5234841643973747,0.0,0.0,391.14004548159306,231.9723287026497,0.0,0.0,0.0,0.0,1985.124999999988,2010.2083333332985,
GWI_anthro_CGWL,43/3_Human_Induced,c,2.424111230783352,0.08506022742490632,0,0,0.9943849785112111,0.9943849785112111,1.454357054358611,0.043326518798940165,0.012586001984079928,103.25935085946139,103.25935085946139,0.04332651879894017,0.04332651879894017,0.012586001984079928,0.03228001022577946,1982.7916666666567,2010.708333333298,
GWI_anthro_SR15,43/3_Human_Induced,c,2.2124150509776266,0.07671927979926067,0,0,0.9965929097680146,0.9965929097680146,1.5175678288389018,0.04141302470835424,0.011600850634890001,107.74731584756204,107.74731584756205,0.04141302470835425,0.04141302470835425,0.011600850634890001,0.02156942788090305,1985.124999999988,2011.1249999999643,
GWI_anthro,43/3_Human_Induced,c,2.3554584283407536,0.08005544767794708,0,0,0.9990593140180013,0.9990593140180013,1.4990198756269193,0.041241081351753944,0.012208946939258294,106.43041116951127,106.43041116951127,0.041241081351753944,0.041241081351753944,0.012208946939258296,0.026569666086030907,1983.6249999999893,2011.2083333332976,
FaIR_nonat_unB,43/1_ERF_FaIR,c,4.119855683981597,0.025101775720821066,53,35,1.925766374423084e-22,5.2128807411513246e-21,-1051.3527521698024,0.3465485160184993,0.20978536085706512,-95673.10044745203,-95673.10044745202,0.3465485160184993,0.2540775264251337,0.20978536085706512,-0.004053045167658529,1986.2916666666536,2011.2916666666308,
