method_name,method_class,c/r,smooth_r,avg_unc.(1se),#q<0.5,#q<0.1,q_min,q_small5,log-likeli,RMS,bias,tlog-l,100log-l,100RMS,75RMS,100bias,bias50,xyear0.5,xyear1.0,xyear1.5
cent20y,42/1_Run_Means,r,1.0,0.02873455782438277,0,0,1.0,1.0,2.6452318827313057,0.0,0.0,410.01094182335237,234.17371230955695,0.0,0.0,0.0,0.0,1984.291666666649,2010.8749999999582,
lowess1dg20wnc,42/3_ST_Fits,c,3.479463822000673,0.17460900556751024,0,0,0.9922894630064756,0.9922894630064756,0.7816229574417026,0.05871542573173797,-0.014147909760544471,121.15155840346391,52.267735217079455,0.0652406885760635,0.054592305184618724,-0.01619692074585693,-0.03749769667661909,1986.3749999999804,2014.2083333332885,
Kal_flexLin,42/5_Kalman,c,4.699627873530027,0.05317657451406971,5,1,0.08503186954647399,0.4369418087989196,1.4632617767062301,0.055020487910826144,-0.01016282328864004,226.80557538946567,122.1613490524325,0.05961460675323833,0.04567438638115408,-0.01103147198256101,-0.026181673731221534,1982.8749999999836,2014.2916666666217,
GAM_AR1,42/4_GAM_AR1,c,8.984730952932603,0.04673380790901439,47,8,4.3739857906427654e-09,0.010060764017046135,0.9057428247224986,0.06380930843309619,-0.009963856761499997,123.1810241622598,51.07578788086452,0.07063911162154496,0.04880243220735337,-0.016500269448295735,-0.022682373221294176,1982.5416666666506,2014.1249999999552,
CGWL10y_sfUKCP,44/44_EarthModel_CGWL,c,5.91849058086339,0.050113103298410296,0,0,0.8342857142857143,0.8342857142857143,1.5549684000935562,0.05040923288690732,0.0028606107812945776,227.0253864136592,139.17108839440823,0.05034101829389021,0.03829532249645143,-0.001577751601341083,0.006145075891160908,1983.8749999999827,2013.2083333332894,
