method_name,method_class,c/r,smooth_r,avg_unc.(1se),#q<0.5,#q<0.1,q_min,q_small5,log-likeli,RMS,bias,tlog-l,100log-l,100RMS,75RMS,100bias,bias50,xyear0.5,xyear1.0,xyear1.5
cent20y,42/1_Run_Means,r,1.0,0.03130008474456345,0,0,1.0,1.0,2.560659608119598,0.0,0.0,396.9022392585377,236.7551775344313,0.0,0.0,0.0,0.0,1987.7916666666522,2013.291666666629,
GWI_anthro_CGWL,43/3_Human_Induced,c,2.59605937810817,0.08868730461214298,0,0,0.9976405986834567,0.9976405986834567,1.3129351556291866,0.06431967754084156,0.02137422430790851,93.21839604967225,93.21839604967224,0.06431967754084157,0.06431967754084157,0.02137422430790851,0.054787219266974885,1983.3749999999895,2014.3749999999613,
GWI_anthro_SR15,43/3_Human_Induced,c,2.3770769666617197,0.07918538133986987,0,0,0.9961523296307422,0.9961523296307422,1.422226768423819,0.05296728117587952,0.01705509725098516,100.97810055809116,100.97810055809116,0.05296728117587951,0.05296728117587951,0.01705509725098516,0.03886888714642326,1986.2083333333203,2014.6249999999611,
GWI_anthro,43/3_Human_Induced,c,2.5142962788192103,0.08307571402802597,0,0,0.9953056113859624,0.9953056113859624,1.3768522178845706,0.057300676760274526,0.01876271271625297,97.7565074698045,97.7565074698045,0.057300676760274526,0.057300676760274526,0.01876271271625297,0.04595728926416926,1984.791666666655,2014.4583333332946,
FaIR_nonat_unB,43/1_ERF_FaIR,c,2.1560053287124084,0.025506607441229446,10,1,0.09110368474099982,0.32461355529131986,1.6141554160762857,0.034155989881580584,0.01859484880420918,146.888142862942,146.88814286294203,0.034155989881580584,0.023682159736024947,0.01859484880420918,0.01377165961002715,1987.6249999999857,2013.624999999962,
FaIR_anthro_unB,43/1_ERF_FaIR,c,2.146978662948192,0.023326882787489508,25,0,0.17406559863975554,0.17406559863975554,1.1597990397007738,0.040691765462540504,0.029237332385338127,105.54171261277041,105.54171261277041,0.040691765462540504,0.03628592427798383,0.029237332385338134,0.0315665372816686,1986.2916666666536,2013.2083333332957,
