method_name,method_class,c/r,smooth_r,avg_unc.(1se),#q<0.5,#q<0.1,q_min,q_small5,log-likeli,RMS,bias,tlog-l,100log-l,100RMS,75RMS,100bias,bias50,xyear0.5,xyear1.0,xyear1.5
cent20y,42/1_Run_Means,r,1.0,0.03199270825253571,0,0,1.0,1.0,2.535634591970514,0.0,0.0,393.0233617554297,231.92368391532972,0.0,0.0,0.0,0.0,1984.8749999999818,2010.3749999999586,
lowess1dg20wnc,42/3_ST_Fits,c,3.847218812683357,0.17842393910539317,0,0,0.9938376937266762,0.9938376937266762,0.7711466096095129,0.058048904016657354,-0.016403039998391582,119.5277244894745,52.95314548296325,0.050112198694916524,0.045366067877934825,-0.010962623851814499,-0.03893628387510574,1987.3749999999795,2013.7916666666222,
Kal_flexLin,42/5_Kalman,c,5.354605137629844,0.05317657451406971,18,0,0.11243429151127074,0.1523968264184454,1.4075836807186555,0.05735484472547361,-0.0078558437815508,218.1754705113916,142.1449299355494,0.04985686100981818,0.042207869794681045,-0.008061122217343519,-0.02827437445856642,1986.9583333333132,2014.041666666622,
GAM_AR1,42/4_GAM_AR1,c,5.721522267427767,0.05940095712990586,4,2,0.07063891312191353,0.6589059505107163,1.3800700371015677,0.054721965832503605,-0.006082805183583352,187.6895250458132,135.46305670573224,0.051044763833845694,0.046044172681886396,-0.007979604265412454,-0.033760380535887625,1986.9583333333132,2013.708333333289,
CGWL10y_sfUKCP,44/44_EarthModel_CGWL,c,5.8927327086293815,0.050706764178410656,0,0,0.9290909090909091,0.9290909090909091,1.6340163534808745,0.04717273747371403,0.008722834663978588,238.56638760820766,142.94972168003852,0.04727273361217071,0.039310182828606245,-0.00019713230522902755,0.005213753046417249,1985.9583333333142,2012.8749999999563,
