method_name,method_class,c/r,smooth_r,avg_unc.(1se),#q<0.5,#q<0.1,q_min,q_small5,log-likeli,RMS,bias,tlog-l,100log-l,100RMS,75RMS,100bias,bias50,xyear0.5,xyear1.0,xyear1.5
cent20y,42/1_Run_Means,r,1.0,0.02872403028256469,0,0,1.0,1.0,2.6488892346634088,0.0,0.0,410.57783137282837,241.21801745274738,0.0,0.0,0.0,0.0,1984.4583333333155,2011.0416666666247,
lowess1dg20wnc,42/3_ST_Fits,c,3.7676861308954703,0.2000626234564394,0,0,0.9980720865648206,0.9980720865648206,0.6204259257659006,0.0480953454331754,-0.01787618469030168,96.1660184937146,45.56983628960165,0.04200205243316062,0.040816912471306255,-0.01587097740541851,-0.030470784732453092,1986.1249999999807,2014.041666666622,
Kal_flexLin,42/5_Kalman,c,5.164743052007116,0.05317657451406971,0,0,0.9950146288794633,0.9950146288794633,1.7293723665021155,0.04219816028925723,-0.01060304873646838,268.0527168078279,157.76898539887733,0.04062689084086573,0.038253284603317436,-0.011823397680645957,-0.021002325278458422,1985.0416666666483,2014.2083333332885,
GAM_AR1,42/4_GAM_AR1,c,4.051073848314366,0.04280247189152913,30,16,0.003232803332965459,0.05386230022391939,1.2579472467806156,0.05365400287556824,-0.03180139121798752,171.08082556216374,90.24636841299096,0.05878560280981054,0.05792885537241588,-0.03348271021426864,-0.05702462291260304,1987.7916666666458,2013.8749999999554,
CGWL10y_sfUKCP,44/44_EarthModel_CGWL,c,6.401375973598767,0.05030748755220444,0,0,0.9327777777777778,0.9327777777777778,1.633602470914641,0.04411312343829112,-0.002971931213417366,238.50596075353758,148.58527151389887,0.043507605178402874,0.04181066538922787,-0.0029687998784753158,0.0036700159773589104,1985.3749999999814,2009.7916666666258,
