method_name,method_class,c/r,smooth_r,avg_unc.(1se),#q<0.5,#q<0.1,q_min,q_small5,log-likeli,RMS,bias,tlog-l,100log-l,100RMS,75RMS,100bias,bias50,xyear0.5,xyear1.0,xyear1.5
cent20y,42/1_Run_Means,r,1.0,0.031692757581488984,0,0,1.0,1.0,2.546282626379493,0.0,0.0,394.6738070888214,233.70635131954043,0.0,0.0,0.0,0.0,1984.8749999999882,2010.4583333332982,
GWI_anthro_CGWL,43/3_Human_Induced,c,2.4011688828738347,0.08616291346134676,0,0,0.9779864269198071,0.9779864269198071,1.3510776259112973,0.056276540128920985,0.003607227990692246,95.92651143970211,95.92651143970213,0.05627654012892098,0.05627654012892098,0.003607227990692246,0.035825538222238384,1982.87499999999,2009.374999999966,
GWI_anthro_SR15,43/3_Human_Induced,c,2.219984409920105,0.07751045555986594,0,0,0.9932647725514148,0.9932647725514148,1.4150269971577698,0.05408633991873683,0.0008629556125192581,100.46691679820165,100.46691679820164,0.054086339918736834,0.054086339918736834,0.0008629556125192583,0.02143919514805854,1985.2083333333212,2009.5416666666324,
GWI_anthro,43/3_Human_Induced,c,2.395723171957103,0.08114488189506971,0,0,0.9675854592404647,0.9675854592404647,1.4054229316826117,0.05359631422957175,0.002086636296191136,99.78502814946543,99.78502814946543,0.05359631422957175,0.05359631422957175,0.0020866362961911365,0.0278798631695639,1983.7916666666558,2009.8749999999654,
FaIR_nonat_unB,43/1_ERF_FaIR,c,4.414648411590384,0.026061254419103192,46,35,4.288800351153716e-22,7.584798999266332e-21,-1020.3170783334182,0.35646757332395873,0.21838858733708785,-92848.85412834106,-92848.85412834106,0.3564675733239588,0.26431323090250686,0.21838858733708785,-0.0003463216202593436,1985.9583333333205,2011.374999999964,
