method_name,method_class,c/r,smooth_r,avg_unc.(1se),#q<0.5,#q<0.1,q_min,q_small5,log-likeli,RMS,bias,tlog-l,100log-l,100RMS,75RMS,100bias,bias50,xyear0.5,xyear1.0,xyear1.5
cent20y,42/1_Run_Means,r,1.0,0.028518131625861424,0,0,1.0,1.0,2.6514821858135402,0.0,0.0,410.97973880109873,240.82393968398958,0.0,0.0,0.0,0.0,1972.2083333333312,2001.7916666666376,
GWI_anthro_CGWL,43/3_Human_Induced,c,2.6658357421737344,0.07081257828292642,0,0,0.8184874179019815,0.8184874179019815,1.3024776008655679,0.06736392353118567,-0.058914293846862566,92.47590966145532,92.4759096614553,0.06736392353118567,0.06736392353118567,-0.05891429384686257,-0.07412919690882967,1978.5416666666588,2004.0416666666356,
GWI_anthro_SR15,43/3_Human_Induced,c,2.410948415781592,0.06558660006337963,0,0,0.9763079371563168,0.9763079371563168,1.4848610734139254,0.05269553547444597,-0.041575652491345594,105.4251362123887,105.42513621238871,0.05269553547444597,0.05269553547444597,-0.041575652491345594,-0.05463038556224419,1976.7916666666604,2002.3749999999704,
GWI_anthro,43/3_Human_Induced,c,2.5414569810837797,0.06746111879449669,0,0,0.9338390969484008,0.9338390969484008,1.4256247873608006,0.05759805715366201,-0.04749038101301494,101.21935990261684,101.21935990261684,0.05759805715366201,0.05759805715366201,-0.04749038101301495,-0.06206231935324571,1977.1249999999934,2003.0416666666365,
FaIR_nonat_unB,43/1_ERF_FaIR,c,2.0532181002412733,0.029221286671805062,64,23,0.07728894173602854,0.07728894173602854,-0.036202506959847655,0.06086338529579115,-0.040046241401305964,-3.2944281333461367,-3.294428133346134,0.06086338529579115,0.060460805634060595,-0.040046241401305964,-0.006025408709366172,1976.4583333333273,1999.5416666666397,2021.8749999999527
