method_name,method_class,c/r,smooth_r,avg_unc.(1se),#q<0.5,#q<0.1,q_min,q_small5,log-likeli,RMS,bias,tlog-l,100log-l,100RMS,75RMS,100bias,bias50,xyear0.5,xyear1.0,xyear1.5
cent20y,42/1_Run_Means,r,1.0,0.02873455782438277,0,0,1.0,1.0,2.6452318827313057,0.0,0.0,410.01094182335237,234.17371230955695,0.0,0.0,0.0,0.0,1984.2916666666554,2010.8749999999645,
GWI_anthro_CGWL,43/3_Human_Induced,c,2.7365925489439733,0.08324383703457001,0,0,0.9916520597056848,0.9916520597056848,1.4693062311750704,0.042145167058585765,0.010051707611293273,104.32074241343,104.32074241343,0.042145167058585765,0.042145167058585765,0.010051707611293273,0.025819684563840525,1982.3749999999905,2012.5416666666297,
GWI_anthro_SR15,43/3_Human_Induced,c,2.5449788386386145,0.0747031896681454,0,0,0.9939622275497036,0.9939622275497036,1.4860687240438533,0.04758102746849041,0.009441597974739013,105.51087940711358,105.5108794071136,0.047581027468490404,0.047581027468490404,0.009441597974739013,0.01476725718227062,1984.0416666666556,2012.7916666666295,
GWI_anthro,43/3_Human_Induced,c,2.6825486369498917,0.07822238948571304,0,0,0.9977692447942568,0.9977692447942568,1.4884937074072475,0.04459202329925534,0.010090009805082472,105.68305322591458,105.68305322591458,0.04459202329925534,0.04459202329925534,0.010090009805082472,0.0201218759149732,1982.9583333333233,2012.7916666666295,
FaIR_nonat_unB,43/1_ERF_FaIR,c,5.011120273693603,0.027795189692286535,50,37,4.0772330594508175e-18,1.836673868398127e-17,-746.0426710794646,0.3437594798731677,0.21419550094369533,-67889.88306823128,-67889.88306823127,0.34375947987316763,0.26048163410335323,0.21419550094369533,0.007228316379375504,1984.8749999999882,2011.6249999999638,
