method_name,method_class,c/r,smooth_r,avg_unc.(1se),#q<0.5,#q<0.1,q_min,q_small5,log-likeli,RMS,bias,tlog-l,100log-l,100RMS,75RMS,100bias,bias50,xyear0.5,xyear1.0,xyear1.5
cent20y,42/1_Run_Means,r,1.0,0.027119864233268946,0,0,1.0,1.0,2.6991530512374595,0.0,0.0,418.36872294180625,243.0349839123142,0.0,0.0,0.0,0.0,1986.6249999999866,2012.8749999999627,
GWI_anthro_CGWL,43/3_Human_Induced,c,2.8405002170955598,0.07931361611126184,0,0,0.9993256192913276,0.9993256192913276,1.5280596060719236,0.026941292475595104,0.0016539237583292547,108.49223203110658,108.49223203110658,0.0269412924755951,0.0269412924755951,0.0016539237583292547,-0.0052912953208737205,1986.3749999999868,2015.3749999999604,
GWI_anthro_SR15,43/3_Human_Induced,c,2.5884101276326,0.07154932955335894,0,0,0.9655384167520814,0.9655384167520814,1.5443231177259957,0.03740080241311675,0.005953921112159361,109.64694135854569,109.6469413585457,0.03740080241311675,0.03740080241311675,0.005953921112159361,-0.008214734491351655,1986.7083333333198,2015.4583333332937,
GWI_anthro,43/3_Human_Induced,c,2.691409600193731,0.07457915497399817,0,0,0.9916966757768559,0.9916966757768559,1.5427463046466852,0.032686240095745944,0.004820808124017137,109.53498762991464,109.53498762991464,0.03268624009574594,0.03268624009574594,0.004820808124017137,-0.0061189287588310865,1986.2916666666536,2015.3749999999604,
FaIR_nonat_unB,43/1_ERF_FaIR,c,2.0698591884943025,0.02829904963571961,11,0,0.36068172810146654,0.47216517133282887,2.0290511940821125,0.031608362728966485,0.023078215366598563,184.64365866147224,184.64365866147222,0.031608362728966485,0.02963485918059326,0.023078215366598563,0.02268379342657851,1986.124999999987,2012.958333333296,
