method_name,method_class,c/r,smooth_r,avg_unc.(1se),#q<0.5,#q<0.1,q_min,q_small5,log-likeli,RMS,bias,tlog-l,100log-l,100RMS,75RMS,100bias,bias50,xyear0.5,xyear1.0,xyear1.5
cent20y,42/1_Run_Means,r,1.0,0.029177031597040493,0,0,1.0,1.0,2.6347486060233853,0.0,0.0,408.38603393362473,241.24929510364473,0.0,0.0,0.0,0.0,1973.124999999997,2002.2916666666372,
GWI_anthro_CGWL,43/3_Human_Induced,c,2.6309236818864377,0.07085055420739585,0,0,0.9703922201841205,0.9703922201841205,1.4112837603516015,0.05602904042592916,-0.042840332956950826,100.20114698496371,100.20114698496371,0.05602904042592916,0.05602904042592916,-0.042840332956950826,-0.06173603369059664,1978.1249999999925,2003.4583333333028,
GWI_anthro_SR15,43/3_Human_Induced,c,2.392257695136614,0.06543282516719906,0,0,0.9993427518542,0.9993427518542,1.5435787239829042,0.045433574680899966,-0.027193923774546748,109.5940894027862,109.5940894027862,0.045433574680899966,0.045433574680899966,-0.027193923774546748,-0.044795479690916504,1976.958333333327,2002.0416666666374,
GWI_anthro,43/3_Human_Induced,c,2.529805310376332,0.06737126805738751,0,0,0.997037013071999,0.997037013071999,1.500126211984591,0.048928572988665216,-0.032550711599011316,106.50896105090597,106.508961050906,0.04892857298866522,0.048928572988665216,-0.03255071159901131,-0.051184100726686936,1977.1249999999934,2002.6249999999702,
FaIR_nonat_unB,43/1_ERF_FaIR,c,2.124175265672836,0.028602390932055296,64,19,0.09245148836736768,0.09245148836736768,0.991188643478528,0.05119132627580866,-0.02780552964618818,90.19816655654604,90.19816655654603,0.05119132627580866,0.05311520962551141,-0.02780552964618818,-0.0007288760899780567,1976.4583333333273,1999.4583333333064,
FaIR_anthro_unB,43/1_ERF_FaIR,c,1.8249132067226856,0.026255764415036426,68,41,0.08562691131498472,0.08562691131498472,0.01335976521854051,0.05800208784950203,-0.044229544039574915,1.2157386348871864,1.2157386348871864,0.05800208784950204,0.05788467186949647,-0.044229544039574915,-0.02136722188760324,1976.374999999994,2000.1249999999725,
