method_name,method_class,c/r,smooth_r,avg_unc.(1se),#q<0.5,#q<0.1,q_min,q_small5,log-likeli,RMS,bias,tlog-l,100log-l,100RMS,75RMS,100bias,bias50,xyear0.5,xyear1.0,xyear1.5
cent20y,42/1_Run_Means,r,1.0,0.03208772669516307,0,0,1.0,1.0,2.533954862741835,0.0,0.0,392.7630037249844,233.60260610856236,0.0,0.0,0.0,0.0,1984.958333333315,2010.2916666666254,
lowess1dg20wnc,42/3_ST_Fits,c,4.0215879192877155,0.18731257545625807,0,0,0.9975343519109654,0.9975343519109654,0.7185617482290992,0.05876388815921831,-0.014088021627729574,111.37707097551038,50.096228896061184,0.047532618976284406,0.042285782550612945,-0.010787477786485507,-0.039306212545548516,1987.6249999999793,2012.6249999999566,
Kal_flexLin,42/5_Kalman,c,5.662205472193514,0.05317657451406971,18,0,0.13685807402324612,0.1854991868704196,1.459229986284426,0.05516504995197228,-0.008259375111036733,226.18064787408605,147.12025050618288,0.047114304529509016,0.03843493310853234,-0.007746117667558056,-0.028286292728975482,1987.1249999999798,2013.0416666666229,
GAM_AR1,42/4_GAM_AR1,c,6.096645011093273,0.06212263293682572,10,0,0.3093915188818308,0.3638159423019237,1.3156335293109966,0.059224295658963984,-0.0023569869332786125,178.92615998629554,139.526372157783,0.04756415503129588,0.03879125793282948,-0.007227752219087668,-0.030470525619954753,1986.9583333333132,2012.9583333332896,
CGWL10y_sfUKCP,44/44_EarthModel_CGWL,c,6.133925500066485,0.05054219832583781,0,0,0.9426771653543307,0.9426771653543307,1.650883670835702,0.045476469754720125,0.005291439994907258,241.02901594201248,147.30446989830054,0.04538566770442155,0.038667886624185875,-0.001602009013726672,0.005506597713136646,1986.208333333314,2009.7916666666258,
