method_name,method_class,c/r,smooth_r,avg_unc.(1se),#q<0.5,#q<0.1,q_min,q_small5,log-likeli,RMS,bias,tlog-l,100log-l,100RMS,75RMS,100bias,bias50,xyear0.5,xyear1.0,xyear1.5
cent20y,42/1_Run_Means,r,1.0,0.029227826307814588,0,0,1.0,1.0,2.6345343292723364,0.0,0.0,408.35282103721215,239.59225692155087,0.0,0.0,0.0,0.0,1976.9583333333223,2004.1249999999643,
lowess1dg20wnc,42/3_ST_Fits,c,3.8057368203416413,0.06347586512298026,0,0,0.9874848731659335,0.9874848731659335,1.6205777328029294,0.04406979240092437,-0.005875053410165953,251.18954858445406,144.96478265397207,0.04240240905896891,0.04178765044965714,-0.017843904314673247,-0.03052125243175845,1979.9583333333196,2003.6249999999648,2023.8749999999463
Kal_flexLin,42/5_Kalman,c,5.182411159468249,0.05317657451406971,0,0,0.633596575741046,0.9656560143139413,1.6767160551532319,0.045726928635471446,-0.011403548041354994,259.89098854875095,156.74871921771722,0.041292628668436235,0.03929908614681319,-0.013349163202030933,-0.021353416032988962,1979.2916666666536,2002.8749999999654,2023.5416666666133
GAM_AR1,42/4_GAM_AR1,c,4.154609543203401,0.042022730268958204,14,12,1.4405798199200737e-09,5.401473762347799e-06,0.7738537963645842,0.05537436579024358,-0.008290110719802147,105.24411630558345,29.68116622464491,0.05794664552570596,0.06534312021006243,-0.032089991787824027,-0.057100546731263545,1985.7083333333144,2004.041666666631,2023.7083333332798
CGWL10y_sfUKCP,44/44_EarthModel_CGWL,c,6.185925445362602,0.05020356842827412,0,0,0.8342857142857143,0.8342857142857143,1.5761956587289117,0.04664752592765332,-0.011437305629807697,230.1245661744211,151.91551438085105,0.041259192761655565,0.039652931601942124,-0.009231457083084519,-0.004717620032937989,1978.3749999999877,2002.2916666666326,2022.8749999999472
