method_name,method_class,c/r,smooth_r,avg_unc.(1se),#q<0.5,#q<0.1,q_min,q_small5,log-likeli,RMS,bias,tlog-l,100log-l,100RMS,75RMS,100bias,bias50,xyear0.5,xyear1.0,xyear1.5
cent20y,42/1_Run_Means,r,1.0,0.02896107765878639,0,0,1.0,1.0,2.638373789903914,0.0,0.0,408.94793743510667,239.41719930989376,0.0,0.0,0.0,0.0,1983.958333333316,2011.124999999958,
lowess1dg20wnc,42/3_ST_Fits,c,3.697270598500059,0.20681941815452773,0,0,0.999566727871591,0.999566727871591,0.6078175502777525,0.0484648751489547,-0.009316243043031658,94.21172029305164,44.57097085154133,0.04538147184462218,0.0406080541471002,-0.015374277664967672,-0.029171141438608095,1985.5416666666479,2014.374999999955,
Kal_flexLin,42/5_Kalman,c,4.936219894138107,0.05317657451406971,0,0,0.5429253437915732,0.639824981017811,1.6310922856030086,0.048796557978004244,-0.011630839711605254,252.81930426846634,150.46764388377863,0.04517551769521889,0.039398990705825795,-0.011839290266786909,-0.021009555128318952,1982.7916666666504,2014.4583333332882,
GAM_AR1,42/4_GAM_AR1,c,3.4586421833151144,0.0386093914768117,47,15,1.8484895436387052e-09,2.019084087762649e-06,0.709978527609271,0.056232734520287465,-0.014960351051265208,96.55707975486087,4.070084426490329,0.06459087564215844,0.07219032635865931,-0.030653263406214697,-0.06923964450144857,1989.458333333311,2014.2083333332885,
CGWL10y_sfUKCP,44/44_EarthModel_CGWL,c,6.340738669584892,0.050207408409445514,0,0,0.6870588235294118,0.6870588235294118,1.540344242326379,0.049265186897082335,-0.009134737036341042,224.89025937965133,141.74496487245108,0.04805916997245614,0.04280795008791471,-0.003835240472613371,0.003104843573617996,1985.2083333333148,2013.2916666666226,
