method_name,method_class,c/r,smooth_r,avg_unc.(1se),#q<0.5,#q<0.1,q_min,q_small5,log-likeli,RMS,bias,tlog-l,100log-l,100RMS,75RMS,100bias,bias50,xyear0.5,xyear1.0,xyear1.5
cent20y,42/1_Run_Means,r,1.0,0.03261256842012127,0,0,1.0,1.0,2.5188383536597083,0.0,0.0,390.41994481725476,232.45632259777608,0.0,0.0,0.0,0.0,1984.7083333333217,2010.2916666666317,
GWI_anthro_CGWL,43/3_Human_Induced,c,2.5585871077638447,0.08927164966850518,0,0,0.9779391687991723,0.9779391687991723,1.190136503579816,0.07695867923910828,0.015216816572045865,84.49969175416693,84.49969175416692,0.07695867923910828,0.07695867923910828,0.015216816572045865,0.059922624110982155,1980.7916666666586,2009.0416666666329,
GWI_anthro_SR15,43/3_Human_Induced,c,2.322638312253323,0.07989373424739671,0,0,0.9283606503625242,0.9283606503625242,1.2984206389902355,0.0665337851944134,0.010398083484952197,92.18786536830672,92.18786536830672,0.0665337851944134,0.0665337851944134,0.010398083484952195,0.043349826421422676,1983.4583333333228,2009.1249999999661,
GWI_anthro,43/3_Human_Induced,c,2.4660584323090866,0.08377546180305444,0,0,0.9750254193149562,0.9750254193149562,1.2574782744869368,0.07024512708286562,0.012258723535689874,89.28095748857251,89.28095748857251,0.07024512708286561,0.07024512708286561,0.012258723535689874,0.05057788837137584,1982.4583333333237,2009.4583333332992,
FaIR_nonat_unB,43/1_ERF_FaIR,c,4.424147156739836,0.02489600638266494,46,36,2.5908995554174563e-22,1.417983261818513e-21,-1097.1937730933723,0.3560969143066401,0.22068810161386693,-99844.63335149687,-99844.63335149687,0.3560969143066401,0.2550815168955307,0.22068810161386695,0.005842900467650735,1985.5416666666542,2011.2083333332976,
FaIR_anthro_unB,43/1_ERF_FaIR,c,4.401900836085024,0.02314303817068317,54,43,1.1999216353810035e-25,8.906167081940288e-24,-1475.9838858959806,0.3408515341719786,0.2215593874686013,-134314.53361653423,-134314.5336165342,0.3408515341719786,0.2461206021352264,0.22155938746860132,0.01979920577026668,1984.1249999999889,2010.708333333298,
