method_name,method_class,c/r,smooth_r,avg_unc.(1se),#q<0.5,#q<0.1,q_min,q_small5,log-likeli,RMS,bias,tlog-l,100log-l,100RMS,75RMS,100bias,bias50,xyear0.5,xyear1.0,xyear1.5
cent20y,42/1_Run_Means,r,1.0,0.03033817023613351,0,0,1.0,1.0,2.5917893228453517,0.0,0.0,401.7273450410295,236.86874398509042,0.0,0.0,0.0,0.0,1981.2916666666517,2007.3749999999613,
lowess1dg20wnc,42/3_ST_Fits,c,3.745647143472723,0.06387219103755033,0,0,0.8390168673603458,0.9215870236603044,1.4634982755809258,0.05418097943418063,-0.009664388311686613,226.8422327150435,134.84956852769426,0.050602373629955094,0.05093313126984457,-0.013069063673187333,-0.03562568574478457,1983.3749999999832,2006.624999999962,
Kal_flexLin,42/5_Kalman,c,5.239684050556046,0.05317657451406971,6,0,0.44621856595376547,0.4708134564379086,1.5369608442757787,0.052208707505007654,-0.010582677125680843,238.2289308627457,150.32298068437427,0.0452610226165457,0.04409256836859508,-0.008651021501592155,-0.024128096732815046,1982.1249999999843,2006.1249999999625,
GAM_AR1,42/4_GAM_AR1,c,6.560902760178376,0.053921364388099476,1,1,0.033553779113770964,0.5799065047908275,1.3824263929661271,0.056689151372214655,-0.002037070909557895,188.0099894433933,129.01094375041063,0.05283110625795387,0.04870699582345966,-0.012936618535547723,-0.02783224550277505,1982.5416666666506,2006.3749999999623,
CGWL10y_sfUKCP,44/44_EarthModel_CGWL,c,5.706379476659337,0.051143479635638575,0,0,0.9829702970297031,0.9829702970297031,1.6778473667962446,0.04137009272944273,-0.004293699517476975,244.9657155522517,150.7456750649453,0.04063944576439654,0.037526862622516755,-0.004577555659685135,0.00018372343739507941,1982.7916666666504,2004.6249999999638,
