method_name,method_class,c/r,smooth_r,avg_unc.(1se),#q<0.5,#q<0.1,q_min,q_small5,log-likeli,RMS,bias,tlog-l,100log-l,100RMS,75RMS,100bias,bias50,xyear0.5,xyear1.0,xyear1.5
cent20y,42/1_Run_Means,r,1.0,0.03136827188108736,0,0,1.0,1.0,2.5551853253636407,0.0,0.0,396.05372543136434,232.37725691428213,0.0,0.0,0.0,0.0,1983.4583333333228,2009.1249999999661,
GWI_anthro_CGWL,43/3_Human_Induced,c,2.4513278149619104,0.08489761078739673,0,0,0.9598679782091841,0.9598679782091841,1.3591103679917491,0.05722326885443422,0.008454904007555077,96.49683612741418,96.49683612741418,0.05722326885443421,0.05722326885443422,0.008454904007555077,0.04112937125679451,1982.1249999999907,2006.6249999999684,
GWI_anthro_SR15,43/3_Human_Induced,c,2.2585073811510936,0.07646584922487151,0,0,0.9979482443110117,0.9979482443110117,1.43030783405797,0.054275161314392265,0.006465656811646881,101.55185621811587,101.55185621811587,0.05427516131439226,0.05427516131439226,0.006465656811646881,0.02819606506412195,1983.7916666666558,2005.7083333333026,
GWI_anthro,43/3_Human_Induced,c,2.4342663836706304,0.07997569406744462,0,0,0.9490505746579194,0.9490505746579194,1.415362958288952,0.054527898151474054,0.0074431348577939285,100.49077003851559,100.49077003851559,0.054527898151474054,0.054527898151474054,0.0074431348577939285,0.034033770092975556,1982.7083333333235,2008.124999999967,
FaIR_nonat_unB,43/1_ERF_FaIR,c,1.8089245348845098,0.026703370489752742,2,0,0.13386647772113472,0.5586995395089315,2.0082960988205034,0.03197768594626833,0.010025862209937552,182.7549449926658,182.75494499266577,0.03197768594626833,0.023991291838795187,0.010025862209937552,0.0065270201138816555,1984.3749999999886,2009.2916666666326,
FaIR_anthro_unB,43/1_ERF_FaIR,c,1.821949006683925,0.0240967963810114,4,0,0.30917009982455024,0.7192272483353208,1.9508541665517354,0.030062479691465187,0.011276072457930745,177.52772915620793,177.52772915620795,0.030062479691465187,0.020738508478910334,0.011276072457930742,0.007882799560550042,1983.3749999999895,2009.4583333332992,
