method_name,method_class,c/r,smooth_r,avg_unc.(1se),#q<0.5,#q<0.1,q_min,q_small5,log-likeli,RMS,bias,tlog-l,100log-l,100RMS,75RMS,100bias,bias50,xyear0.5,xyear1.0,xyear1.5
cent20y,42/1_Run_Means,r,1.0,0.03211082916308414,0,0,1.0,1.0,2.5332602079869897,0.0,0.0,392.65533223798343,231.81843621843808,0.0,0.0,0.0,0.0,1984.624999999982,2010.1249999999588,
lowess1dg20wnc,42/3_ST_Fits,c,3.6783559432475137,0.169339436726571,0,0,0.9997337840930287,0.9997337840930287,0.8272816869166105,0.055592763584189804,-0.012110221079819686,128.22866147207463,59.19633197161065,0.0515994583396624,0.04779880568672074,-0.012996240382027301,-0.041133620405410035,1987.4583333333128,2013.2083333332894,
Kal_flexLin,42/5_Kalman,c,5.106839500966594,0.05317657451406971,21,3,0.0792484618867937,0.23385361914296088,1.428360126806212,0.05649178319942072,-0.008166164331971636,221.39581965496288,137.61576035553668,0.052228412779818406,0.042736132678696505,-0.009631202252709997,-0.029292950713048015,1986.9583333333132,2013.5416666666224,
GAM_AR1,42/4_GAM_AR1,c,5.138066026104864,0.05939526794608669,9,0,0.3541399953612265,0.4648520796699733,1.328855301666122,0.058717569491887285,-0.0017879626194557783,180.72432102659258,133.39478044756282,0.05314402020035104,0.0487881625748971,-0.00955244866336887,-0.03755706099635557,1987.1249999999798,2013.2916666666226,
CGWL10y_sfUKCP,44/44_EarthModel_CGWL,c,5.667236371661705,0.050626458528061066,0,0,0.926984126984127,0.926984126984127,1.6182046819738631,0.047705891388397426,0.009151214925161869,236.257883568184,141.06183208800178,0.04836037880057478,0.039661355692965604,0.004142657181966999,0.007579274090719268,1986.2916666666472,2012.3749999999568,
