method_name,method_class,c/r,smooth_r,avg_unc.(1se),#q<0.5,#q<0.1,q_min,q_small5,log-likeli,RMS,bias,tlog-l,100log-l,100RMS,75RMS,100bias,bias50,xyear0.5,xyear1.0,xyear1.5
cent20y,42/1_Run_Means,r,1.0,0.03199261197311977,0,0,1.0,1.0,2.5356333584698927,0.0,0.0,393.02317056283334,231.92088281218702,0.0,0.0,0.0,0.0,1987.4583333333192,2013.291666666629,
GWI_anthro_CGWL,43/3_Human_Induced,c,2.458968756455164,0.09278744979192173,0,0,0.9437181490289769,0.9437181490289769,1.1489240115228307,0.07860396348208433,0.029757409334635127,81.57360481812098,81.57360481812098,0.07860396348208433,0.07860396348208433,0.029757409334635124,0.0744106623335929,1982.9583333333233,2012.624999999963,
GWI_anthro_SR15,43/3_Human_Induced,c,2.256021094870168,0.08233204270526259,0,0,0.9738696093276697,0.9738696093276697,1.2526562334750049,0.06801648921002386,0.02254348847206077,88.93859257672534,88.93859257672534,0.06801648921002387,0.06801648921002387,0.02254348847206077,0.05357358140126034,1985.8749999999873,2013.3749999999623,
GWI_anthro,43/3_Human_Induced,c,2.403750137296194,0.08673844802726871,0,0,0.9588196105271107,0.9588196105271107,1.2063452485500048,0.07206283942651454,0.025287610318168362,85.65051264705035,85.65051264705033,0.07206283942651454,0.07206283942651454,0.02528761031816836,0.06257250447354394,1984.1249999999889,2013.1249999999625,
FaIR_nonat_unB,43/1_ERF_FaIR,c,2.0699418267265015,0.024670651750735326,28,0,0.1518035629226099,0.2885453824811732,1.4535730520758328,0.03570750597594692,0.010206212847068625,132.27514773890078,132.27514773890078,0.03570750597594692,0.027019342315394462,0.010206212847068625,-0.0032516098022144367,1988.5416666666515,2013.7083333332953,
