method_name,method_class,c/r,smooth_r,avg_unc.(1se),#q<0.5,#q<0.1,q_min,q_small5,log-likeli,RMS,bias,tlog-l,100log-l,100RMS,75RMS,100bias,bias50,xyear0.5,xyear1.0,xyear1.5
cent20y,42/1_Run_Means,r,1.0,0.028110250512256525,0,0,1.0,1.0,2.6660038562417383,0.0,0.0,413.23059771746944,239.48985157922522,0.0,0.0,0.0,0.0,1984.5416666666488,2010.791666666625,
lowess1dg20wnc,42/3_ST_Fits,c,3.556768928974474,0.21611998325487528,0,0,0.9994029413335783,0.9994029413335783,0.6110528729078214,0.03931334005510887,-0.008350494657492121,94.71319530071231,39.91567568909457,0.041775182276287445,0.03987258570153954,-0.01740672662151131,-0.03070814830993828,1986.3749999999804,2014.2083333332885,
Kal_flexLin,42/5_Kalman,c,4.793192344710451,0.05317657451406971,0,0,0.9897923814103805,0.9897923814103805,1.7308698949457126,0.0420618276573286,-0.010848633338482556,268.28483371658547,155.8773059328575,0.04185285390165543,0.0380258770384019,-0.013464435255415418,-0.02225045253946998,1985.874999999981,2014.2083333332885,
GAM_AR1,42/4_GAM_AR1,c,3.089285408594275,0.03528352502940646,41,14,3.042431360556836e-09,7.544973315968184e-05,0.9870851078851008,0.0508031137194891,-0.018558051695164172,134.2435746723737,41.82600675000157,0.057165823570057804,0.062177243094711815,-0.04020549311570828,-0.06033765005923306,1988.9583333333114,2014.041666666622,
CGWL10y_sfUKCP,44/44_EarthModel_CGWL,c,6.164346189513561,0.05013837605234115,0,0,0.9196850393700787,0.9196850393700787,1.6177491489734033,0.045846832070767625,-0.009969023294265257,236.1913757501169,150.21639199417308,0.041982314014615066,0.03922089722734723,-0.008303963368442366,-0.0020651214105606454,1985.874999999981,2013.2916666666226,
