method_name,method_class,c/r,smooth_r,avg_unc.(1se),#q<0.5,#q<0.1,q_min,q_small5,log-likeli,RMS,bias,tlog-l,100log-l,100RMS,75RMS,100bias,bias50,xyear0.5,xyear1.0,xyear1.5
cent20y,42/1_Run_Means,r,1.0,0.028539211291600294,0,0,1.0,1.0,2.650731056948727,0.0,0.0,410.8633138270527,240.28669394317896,0.0,0.0,0.0,0.0,1992.0416666666483,2016.7916666666258,
GWI_anthro_CGWL,43/3_Human_Induced,c,2.5092023992779535,0.08518483008503144,0,0,0.8001292603028526,0.8001292603028526,1.3078509850619318,0.06313112831687162,0.01646702698319664,92.85741993939716,92.85741993939715,0.06313112831687162,0.06313112831687162,0.016467026983196638,0.05410243383993562,1987.2916666666526,2015.541666666627,
GWI_anthro_SR15,43/3_Human_Induced,c,2.3345704680549493,0.07593128779847187,0,0,0.9780038507864273,0.9780038507864273,1.3777121711146487,0.058547979281908046,0.013950852233288664,97.81756414914005,97.81756414914007,0.05854797928190805,0.058547979281908046,0.013950852233288664,0.038327609709814546,1987.8749999999854,2015.9583333332932,
GWI_anthro,43/3_Human_Induced,c,2.486649531760863,0.07982073874271432,0,0,0.9002122807069141,0.9002122807069141,1.3534560906143003,0.05999181471810091,0.015370199775232435,96.09538243361533,96.09538243361533,0.05999181471810091,0.05999181471810091,0.015370199775232435,0.04553463836428443,1987.2916666666526,2015.7083333332935,
FaIR_nonat_unB,43/1_ERF_FaIR,c,2.6969151256671475,0.027787521147559897,49,43,0.001339579925569375,0.011807555584997948,-5.5082546675370665,0.08067515863309425,0.05757896812478304,-501.251174745873,-501.2511747458731,0.08067515863309425,0.06098286260458574,0.05757896812478304,0.023653891021174583,1991.3749999999823,2016.2916666666263,
FaIR_anthro_unB,43/1_ERF_FaIR,c,2.411888825290121,0.024498357601926066,90,65,0.0008164030936192097,0.0012253477133980183,-15.85018822922246,0.09018496454085427,0.07881645096566536,-1442.3671288592438,-1442.367128859244,0.09018496454085426,0.07420143840952502,0.07881645096566535,0.052234770829851215,1988.374999999985,2016.0416666666265,
