method_name,method_class,c/r,smooth_r,avg_unc.(1se),#q<0.5,#q<0.1,q_min,q_small5,log-likeli,RMS,bias,tlog-l,100log-l,100RMS,75RMS,100bias,bias50,xyear0.5,xyear1.0,xyear1.5
cent20y,42/1_Run_Means,r,1.0,0.03021666614353629,0,0,1.0,1.0,2.5941641233450063,0.0,0.0,402.095439118476,238.71542570923566,0.0,0.0,0.0,0.0,1982.7916666666504,2008.87499999996,
lowess1dg20wnc,42/3_ST_Fits,c,3.815580863266417,0.05610249644715957,0,0,0.9681189204116329,0.9681189204116329,1.6022633071353358,0.048105434949979875,-0.012064264510283019,248.35081260597704,154.13760913874825,0.04036641859641058,0.04404895974628532,-0.014374174369651944,-0.03505010875198776,1986.0416666666474,2009.4583333332928,
Kal_flexLin,42/5_Kalman,c,5.217523539889719,0.05317657451406971,0,0,0.7096072469297512,0.8861366446891974,1.6151630759393008,0.04826201586285189,-0.010132786449632645,250.35027677059162,159.76284056903796,0.03929332617472041,0.041719439203313544,-0.009724716777147606,-0.024716827576454124,1982.7916666666504,2009.541666666626,
GAM_AR1,42/4_GAM_AR1,c,4.403380207392769,0.04916685103611375,18,8,0.0006611180014866484,0.013853586830344466,1.1702026980159754,0.05745781323413476,-0.012403666375018541,159.14756693017267,88.43190316091585,0.060540386704113165,0.04866404225864341,-0.02806154252911503,-0.04315601345893718,1986.7916666666467,2009.541666666626,
CGWL10y_sfUKCP,44/44_EarthModel_CGWL,c,5.891414144456783,0.05011001796491685,0,0,0.9733333333333333,0.9733333333333333,1.729345087426596,0.039326125646509405,0.00020069305274438294,252.48438276428303,157.3670059811298,0.036069928846858716,0.03654115692150397,-0.0038235378537495967,0.0010233029835700984,1984.1249999999825,2008.9583333332932,
