method_name,method_class,c/r,smooth_r,avg_unc.(1se),#q<0.5,#q<0.1,q_min,q_small5,log-likeli,RMS,bias,tlog-l,100log-l,100RMS,75RMS,100bias,bias50,xyear0.5,xyear1.0,xyear1.5
cent20y,42/1_Run_Means,r,1.0,0.02699599657890935,0,0,1.0,1.0,2.7039119213301333,0.0,0.0,419.1063478061707,243.4668837295414,0.0,0.0,0.0,0.0,1984.4583333333155,2010.7083333332916,
lowess1dg20wnc,42/3_ST_Fits,c,3.610471800580611,0.16008580843001766,0,0,0.9963817961539447,0.9963817961539447,0.8685640155391642,0.04852887099043951,-0.012742672948767011,134.62742240857045,62.48338744587572,0.04948699091797518,0.047578522200771765,-0.015439294170912447,-0.040653225057227675,1987.0416666666465,2013.5416666666224,
Kal_flexLin,42/5_Kalman,c,4.993910681723668,0.05317657451406971,0,0,0.8830273643256541,0.8830273643256541,1.6472488884979102,0.04635463674869747,-0.01052359302124872,255.32357771717608,152.40788948436523,0.044012660041490514,0.04243462633221454,-0.010208868002203284,-0.02831862639072092,1986.4583333333137,2013.708333333289,
GAM_AR1,42/4_GAM_AR1,c,7.682028994576462,0.04294399195967197,40,9,0.0024044155278025504,0.013139586103765045,1.1790099765596584,0.05581798020392052,-0.007390088315552423,160.34535681211355,92.35541249578992,0.05863712828658992,0.05229451711716702,-0.018814623343865577,-0.035884866756997036,1986.7083333333135,2013.5416666666224,
CGWL10y_sfUKCP,44/44_EarthModel_CGWL,c,6.5895055595134435,0.05003331314411855,0,0,0.9005607476635514,0.9005607476635514,1.6064975434768693,0.045404578595140084,0.002343014062111381,234.54864134762292,150.13856104511967,0.04119387223252836,0.037520995071488705,0.004569084052397182,0.007421244011163741,1985.4583333333146,2012.6249999999566,
