method_name,method_class,c/r,smooth_r,avg_unc.(1se),#q<0.5,#q<0.1,q_min,q_small5,log-likeli,RMS,bias,tlog-l,100log-l,100RMS,75RMS,100bias,bias50,xyear0.5,xyear1.0,xyear1.5
cent20y,42/1_Run_Means,r,1.0,0.030995872216289695,0,0,1.0,1.0,2.5683478180524038,0.0,0.0,398.0939117981226,235.2544057302946,0.0,0.0,0.0,0.0,1984.9583333333214,2010.041666666632,
GWI_anthro_CGWL,43/3_Human_Induced,c,2.6244893270886553,0.08273446137651838,0,0,0.9965805739869207,0.9965805739869207,1.4408278131879462,0.04798767017794842,0.0009625083354919672,102.29877473634417,102.29877473634417,0.04798767017794842,0.04798767017794843,0.0009625083354919674,0.025492987982876567,1983.1249999999898,2010.5416666666315,
GWI_anthro_SR15,43/3_Human_Induced,c,2.4088025089812843,0.07474486967618392,0,0,0.9798328263029938,0.9798328263029938,1.49511273464752,0.04784204545417123,0.00027840169647793723,106.15300415997392,106.15300415997393,0.04784204545417123,0.04784204545417122,0.00027840169647793723,0.015048877747750242,1985.124999999988,2010.8749999999645,
GWI_anthro,43/3_Human_Induced,c,2.545210991313959,0.07802942178786929,0,0,0.9851382474701469,0.9851382474701469,1.4872615197864991,0.0469717045259452,0.0007398066283301279,105.59556790484145,105.59556790484147,0.0469717045259452,0.0469717045259452,0.0007398066283301282,0.019881705172272054,1983.7916666666558,2011.1249999999643,
FaIR_nonat_unB,43/1_ERF_FaIR,c,4.563662730540059,0.02705976588880917,45,36,5.4229200174483355e-21,1.8363402713421757e-20,-1016.9183313873845,0.3694811237088046,0.2255557286060621,-92539.56815625199,-92539.568156252,0.3694811237088046,0.2712717142247719,0.2255557286060621,-0.0005220864227372511,1985.791666666654,2010.9583333332978,
