method_name,method_class,c/r,smooth_r,avg_unc.(1se),#q<0.5,#q<0.1,q_min,q_small5,log-likeli,RMS,bias,tlog-l,100log-l,100RMS,75RMS,100bias,bias50,xyear0.5,xyear1.0,xyear1.5
cent20y,42/1_Run_Means,r,1.0,0.03015188434031753,0,0,1.0,1.0,2.593583172927422,0.0,0.0,402.0053918037504,236.9278522553392,0.0,0.0,0.0,0.0,1978.4583333333273,2005.7916666666358,
GWI_anthro_CGWL,43/3_Human_Induced,c,2.5368896370713387,0.08064659981026391,0,0,0.9789855966557716,0.9789855966557716,1.478417115766874,0.041814898086606093,0.0012990112848130567,104.96761521944805,104.96761521944806,0.04181489808660609,0.041814898086606093,0.0012990112848130567,0.009030567329648784,1978.041666666661,2005.7916666666358,
GWI_anthro_SR15,43/3_Human_Induced,c,2.3010604492274447,0.0730955330863437,0,0,0.9985196743650031,0.9985196743650031,1.5452278077707833,0.04032036527362161,0.0029255685238447474,109.71117435172562,109.71117435172563,0.04032036527362161,0.04032036527362161,0.0029255685238447474,0.004483284737498455,1979.624999999993,2004.6249999999702,
GWI_anthro,43/3_Human_Induced,c,2.415894633891825,0.07603500203090244,0,0,0.9902578788147488,0.9902578788147488,1.5310536713403538,0.03997982236966062,0.0023094238680366496,108.70481066516511,108.70481066516511,0.03997982236966062,0.03997982236966062,0.0023094238680366496,0.006916214745643091,1979.0416666666601,2005.6249999999693,
FaIR_nonat_unB,43/1_ERF_FaIR,c,1.8492538106085477,0.028166040062667933,38,0,0.13601599798138875,0.13601599798138875,0.8601834177824772,0.053025485795325025,-0.029625394413250544,78.27669101820543,78.27669101820541,0.05302548579532503,0.046987179097396144,-0.029625394413250544,0.004127502165027917,1978.6249999999939,2004.7916666666367,
