method_name,method_class,c/r,smooth_r,avg_unc.(1se),#q<0.5,#q<0.1,q_min,q_small5,log-likeli,RMS,bias,tlog-l,100log-l,100RMS,75RMS,100bias,bias50,xyear0.5,xyear1.0,xyear1.5
cent20y,42/1_Run_Means,r,1.0,0.02922718413781151,0,0,1.0,1.0,2.6246255280743847,0.0,0.0,406.8169568515296,236.44461030433996,0.0,0.0,0.0,0.0,1984.958333333315,2010.3749999999586,
lowess1dg20wnc,42/3_ST_Fits,c,3.4979718747201107,0.20501746919583602,0,0,0.9988574675101396,0.9988574675101396,0.6317275085623565,0.04953725337710921,-0.014410733678611147,97.91776382716526,40.52912939200607,0.0456464935833592,0.04811877667068984,-0.013284542892850205,-0.03670324463960196,1987.0416666666465,2013.5416666666224,
Kal_flexLin,42/5_Kalman,c,4.8044853856052745,0.05317657451406971,0,0,0.9749792975722152,0.9749792975722152,1.6655506342199091,0.04550126131664932,-0.009511581175347216,258.1603483040859,153.0865388655215,0.04359860065767574,0.04453431207916758,-0.009408348142443639,-0.025862357090440286,1986.4583333333137,2014.041666666622,
GAM_AR1,42/4_GAM_AR1,c,6.337564544832772,0.047834673367993005,6,1,0.015593179620360078,0.2840267967003319,1.4688829049601864,0.050491809572481144,-0.00946115841643635,199.76807507458534,148.73849972220077,0.04544308299743341,0.04695465970489697,-0.009796998731174619,-0.030191161140718643,1986.6249999999802,2013.7916666666222,
CGWL10y_sfUKCP,44/44_EarthModel_CGWL,c,6.277672877224165,0.05007714813034381,0,0,0.9426771653543307,0.9426771653543307,1.765662776467351,0.037363078977439707,-0.000581937520749323,257.78676536423325,156.08922577670955,0.03705184872894616,0.03479712999662377,-0.00793885147563343,-0.0008693010984896756,1986.0416666666474,2009.7916666666258,
