method_name,method_class,c/r,smooth_r,avg_unc.(1se),#q<0.5,#q<0.1,q_min,q_small5,log-likeli,RMS,bias,tlog-l,100log-l,100RMS,75RMS,100bias,bias50,xyear0.5,xyear1.0,xyear1.5
cent20y,42/1_Run_Means,r,1.0,0.029290156352373073,0,0,1.0,1.0,2.6347866460837426,0.0,0.0,408.39193014298013,242.66179278326484,0.0,0.0,0.0,0.0,1984.624999999982,2010.6249999999584,
lowess1dg20wnc,42/3_ST_Fits,c,3.928122840598524,0.21090106394000108,0,0,0.9997275154204436,0.9997275154204436,0.5921433510221273,0.0474726496391769,-0.012775910411710943,91.78221940842974,42.73348993614185,0.04212333638873281,0.04226340398484245,-0.015451738911399756,-0.03429788086001574,1986.4583333333137,2013.8749999999554,
Kal_flexLin,42/5_Kalman,c,5.131774797118175,0.05317657451406971,4,0,0.49640958725654516,0.550188014771212,1.6211933146936695,0.04839866423106342,-0.012536521414530639,251.28496377751875,157.96832542049276,0.04049554065122827,0.0389509943534578,-0.011919156339716332,-0.024427711986322896,1985.874999999981,2014.041666666622,
GAM_AR1,42/4_GAM_AR1,c,4.208849431072932,0.040141997882246504,35,17,6.352210990187345e-11,1.6134975055646054e-07,0.4818870450413951,0.05820997904111575,-0.011230613898430187,65.53663812562974,-22.853460360986045,0.0660701050304641,0.0761905482697032,-0.016469751831658327,-0.06643478326124794,1989.458333333311,2013.708333333289,
CGWL10y_sfUKCP,44/44_EarthModel_CGWL,c,6.002601727299024,0.05041138798959793,0,0,0.7570370370370372,0.7570370370370372,1.545051602482746,0.04833838561907786,-0.012839438085542715,225.57753396248094,148.27909682504725,0.043351622424255915,0.0407566893457335,-0.004580600038491345,-0.001952985241270061,1985.7916666666476,2012.7083333332898,
