method_name,method_class,c/r,smooth_r,avg_unc.(1se),#q<0.5,#q<0.1,q_min,q_small5,log-likeli,RMS,bias,tlog-l,100log-l,100RMS,75RMS,100bias,bias50,xyear0.5,xyear1.0,xyear1.5
cent20y,42/1_Run_Means,r,1.0,0.027880982825362322,0,0,1.0,1.0,2.673761942013916,0.0,0.0,414.43310101215695,241.88939553820444,0.0,0.0,0.0,0.0,1975.8749999999964,2004.9583333333032,
GWI_anthro_CGWL,43/3_Human_Induced,c,2.9495394606986953,0.07555773436256541,13,0,0.4287740319783222,0.4287740319783222,0.8970108935069496,0.09421875007618376,-0.06206066279616434,63.687773438993425,63.68777343899342,0.09421875007618376,0.09421875007618376,-0.062060662796164366,-0.1101255509388295,1982.541666666657,2011.1249999999643,
GWI_anthro_SR15,43/3_Human_Induced,c,2.6799183792854033,0.06853569371297467,9,0,0.46010883190389434,0.46010883190389434,1.112564831461222,0.07625386721233743,-0.03954073465476931,78.99210303374676,78.99210303374676,0.07625386721233743,0.07625386721233743,-0.0395407346547693,-0.08300197615648722,1979.8749999999927,2009.708333333299,
GWI_anthro,43/3_Human_Induced,c,2.891641896096736,0.07116252139405044,13,0,0.455743338305397,0.455743338305397,1.0216481117166276,0.08347784865122104,-0.04715932633434477,72.53701593188056,72.53701593188056,0.08347784865122106,0.08347784865122104,-0.04715932633434477,-0.09325930695985833,1980.291666666659,2010.2083333332985,
FaIR_nonat_unB,43/1_ERF_FaIR,c,1.9522380928969525,0.028176950687993325,59,0,0.17312722948870393,0.17312722948870393,1.2211841356607351,0.04880629022037169,-0.029896783463643665,111.1277563451269,111.1277563451269,0.04880629022037169,0.045060258268043725,-0.029896783463643672,-0.000585714933773787,1978.1249999999943,2002.5416666666388,
