method_name,method_class,c/r,smooth_r,avg_unc.(1se),#q<0.5,#q<0.1,q_min,q_small5,log-likeli,RMS,bias,tlog-l,100log-l,100RMS,75RMS,100bias,bias50,xyear0.5,xyear1.0,xyear1.5
cent20y,42/1_Run_Means,r,1.0,0.02955034209890325,0,0,1.0,1.0,2.614745036536711,0.0,0.0,405.2854806631902,235.78957964399495,0.0,0.0,0.0,0.0,1988.5416666666451,2013.9583333332887,
lowess1dg20wnc,42/3_ST_Fits,c,3.325200317401507,0.048691929912674285,9,0,0.2928082966601471,0.36119510257976856,1.4648788021183092,0.05232354801798705,-0.014982920099630901,227.05621432833794,128.27890915451732,0.05387217558377,0.047026037771570904,-0.017115060162194513,-0.03659234278840598,1989.3749999999777,2016.0416666666201,
Kal_flexLin,42/5_Kalman,c,4.572371914160677,0.05317657451406971,1,0,0.4061684653009721,0.7899333947898189,1.5667131352280417,0.05040170406653392,-0.010229843808081009,242.84053596034647,138.67769840028487,0.05168213104082862,0.0420872038136891,-0.012079344458520956,-0.026303317860266396,1989.0416666666447,2015.708333333287,
GAM_AR1,42/4_GAM_AR1,c,5.4220567341599315,0.048994855313812744,24,9,4.214909264346321e-08,0.004079017160949449,0.9648099341316014,0.06137551659295002,-0.010446867725643053,131.2141510418978,52.2256876477766,0.06946233166405281,0.04795716914218728,-0.023691499380425095,-0.034601488701323804,1989.3749999999777,2015.6249999999538,
CGWL10y_sfUKCP,44/44_EarthModel_CGWL,c,5.997667633356953,0.05030787976518754,0,0,0.8908474576271186,0.8908474576271186,1.5818751029408908,0.0484318203680101,0.007775085904803102,230.95376502937006,139.24763451938404,0.04788965231654093,0.040475169474790434,0.0021549204475529234,0.00993535835052965,1988.9583333333114,2015.6249999999538,
