method_name,method_class,c/r,smooth_r,avg_unc.(1se),#q<0.5,#q<0.1,q_min,q_small5,log-likeli,RMS,bias,tlog-l,100log-l,100RMS,75RMS,100bias,bias50,xyear0.5,xyear1.0,xyear1.5
cent20y,42/1_Run_Means,r,1.0,0.03270789136777429,0,0,1.0,1.0,2.515253055578362,0.0,0.0,389.8642236146461,230.90199330967212,0.0,0.0,0.0,0.0,1987.2083333333194,2011.6249999999638,
GWI_anthro_CGWL,43/3_Human_Induced,c,2.5081581417873138,0.0873392998664582,0,0,0.9736320565843388,0.9736320565843388,1.2773551364491307,0.0688102763520161,0.007008673371823414,90.69221468788828,90.69221468788827,0.06881027635201611,0.06881027635201611,0.007008673371823414,0.048493495787647015,1983.9583333333223,2011.4583333332973,
GWI_anthro_SR15,43/3_Human_Induced,c,2.2916505127370184,0.07867098424251508,0,0,0.9742445699395074,0.9742445699395074,1.3868581392315096,0.05818462741648973,0.0042157433488972905,98.46692788543717,98.46692788543717,0.05818462741648973,0.05818462741648973,0.0042157433488972905,0.034350877818557744,1986.124999999987,2012.0416666666301,
GWI_anthro,43/3_Human_Induced,c,2.4517089577403697,0.08219043282006727,0,0,0.9801492159627413,0.9801492159627413,1.3423260718879846,0.06243532987881945,0.0054556042494894805,95.3051511040469,95.3051511040469,0.06243532987881945,0.06243532987881945,0.0054556042494894805,0.0405787454727237,1984.9583333333214,2011.9583333332969,
FaIR_nonat_unB,43/1_ERF_FaIR,c,2.0332222988227873,0.02459568621754523,46,2,0.031810067022617426,0.1731272294887039,0.9954199993697481,0.04031824751186527,0.016872205028545778,90.58321994264708,90.58321994264708,0.04031824751186526,0.027022930289981605,0.01687220502854578,-0.001025988178963264,1987.6249999999857,2012.958333333296,
FaIR_anthro_unB,43/1_ERF_FaIR,c,2.0499615857729787,0.023024311316286697,50,3,0.07571789576621277,0.18034086405073327,0.7732657208331702,0.040487912913198545,0.028196675702112754,70.3671805958185,70.36718059581851,0.040487912913198545,0.03168808986728148,0.028196675702112754,0.0163471416859993,1986.7083333333198,2012.1249999999634,
