method_name,method_class,c/r,smooth_r,avg_unc.(1se),#q<0.5,#q<0.1,q_min,q_small5,log-likeli,RMS,bias,tlog-l,100log-l,100RMS,75RMS,100bias,bias50,xyear0.5,xyear1.0,xyear1.5
cent20y,42/1_Run_Means,r,1.0,0.028539211291600294,0,0,1.0,1.0,2.650731056948727,0.0,0.0,410.8633138270527,240.28669394317896,0.0,0.0,0.0,0.0,1992.0416666666483,2016.7916666666258,
GWI_anthro_CGWL,43/3_Human_Induced,c,2.509202399242189,0.08518483008503101,0,0,0.8001292603028526,0.8001292603028526,1.3078509850610638,0.06313112831683565,0.016467026983173958,92.85741993933553,92.85741993933551,0.06313112831683564,0.06313112831683565,0.016467026983173958,0.054102433839916184,1987.2916666666526,2015.541666666627,
GWI_anthro_SR15,43/3_Human_Induced,c,2.334570468068446,0.07593128779850312,0,0,0.9780038507864273,0.9780038507864273,1.377712171113087,0.05854797928208509,0.013950852233449324,97.81756414902918,97.81756414902921,0.05854797928208509,0.05854797928208509,0.013950852233449324,0.03832760971005794,1987.8749999999854,2015.9583333332932,
GWI_anthro,43/3_Human_Induced,c,2.4866495317498116,0.07982073874270483,0,0,0.9002122807069141,0.9002122807069141,1.3534560906124866,0.05999181471805387,0.015370199775180667,96.09538243348655,96.09538243348653,0.059991814718053864,0.059991814718053864,0.015370199775180667,0.045534638364209845,1987.2916666666526,2015.7083333332935,
FaIR_nonat_unB,43/1_ERF_FaIR,c,2.671239452104925,0.027826196411723767,53,25,0.0010855660455087353,0.00791783322128755,-3.047008766837715,0.07320167536595158,0.045932723263990304,-277.2777977822321,-277.27779778223214,0.07320167536595158,0.05430278331901525,0.045932723263990304,0.011082490363326768,1992.0416666666483,2016.2916666666263,
