method_name,method_class,c/r,smooth_r,avg_unc.(1se),#q<0.5,#q<0.1,q_min,q_small5,log-likeli,RMS,bias,tlog-l,100log-l,100RMS,75RMS,100bias,bias50,xyear0.5,xyear1.0,xyear1.5
cent20y,42/1_Run_Means,r,1.0,0.02896107765878639,0,0,1.0,1.0,2.638373789903914,0.0,0.0,408.94793743510667,239.41719930989376,0.0,0.0,0.0,0.0,1983.9583333333223,2011.1249999999643,
GWI_anthro_CGWL,43/3_Human_Induced,c,2.662793410554212,0.07193719050495737,0,0,0.6757777140872343,0.6757777140872343,1.1638201118125702,0.07741955339329809,-0.06056130904831761,82.63122793869248,82.63122793869249,0.07741955339329809,0.07741955339329809,-0.06056130904831761,-0.08993083119539695,1987.8749999999854,2016.4583333332928,
GWI_anthro_SR15,43/3_Human_Induced,c,2.415279976917363,0.06616670181495757,0,0,0.8753433571660939,0.8753433571660939,1.3321411076182574,0.06313316102883115,-0.04207375721762114,94.58201864089628,94.58201864089628,0.06313316102883117,0.06313316102883117,-0.04207375721762114,-0.07004581696828201,1987.2916666666526,2016.1249999999598,
GWI_anthro,43/3_Human_Induced,c,2.5423292688377956,0.06823975342798208,0,0,0.7545916306167094,0.7545916306167094,1.2756648175004337,0.06805929836550773,-0.04813112827877669,90.57220204253079,90.57220204253079,0.06805929836550773,0.06805929836550773,-0.048131128278776684,-0.07733650793373971,1987.5416666666524,2016.208333333293,
FaIR_nonat_unB,43/1_ERF_FaIR,c,4.764257919245594,0.027880273276624446,69,41,9.606662884882616e-23,1.9155064251474888e-21,-1000.0549434276845,0.37624232241062044,0.22598842856267928,-91004.99985191929,-91004.9998519193,0.37624232241062044,0.28313166294183645,0.22598842856267926,-0.0006885796889756291,1984.8749999999882,2012.3749999999632,
