method_name,method_class,c/r,smooth_r,avg_unc.(1se),#q<0.5,#q<0.1,q_min,q_small5,log-likeli,RMS,bias,tlog-l,100log-l,100RMS,75RMS,100bias,bias50,xyear0.5,xyear1.0,xyear1.5
cent20y,42/1_Run_Means,r,1.0,0.032417943475227945,0,0,1.0,1.0,2.523601073601805,0.0,0.0,391.1581664082797,229.6849301907065,0.0,0.0,0.0,0.0,1985.2083333333212,2009.6249999999657,
GWI_anthro_CGWL,43/3_Human_Induced,c,2.381550614854333,0.0866943579500403,0,0,0.9789432782503384,0.9789432782503384,1.3300648295679207,0.061845590929257406,0.020050985595697565,94.43460289932237,94.43460289932236,0.061845590929257406,0.061845590929257406,0.020050985595697565,0.05165502701539936,1981.7083333333244,2008.9583333332996,
GWI_anthro_SR15,43/3_Human_Induced,c,2.173327014727577,0.07791354212014857,0,0,0.9906058043741464,0.9906058043741464,1.4327213337513551,0.052666821140577934,0.01593360431796204,101.72321469634622,101.72321469634622,0.052666821140577934,0.052666821140577934,0.01593360431796204,0.03707682397579218,1984.0416666666556,2009.0416666666329,
GWI_anthro,43/3_Human_Induced,c,2.3595950063903546,0.08149904206943866,0,0,0.9862422752172428,0.9862422752172428,1.397346249484976,0.05549574605426801,0.01744073831435276,99.2115837134333,99.2115837134333,0.05549574605426801,0.05549574605426801,0.01744073831435276,0.04343084831708192,1982.7916666666567,2009.4583333332992,
FaIR_nonat_unB,43/1_ERF_FaIR,c,4.3886880171686995,0.025075826702917494,53,36,5.535965847483369e-22,7.95919372270055e-21,-1124.7826136803617,0.3637345042717621,0.21827606858607007,-102355.21784491291,-102355.21784491293,0.3637345042717621,0.25883628658619634,0.21827606858607007,-0.006576621118718075,1986.124999999987,2011.1249999999643,
FaIR_anthro_unB,43/1_ERF_FaIR,c,4.189305468828376,0.023408538630021375,55,39,5.235014416959453e-28,4.056703804916971e-24,-1485.447691432515,0.3474225199484583,0.21668118960789676,-135175.73992035887,-135175.73992035887,0.3474225199484583,0.2486011669848128,0.2166811896078968,0.003931915994793629,1985.458333333321,2010.708333333298,
