method_name,method_class,c/r,smooth_r,avg_unc.(1se),#q<0.5,#q<0.1,q_min,q_small5,log-likeli,RMS,bias,tlog-l,100log-l,100RMS,75RMS,100bias,bias50,xyear0.5,xyear1.0,xyear1.5
cent20y,42/1_Run_Means,r,1.0,0.03092609256981823,0,0,1.0,1.0,2.570781009289289,0.0,0.0,398.4710564398398,235.32952434282572,0.0,0.0,0.0,0.0,1980.0416666666592,2005.6249999999693,
GWI_anthro_CGWL,43/3_Human_Induced,c,2.4557630215557875,0.08410638586212481,0,0,0.9978967505319397,0.9978967505319397,1.452920233391204,0.046409634670712234,0.01357958562623678,103.15733657077548,103.15733657077548,0.046409634670712234,0.046409634670712234,0.013579585626236778,0.0343122353832901,1979.2083333333267,2003.874999999971,
GWI_anthro_SR15,43/3_Human_Induced,c,2.2307316554720935,0.07573101914469828,0,0,0.9868896280261297,0.9868896280261297,1.5083682366453106,0.04544463882553461,0.011678540805848351,107.09414480181705,107.09414480181705,0.04544463882553461,0.04544463882553461,0.01167854080584835,0.023141073714821693,1980.7083333333253,2002.0416666666392,
GWI_anthro,43/3_Human_Induced,c,2.4226258250940784,0.07913109332232658,0,0,0.9923163923973232,0.9923163923973232,1.4976599203011909,0.04469181103125726,0.012404043079022027,106.33385434138455,106.33385434138455,0.04469181103125726,0.04469181103125726,0.012404043079022027,0.02817619346691349,1980.1249999999925,2001.5416666666397,
FaIR_nonat_unB,43/1_ERF_FaIR,c,1.8408046105056595,0.027216805571835742,32,0,0.39674990091161316,0.39674990091161316,1.7621768921318879,0.038354186317745766,-0.018609786909258883,160.3580971840018,160.35809718400182,0.038354186317745766,0.033236185163686066,-0.018609786909258887,-0.001999723274401409,1980.624999999992,2004.6249999999702,
