method_name,method_class,c/r,smooth_r,avg_unc.(1se),#q<0.5,#q<0.1,q_min,q_small5,log-likeli,RMS,bias,tlog-l,100log-l,100RMS,75RMS,100bias,bias50,xyear0.5,xyear1.0,xyear1.5
cent20y,42/1_Run_Means,r,1.0,0.02949395745350752,0,0,1.0,1.0,2.611399361837676,0.0,0.0,404.7669010848398,234.55627990010993,0.0,0.0,0.0,0.0,1985.2916666666545,2010.2916666666317,
GWI_anthro_CGWL,43/3_Human_Induced,c,2.7112253988656905,0.0852479588883364,0,0,0.9960288253019713,0.9960288253019713,1.4247913411445805,0.03346604092036743,-0.012204031053494971,101.16018522126522,101.16018522126522,0.03346604092036743,0.033466040920367424,-0.012204031053494968,-0.022735166261958987,1986.7083333333198,2014.2083333332948,
GWI_anthro_SR15,43/3_Human_Induced,c,2.46438665038802,0.07676406887454036,0,0,0.9725246509460848,0.9725246509460848,1.455382154876717,0.04174225929512073,-0.008131915036837457,103.3321329962469,103.3321329962469,0.04174225929512073,0.04174225929512073,-0.008131915036837455,-0.026351288591619292,1986.9583333333196,2014.3749999999613,
GWI_anthro,43/3_Human_Induced,c,2.636416793395785,0.08007384668160698,0,0,0.9905303512779948,0.9905303512779948,1.455412586089097,0.037399691113342376,-0.009037016316100398,103.33429361232588,103.33429361232587,0.03739969111334238,0.03739969111334238,-0.009037016316100398,-0.02382781107655829,1986.5416666666533,2014.291666666628,
FaIR_nonat_unB,43/1_ERF_FaIR,c,4.862476380300039,0.027473325163933887,64,36,1.1895830051557096e-17,6.758478362591842e-16,-611.9023041830214,0.31168550158446723,0.20143511533601918,-55683.10968065495,-55683.10968065494,0.31168550158446723,0.2410126691206122,0.20143511533601915,0.01095746791707107,1986.124999999987,2010.9583333332978,
