method_name,method_class,c/r,smooth_r,avg_unc.(1se),#q<0.5,#q<0.1,q_min,q_small5,log-likeli,RMS,bias,tlog-l,100log-l,100RMS,75RMS,100bias,bias50,xyear0.5,xyear1.0,xyear1.5
cent20y,42/1_Run_Means,r,1.0,0.029811334935043142,0,0,1.0,1.0,2.6144007224418955,0.0,0.0,405.2321119784938,240.21662180494786,0.0,0.0,0.0,0.0,1978.4583333333273,2005.6249999999693,
GWI_anthro_CGWL,43/3_Human_Induced,c,2.4746314076285887,0.0864702713505726,45,0,0.3380114984286538,0.3380114984286538,0.5923902604589458,0.11640476546132675,-0.08028510100242531,42.05970849258515,42.05970849258516,0.11640476546132678,0.11640476546132675,-0.08028510100242531,-0.13855584911983773,1986.8749999999864,2013.958333333295,
GWI_anthro_SR15,43/3_Human_Induced,c,2.267806754263422,0.0768609848329929,11,0,0.3347463061457846,0.3347463061457846,0.8215329669353534,0.09500374885499875,-0.05500151857195091,58.328840652410086,58.32884065241009,0.09500374885499875,0.09500374885499875,-0.05500151857195091,-0.10850789692445216,1985.458333333321,2012.958333333296,
GWI_anthro,43/3_Human_Induced,c,2.4777717446584613,0.0805214016957023,47,0,0.3777661461414611,0.3777661461414611,0.7250828867751689,0.10342999913215802,-0.0633100264051891,51.48088496103699,51.48088496103699,0.10342999913215802,0.10342999913215802,-0.06331002640518911,-0.11970343764986302,1986.5416666666533,2013.291666666629,
FaIR_nonat_unB,43/1_ERF_FaIR,c,1.7105526800634374,0.02580728115506992,36,0,0.19673548805534538,0.19673548805534538,1.585070804331373,0.04198726748230094,-0.020641460863888447,144.24144319415495,144.24144319415495,0.04198726748230094,0.028206336948255115,-0.020641460863888447,0.004161286139434203,1978.6249999999939,2004.0416666666374,
FaIR_anthro_unB,43/1_ERF_FaIR,c,1.7850273985377614,0.024226314302333126,38,7,0.010215447505132673,0.056071606330801195,-0.26234738245430034,0.04756566007926041,-0.026055594445909783,-23.87361180334133,-23.873611803341333,0.04756566007926041,0.026931362509736642,-0.02605559444590979,-0.000428590237548036,1978.1249999999943,2004.4583333333037,
