method_name,method_class,c/r,smooth_r,avg_unc.(1se),#q<0.5,#q<0.1,q_min,q_small5,log-likeli,RMS,bias,tlog-l,100log-l,100RMS,75RMS,100bias,bias50,xyear0.5,xyear1.0,xyear1.5
cent20y,42/1_Run_Means,r,1.0,0.03161666432955249,0,0,1.0,1.0,2.549567015877462,0.0,0.0,395.18288746100666,234.65446150157737,0.0,0.0,0.0,0.0,1984.5416666666488,2010.5416666666251,
lowess1dg20wnc,42/3_ST_Fits,c,3.948470139731962,0.18117216878191134,0,0,0.9959311700219337,0.9959311700219337,0.7434508723050873,0.06015578761098036,-0.006151876670472662,115.23488520728854,53.96520363969871,0.04697192543366816,0.04436442416905068,-0.011374668381317714,-0.03869248352738146,1987.3749999999795,2014.041666666622,
Kal_flexLin,42/5_Kalman,c,5.620791551391675,0.05317657451406971,19,4,0.03009626889404323,0.10823120110344123,1.3826988567190666,0.058393206324306515,-0.008394799892881584,214.31832279145533,149.12105602945473,0.04596528465520249,0.04128776084140106,-0.008545344474992276,-0.028113316795311934,1986.9583333333132,2014.2083333332885,
GAM_AR1,42/4_GAM_AR1,c,8.817884826906221,0.06178089541011553,22,13,0.028144780647962546,0.03468184686015189,1.0062114031292508,0.0724353462449924,-0.0026412222458038377,136.8447508255781,139.73180503624786,0.047258188767341426,0.041717491264454426,-0.00766403675360873,-0.026841919903831113,1986.7083333333135,2014.041666666622,
CGWL10y_sfUKCP,44/44_EarthModel_CGWL,c,6.217048553684029,0.050443721490521586,0,0,0.8922222222222224,0.8922222222222224,1.6197844414915408,0.04713242082016333,0.0034752773919101286,236.48852845776494,145.93523647734327,0.0449684690639194,0.03957689741304135,-3.273418988056883e-05,0.005775668859696372,1985.7083333333144,2013.1249999999561,
