method_name,method_class,c/r,smooth_r,avg_unc.(1se),#q<0.5,#q<0.1,q_min,q_small5,log-likeli,RMS,bias,tlog-l,100log-l,100RMS,75RMS,100bias,bias50,xyear0.5,xyear1.0,xyear1.5
cent20y,42/1_Run_Means,r,1.0,0.026733076479661277,0,0,1.0,1.0,2.7168124897894823,0.0,0.0,421.1059359173698,244.84977870206936,0.0,0.0,0.0,0.0,1987.1249999999861,2013.2083333332957,
GWI_anthro_CGWL,43/3_Human_Induced,c,2.8684491920561856,0.08065973420610668,0,0,0.9871718873747486,0.9871718873747486,1.4661435003524972,0.03260877401205624,-0.0025957261708476785,104.0961885250273,104.09618852502732,0.03260877401205624,0.03260877401205624,-0.0025957261708476785,-0.015761431476578464,1987.2083333333194,2015.7916666666267,
GWI_anthro_SR15,43/3_Human_Induced,c,2.614979827248763,0.0724475701713581,0,0,0.9788033038018723,0.9788033038018723,1.4693748514171998,0.04450731215725414,0.0020723615198998476,104.32561445062119,104.32561445062119,0.04450731215725414,0.04450731215725415,0.0020723615198998476,-0.018550657727692047,1987.5416666666524,2015.9583333332932,
GWI_anthro,43/3_Human_Induced,c,2.7182140280684766,0.07565262721665064,0,0,0.9939298720067722,0.9939298720067722,1.473251155317677,0.03942374953678095,0.000886922237486226,104.60083202755507,104.60083202755507,0.03942374953678095,0.03942374953678095,0.000886922237486226,-0.016407845265250885,1987.1249999999861,2015.7916666666267,
FaIR_nonat_unB,43/1_ERF_FaIR,c,1.916200606542273,0.028271897483639338,0,0,0.7814770775531775,0.7814770775531775,2.2003489752234566,0.025888088129278605,0.013038348193346615,200.23175674533454,200.2317567453345,0.025888088129278605,0.02652048153392638,0.013038348193346615,0.009857307801201315,1987.7916666666522,2013.624999999962,
