method_name,method_class,c/r,smooth_r,avg_unc.(1se),#q<0.5,#q<0.1,q_min,q_small5,log-likeli,RMS,bias,tlog-l,100log-l,100RMS,75RMS,100bias,bias50,xyear0.5,xyear1.0,xyear1.5
cent20y,42/1_Run_Means,r,1.0,0.030156677065473265,0,0,1.0,1.0,2.59339808722299,0.0,0.0,401.97670351956344,236.91126137264285,0.0,0.0,0.0,0.0,1984.8749999999882,2010.2916666666317,
GWI_anthro_CGWL,43/3_Human_Induced,c,2.535814770395397,0.08064659960191549,0,0,0.9973030430757504,0.9973030430757504,1.473242084063056,0.041852308612717735,-0.0019013388528253921,104.60018796847697,104.60018796847699,0.04185230861271773,0.041852308612717735,-0.0019013388528253921,0.005836747922987431,1982.541666666657,2014.291666666628,
GWI_anthro_SR15,43/3_Human_Induced,c,2.3001487952634303,0.07309553302480272,0,0,0.9971753766253033,0.9971753766253033,1.5427560695409899,0.04021360066767423,-0.00027725229844067763,109.53568093741028,109.53568093741026,0.04021360066767423,0.04021360066767423,-0.0002772522984406779,0.0012858018992783972,1984.3749999999886,2014.1249999999616,
GWI_anthro,43/3_Human_Induced,c,2.414917899168648,0.07603500194469284,0,0,0.9898994019829191,0.9898994019829191,1.527887955279489,0.03992807444398844,-0.0008926259672082991,108.48004482484372,108.4800448248437,0.03992807444398844,0.03992807444398844,-0.0008926259672082993,0.003719629869983399,1983.1249999999898,2014.1249999999616,
FaIR_nonat_unB,43/1_ERF_FaIR,c,4.867839093212164,0.02804606816540531,49,39,1.2964859771311655e-20,9.205201522579233e-20,-878.6693985706808,0.3611038584647289,0.22572531644623298,-79958.91526993195,-79958.91526993192,0.361103858464729,0.2604423217683842,0.22572531644623292,0.010849276762745233,1984.9583333333214,2010.6249999999648,
FaIR_anthro_unB,43/1_ERF_FaIR,c,4.653803605916256,0.025258924344006957,46,35,4.930717870924496e-27,1.9974562793407337e-25,-1325.861849875231,0.33766508032726406,0.20408852868884442,-120653.42833864602,-120653.42833864603,0.33766508032726406,0.2453104924868288,0.20408852868884436,-0.002175041896600483,1984.9583333333214,2011.5416666666306,
