method_name,method_class,c/r,smooth_r,avg_unc.(1se),#q<0.5,#q<0.1,q_min,q_small5,log-likeli,RMS,bias,tlog-l,100log-l,100RMS,75RMS,100bias,bias50,xyear0.5,xyear1.0,xyear1.5
cent20y,42/1_Run_Means,r,1.0,0.032590659406139685,0,0,1.0,1.0,2.521344022372416,0.0,0.0,390.8083234677245,233.35714503048155,0.0,0.0,0.0,0.0,1984.8749999999882,2010.2083333332985,
GWI_anthro_CGWL,43/3_Human_Induced,c,2.3815328015777677,0.09350268672016294,0,0,0.9120586474447817,0.9120586474447817,1.1060625828796602,0.08544872902810363,0.0174460929730907,78.53044338445588,78.53044338445591,0.08544872902810363,0.08544872902810363,0.0174460929730907,0.06675303690839425,1980.3749999999923,2008.8749999999663,
GWI_anthro_SR15,43/3_Human_Induced,c,2.1587852097338924,0.08346508918543713,0,0,0.9646733472628679,0.9646733472628679,1.2338621706732507,0.07163453509965154,0.010474859754986408,87.6042141178008,87.6042141178008,0.07163453509965154,0.07163453509965154,0.010474859754986406,0.04733376796502814,1983.3749999999895,2009.0416666666329,
GWI_anthro,43/3_Human_Induced,c,2.3780646952998614,0.08762374447493895,0,0,0.91259563973194,0.91259563973194,1.179777406253356,0.07722330570376326,0.013013212916841056,83.76419584398828,83.76419584398829,0.07722330570376328,0.07722330570376328,0.013013212916841058,0.055717339800368526,1982.2916666666572,2009.5416666666324,
FaIR_nonat_unB,43/1_ERF_FaIR,c,4.403184777689735,0.02436009430860143,47,37,1.5669520380375661e-25,3.238998437572476e-22,-1068.5449829681759,0.3483306037469611,0.2144492700326168,-97237.593450104,-97237.593450104,0.3483306037469611,0.24793698407813314,0.21444927003261674,0.0027779104791066283,1985.9583333333205,2011.2083333332976,
FaIR_anthro_unB,43/1_ERF_FaIR,c,4.101980357236905,0.023150930668974386,54,41,2.890085613342153e-25,3.334496467348136e-24,-1333.2802968113795,0.33172829945690646,0.21430611566698607,-121328.50700983552,-121328.5070098355,0.3317282994569065,0.23817002402743334,0.2143061156669861,0.017421992295243736,1985.124999999988,2010.6249999999648,
