method_name,method_class,c/r,smooth_r,avg_unc.(1se),#q<0.5,#q<0.1,q_min,q_small5,log-likeli,RMS,bias,tlog-l,100log-l,100RMS,75RMS,100bias,bias50,xyear0.5,xyear1.0,xyear1.5
cent20y,42/1_Run_Means,r,1.0,0.03130008474456345,0,0,1.0,1.0,2.560659608119598,0.0,0.0,396.9022392585377,236.7551775344313,0.0,0.0,0.0,0.0,1987.7916666666522,2013.291666666629,
GWI_anthro_CGWL,43/3_Human_Induced,c,2.596059378154065,0.0886873046121218,0,0,0.9976405986834566,0.9976405986834566,1.3129351556292748,0.06431967754076937,0.021374224307853858,93.2183960496785,93.21839604967852,0.06431967754076937,0.06431967754076937,0.021374224307853858,0.05478721926688437,1983.3749999999895,2014.3749999999613,
GWI_anthro_SR15,43/3_Human_Induced,c,2.3770769666492066,0.07918538133988812,0,0,0.9961523296307422,0.9961523296307422,1.4222267684231902,0.052967281175956844,0.017055097251096902,100.9781005580465,100.9781005580465,0.052967281175956844,0.052967281175956844,0.017055097251096902,0.03886888714654717,1986.2083333333203,2014.6249999999611,
GWI_anthro,43/3_Human_Induced,c,2.514296278786011,0.08307571402801815,0,0,0.9953056113859624,0.9953056113859624,1.3768522178853848,0.057300676760242385,0.01876271271617793,97.75650746986233,97.75650746986233,0.057300676760242385,0.057300676760242385,0.018762712716177934,0.04595728926408723,1984.791666666655,2014.4583333332946,
FaIR_nonat_unB,43/1_ERF_FaIR,c,2.1377473403561766,0.02549067853225852,2,0,0.3475417115694739,0.5410225921521997,2.0198697533275647,0.02976032512783084,0.00879664091970001,183.80814755280838,183.80814755280835,0.029760325127830844,0.020910672390589236,0.008796640919700009,0.004920383750184643,1988.041666666652,2013.7916666666285,
