method_name,method_class,c/r,smooth_r,avg_unc.(1se),#q<0.5,#q<0.1,q_min,q_small5,log-likeli,RMS,bias,tlog-l,100log-l,100RMS,75RMS,100bias,bias50,xyear0.5,xyear1.0,xyear1.5
cent20y,42/1_Run_Means,r,1.0,0.03021889285564636,0,0,1.0,1.0,2.594077316301561,0.0,0.0,402.08198402674196,238.7021870794736,0.0,0.0,0.0,0.0,1985.0416666666547,2010.374999999965,
GWI_anthro_CGWL,43/3_Human_Induced,c,2.4712305358848057,0.08211513777141134,0,0,0.9371830288091539,0.9371830288091539,1.3243031243737529,0.06188947994973618,0.0046676894124901116,94.02552183053645,94.02552183053645,0.06188947994973619,0.06188947994973619,0.0046676894124901116,0.041946104918847225,1982.87499999999,2009.1249999999661,
GWI_anthro_SR15,43/3_Human_Induced,c,2.293208944161665,0.0739034811200755,0,0,0.9140922487905381,0.9140922487905381,1.428966239872727,0.0561355509687641,0.002508904645825285,101.45660303096362,101.45660303096362,0.05613555096876411,0.05613555096876411,0.0025089046458252845,0.02910433985445866,1985.0416666666547,2009.2083333332994,
GWI_anthro,43/3_Human_Induced,c,2.42488639864113,0.07735243459585567,0,0,0.92159240497631,0.92159240497631,1.4017666684191257,0.05745037068247319,0.003334320752967249,99.52543345775793,99.52543345775793,0.05745037068247319,0.05745037068247318,0.0033343207529672493,0.034750948387046766,1983.7083333333226,2009.5416666666324,
FaIR_nonat_unB,43/1_ERF_FaIR,c,4.717146703076898,0.027359441389199483,49,38,2.5789998756476764e-22,3.931221223326155e-21,-1129.3651542295486,0.3973710167355264,0.24659356012012776,-102772.22903488892,-102772.22903488894,0.3973710167355264,0.2790494355948865,0.2465935601201278,0.0066180688640533735,1985.8749999999873,2010.708333333298,
FaIR_anthro_unB,43/1_ERF_FaIR,c,4.332612187418378,0.024555409989391104,41,35,7.33348075202206e-27,2.253060737621557e-25,-1682.2890840352338,0.38119405685063446,0.2369603529781985,-153088.30664720628,-153088.3066472063,0.38119405685063446,0.26680000010293764,0.2369603529781985,0.0033278962703076264,1985.2083333333212,2011.2083333332976,
