method_name,method_class,c/r,smooth_r,avg_unc.(1se),#q<0.5,#q<0.1,q_min,q_small5,log-likeli,RMS,bias,tlog-l,100log-l,100RMS,75RMS,100bias,bias50,xyear0.5,xyear1.0,xyear1.5
cent20y,42/1_Run_Means,r,1.0,0.03064080364333994,0,0,1.0,1.0,2.576228310079251,0.0,0.0,399.31538806228394,230.71225845286148,0.0,0.0,0.0,0.0,1983.541666666656,2009.2916666666326,
GWI_anthro_CGWL,43/3_Human_Induced,c,2.607829420638677,0.08314293564783652,0,0,0.9890613399462792,0.9890613399462792,1.4253330857823094,0.04735387790579499,-0.003386226650554782,101.19864909054397,101.19864909054397,0.04735387790579499,0.04735387790579499,-0.003386226650554782,0.011345424975457253,1982.1249999999907,2011.374999999964,
GWI_anthro_SR15,43/3_Human_Induced,c,2.3895328151320006,0.07529385709494439,0,0,0.997451318449388,0.997451318449388,1.4821185855049879,0.04631385514024075,-0.003165329199231275,105.23041957085414,105.23041957085414,0.04631385514024075,0.04631385514024075,-0.003165329199231275,0.0031121232452932064,1983.4583333333228,2011.2916666666308,
GWI_anthro,43/3_Human_Induced,c,2.537698542298803,0.07842579765241134,0,0,0.991938094038111,0.991938094038111,1.4732481000587199,0.04564004791478335,-0.0030434025733278424,104.60061510416911,104.60061510416911,0.045640047914783356,0.04564004791478335,-0.0030434025733278424,0.0071564581417412395,1982.6249999999902,2011.5416666666306,
FaIR_nonat_unB,43/1_ERF_FaIR,c,1.9104938970886594,0.027149420397788986,24,0,0.32461355529131986,0.4147839873166865,1.9645408806777882,0.034608365174097044,-0.0021118792824368505,178.77322014167873,178.77322014167873,0.034608365174097044,0.028572744046770866,-0.00211187928243685,0.014678991099131877,1983.208333333323,2009.8749999999654,
FaIR_anthro_unB,43/1_ERF_FaIR,c,1.7706713918991657,0.02416477201486156,42,0,0.20510115674840573,0.20510115674840573,1.4067342625952746,0.0390979075623868,-0.005147095137013391,128.01281789617,128.01281789617,0.0390979075623868,0.030295830356449942,-0.00514709513701339,0.01308493901488156,1980.291666666659,2010.2083333332985,
