method_name,method_class,c/r,smooth_r,avg_unc.(1se),#q<0.5,#q<0.1,q_min,q_small5,log-likeli,RMS,bias,tlog-l,100log-l,100RMS,75RMS,100bias,bias50,xyear0.5,xyear1.0,xyear1.5
cent20y,42/1_Run_Means,r,1.0,0.026681991335205442,0,0,1.0,1.0,2.7157758679637465,0.0,0.0,420.9452595343807,244.70526693392662,0.0,0.0,0.0,0.0,1984.458333333322,2010.4583333332982,
GWI_anthro_CGWL,43/3_Human_Induced,c,2.7597651629060835,0.08083887915911878,0,0,0.9984983519689996,0.9984983519689996,1.477169311673339,0.030522484220054803,0.0012218941791172807,104.87902112880707,104.87902112880707,0.030522484220054803,0.030522484220054803,0.001221894179117281,-0.011704896389585296,1984.6249999999884,2014.0416666666283,
GWI_anthro_SR15,43/3_Human_Induced,c,2.5416312189316432,0.07244459164158963,0,0,0.9762483232653008,0.9762483232653008,1.4852164526995841,0.042684062019748344,0.0051244622885334564,105.45036814167048,105.45036814167048,0.042684062019748344,0.042684062019748344,0.0051244622885334564,-0.015516217806147902,1985.7083333333208,2014.1249999999616,
GWI_anthro,43/3_Human_Induced,c,2.654887370063141,0.07572734644463794,0,0,0.9976135894811389,0.9976135894811389,1.4850394847544788,0.03752920047381276,0.004171131563461874,105.43780341756799,105.437803417568,0.03752920047381276,0.03752920047381276,0.004171131563461874,-0.01300058959733136,1984.7083333333217,2014.0416666666283,
FaIR_nonat_unB,43/1_ERF_FaIR,c,5.310213984121646,0.0283160310624063,46,39,9.451335574617103e-17,2.95125801765374e-16,-700.8615519211626,0.3380397903260312,0.21989164448414625,-63778.40122482579,-63778.4012248258,0.3380397903260312,0.2529764346999755,0.21989164448414628,0.01902902078573327,1985.0416666666547,2010.7916666666313,
FaIR_anthro_unB,43/1_ERF_FaIR,c,5.370433678768046,0.02410446019060909,66,45,4.237654815851516e-21,1.0544817527610187e-20,-1168.616962222382,0.3229941015387443,0.21909508727184868,-106344.14356223676,-106344.14356223674,0.3229941015387443,0.2439102699699352,0.21909508727184868,0.030715624411725605,1980.2083333333258,2010.5416666666315,
