method_name,method_class,c/r,smooth_r,avg_unc.(1se),#q<0.5,#q<0.1,q_min,q_small5,log-likeli,RMS,bias,tlog-l,100log-l,100RMS,75RMS,100bias,bias50,xyear0.5,xyear1.0,xyear1.5
cent20y,42/1_Run_Means,r,1.0,0.032590659406139685,0,0,1.0,1.0,2.521344022372416,0.0,0.0,390.8083234677245,233.35714503048155,0.0,0.0,0.0,0.0,1984.8749999999882,2010.2083333332985,
GWI_anthro_CGWL,43/3_Human_Induced,c,2.3815328015777677,0.09350268672016294,0,0,0.9120586474447817,0.9120586474447817,1.1060625828796602,0.08544872902810363,0.0174460929730907,78.53044338445588,78.53044338445591,0.08544872902810363,0.08544872902810363,0.0174460929730907,0.06675303690839425,1980.3749999999923,2008.8749999999663,
GWI_anthro_SR15,43/3_Human_Induced,c,2.1587852097338924,0.08346508918543713,0,0,0.9646733472628679,0.9646733472628679,1.2338621706732507,0.07163453509965154,0.010474859754986408,87.6042141178008,87.6042141178008,0.07163453509965154,0.07163453509965154,0.010474859754986406,0.04733376796502814,1983.3749999999895,2009.0416666666329,
GWI_anthro,43/3_Human_Induced,c,2.3780646952998614,0.08762374447493895,0,0,0.91259563973194,0.91259563973194,1.179777406253356,0.07722330570376326,0.013013212916841056,83.76419584398828,83.76419584398829,0.07722330570376328,0.07722330570376328,0.013013212916841058,0.055717339800368526,1982.2916666666572,2009.5416666666324,
FaIR_nonat_unB,43/1_ERF_FaIR,c,4.4207253022097435,0.02437679032224905,47,38,1.1956276333809653e-25,3.6824742911702386e-22,-1057.1306595098317,0.34839597947982337,0.21446318952854032,-96198.89001539469,-96198.89001539467,0.34839597947982337,0.24795750878908612,0.21446318952854035,0.0027858778394568235,1986.0416666666538,2011.2083333332976,
FaIR_anthro_unB,43/1_ERF_FaIR,c,4.098057173460396,0.023093094419391762,54,44,3.4453539831007236e-28,3.1977252898222995e-23,-1329.302887812797,0.33173001072457675,0.21430920757822416,-120966.56279096454,-120966.56279096453,0.33173001072457675,0.23815875514994522,0.21430920757822416,0.017450366601113935,1985.124999999988,2010.6249999999648,
