method_name,method_class,c/r,smooth_r,avg_unc.(1se),#q<0.5,#q<0.1,q_min,q_small5,log-likeli,RMS,bias,tlog-l,100log-l,100RMS,75RMS,100bias,bias50,xyear0.5,xyear1.0,xyear1.5
cent20y,42/1_Run_Means,r,1.0,0.028110250512256525,0,0,1.0,1.0,2.6660038562417383,0.0,0.0,413.23059771746944,239.48985157922522,0.0,0.0,0.0,0.0,1984.5416666666551,2010.7916666666313,
GWI_anthro_CGWL,43/3_Human_Induced,c,2.5668578638902213,0.06988702297559003,0,0,0.9362035242768393,0.9362035242768393,1.4375245643020647,0.05520624082091127,-0.04579992597872239,102.06424406544659,102.06424406544656,0.05520624082091128,0.05520624082091128,-0.0457999259787224,-0.05946896647256391,1987.2083333333194,2015.2916666666272,
GWI_anthro_SR15,43/3_Human_Induced,c,2.3374580353782464,0.06480554946542426,0,0,0.9973249979758934,0.9973249979758934,1.5727379199365727,0.04496425317616579,-0.03107512452801711,111.66439231549667,111.66439231549666,0.04496425317616579,0.04496425317616579,-0.03107512452801711,-0.04454877390433242,1986.8749999999864,2015.1249999999607,
GWI_anthro,43/3_Human_Induced,c,2.4277755931725093,0.06663892056506499,0,0,0.996667305739291,0.996667305739291,1.5314268885430553,0.0481460298361625,-0.03602410516689077,108.73130908655692,108.7313090865569,0.0481460298361625,0.0481460298361625,-0.03602410516689077,-0.050058061428234164,1986.9583333333196,2015.208333333294,
FaIR_nonat_unB,43/1_ERF_FaIR,c,5.062887009490965,0.028881091342174325,63,40,3.359643252430139e-24,8.75890743976905e-22,-1087.8116335408204,0.40481207465313807,0.24428515750743623,-98990.85865221465,-98990.85865221467,0.40481207465313807,0.2895954246296156,0.24428515750743623,-0.00038896085792387185,1985.3749999999877,2011.708333333297,
FaIR_anthro_unB,43/1_ERF_FaIR,c,4.868518488330727,0.025671941412177622,78,40,2.8015048665538935e-31,1.2760888243648647e-27,-1807.7961517233437,0.3825281161850083,0.21873949335648754,-164509.44980682427,-164509.44980682427,0.3825281161850083,0.27487276340069366,0.21873949335648754,-0.021423484125803586,1986.124999999987,2012.958333333296,
