method_name,method_class,c/r,smooth_r,avg_unc.(1se),#q<0.5,#q<0.1,q_min,q_small5,log-likeli,RMS,bias,tlog-l,100log-l,100RMS,75RMS,100bias,bias50,xyear0.5,xyear1.0,xyear1.5
cent20y,42/1_Run_Means,r,1.0,0.032538139523297635,0,0,1.0,1.0,2.522050801258456,0.0,0.0,390.9178741950607,233.25549048620596,0.0,0.0,0.0,0.0,1985.458333333321,2010.708333333298,
GWI_anthro_CGWL,43/3_Human_Induced,c,2.3004326603697978,0.08825145482726504,0,0,0.9528496114580242,0.9528496114580242,1.2589606978834351,0.06929777784047976,0.023430571802448,89.3862095497239,89.3862095497239,0.06929777784047976,0.06929777784047976,0.023430571802447998,0.06170184483002452,1982.0416666666574,2009.374999999966,
GWI_anthro_SR15,43/3_Human_Induced,c,2.1066963168877937,0.0790831747901763,0,0,0.9853418340239669,0.9853418340239669,1.3631984908725563,0.059390998203938845,0.018738887841966156,96.7870928519515,96.78709285195151,0.05939099820393885,0.05939099820393885,0.018738887841966156,0.045776034771167005,1984.5416666666551,2009.5416666666324,
GWI_anthro,43/3_Human_Induced,c,2.301039505702695,0.0828706781698274,0,0,0.979104135846487,0.979104135846487,1.325020871899988,0.06260337910387113,0.02044837362671086,94.07648190489915,94.07648190489917,0.06260337910387113,0.06260337910387113,0.020448373626710856,0.05267028117501816,1982.87499999999,2009.8749999999654,
FaIR_nonat_unB,43/1_ERF_FaIR,c,1.587818534507938,0.024473595436546182,6,0,0.13754952141338722,0.27702949268514926,1.6465940375537156,0.031232544979370076,0.008033450523944824,149.84005741738812,149.84005741738815,0.03123254497937008,0.02165430025801056,0.008033450523944824,0.0022735307407398806,1986.45833333332,2011.374999999964,
FaIR_anthro_unB,43/1_ERF_FaIR,c,1.6623010735905874,0.022976993781983306,20,0,0.24093793739675168,0.24093793739675168,1.8283449927752646,0.03235467453366189,0.01638585972102034,166.3793943425491,166.37939434254906,0.03235467453366189,0.026574901028467962,0.016385859721020343,0.016635174089284305,1985.6249999999875,2010.7916666666313,
