method_name,method_class,c/r,smooth_r,avg_unc.(1se),#q<0.5,#q<0.1,q_min,q_small5,log-likeli,RMS,bias,tlog-l,100log-l,100RMS,75RMS,100bias,bias50,xyear0.5,xyear1.0,xyear1.5
cent20y,42/1_Run_Means,r,1.0,0.032249580584353905,0,0,1.0,1.0,2.530592171469427,0.0,0.0,392.24178657776116,233.04387189093563,0.0,0.0,0.0,0.0,1982.2083333333176,2009.1249999999598,
lowess1dg20wnc,42/3_ST_Fits,c,3.841337708168127,0.06793454290512556,6,1,0.09336605358395159,0.38014666224010285,1.277883336714367,0.06174149619886809,-0.014857838863351699,198.07191719072688,134.85162355540618,0.047379178699571006,0.042951965437789646,-0.009092065290112923,-0.03822283647679407,1986.541666666647,2009.541666666626,
Kal_flexLin,42/5_Kalman,c,5.273657069180757,0.05317657451406971,20,1,0.06543405901191958,0.21460737444926212,1.3893223941119133,0.0584634396119316,-0.006764611670291597,215.34497108734655,144.9975390294582,0.04830346060317335,0.04033015099801941,-0.006834145159162452,-0.027509544139652436,1982.8749999999836,2009.4583333332928,
GAM_AR1,42/4_GAM_AR1,c,7.128324701090678,0.06354798824510026,5,3,0.0033522259152109508,0.21375271236029833,1.1710802597081842,0.06641264995789023,-0.006016243745070148,159.26691532031305,131.21920092210948,0.054839849739022464,0.0402457061529464,-0.0067776562559709675,-0.029418537100549046,1982.958333333317,2009.541666666626,
CGWL10y_sfUKCP,44/44_EarthModel_CGWL,c,6.585545401720063,0.05088214794954946,0,0,0.9062068965517242,0.9062068965517242,1.6375715415695915,0.04500767086558426,0.0032894335064266845,239.08544506916036,142.9474789844192,0.04687947798468784,0.03904941633280755,-0.0037463363266036337,0.005095597727146137,1985.1249999999816,2006.8749999999618,
