method_name,method_class,c/r,smooth_r,avg_unc.(1se),#q<0.5,#q<0.1,q_min,q_small5,log-likeli,RMS,bias,tlog-l,100log-l,100RMS,75RMS,100bias,bias50,xyear0.5,xyear1.0,xyear1.5
cent20y,42/1_Run_Means,r,1.0,0.027095293646811312,0,0,1.0,1.0,2.699784786534402,0.0,0.0,418.4666419128323,243.5367000327922,0.0,0.0,0.0,0.0,1984.5416666666551,2010.6249999999648,
GWI_anthro_CGWL,43/3_Human_Induced,c,2.755142315534922,0.08093939288658589,0,0,0.9968560588960336,0.9968560588960336,1.5349831399932075,0.022958435150148244,0.002203086761203523,108.98380293951773,108.98380293951773,0.022958435150148244,0.022958435150148244,0.0022030867612035225,0.001085805148938916,1984.458333333322,2013.0416666666292,
GWI_anthro_SR15,43/3_Human_Induced,c,2.531934421448188,0.07281188903011819,0,0,0.9737851883300211,0.9737851883300211,1.5416779987935316,0.03654131564432967,0.004887238668837599,109.45913791434074,109.45913791434074,0.03654131564432967,0.03654131564432967,0.004887238668837599,-0.005311663291044645,1985.7083333333208,2013.291666666629,
GWI_anthro,43/3_Human_Induced,c,2.6681066830535856,0.0760529258178986,0,0,0.9880989004188272,0.9880989004188272,1.5433735949437726,0.030761091868510407,0.004397164653717751,109.57952524100786,109.57952524100784,0.030761091868510407,0.030761091868510407,0.004397164653717751,-0.0017914753700535543,1984.6249999999884,2013.2083333332957,
FaIR_nonat_unB,43/1_ERF_FaIR,c,5.498270242336887,0.028171705840338894,45,40,6.921329366119787e-17,4.65401343334831e-16,-730.5293475817235,0.34672974548387797,0.22420221225397136,-66478.17062993684,-66478.17062993682,0.34672974548387797,0.25979582306094773,0.22420221225397133,0.01746790701715937,1984.8749999999882,2011.1249999999643,
FaIR_anthro_unB,43/1_ERF_FaIR,c,5.065726856488887,0.02417789170939452,68,46,7.355442595060541e-22,3.389864944924817e-21,-1219.4149339281594,0.33344568926112994,0.22647711148605867,-110966.75898746251,-110966.75898746253,0.33344568926112994,0.25179156928704766,0.22647711148605867,0.031917195070998494,1980.2083333333258,2010.6249999999648,
