method_name,method_class,c/r,smooth_r,avg_unc.(1se),#q<0.5,#q<0.1,q_min,q_small5,log-likeli,RMS,bias,tlog-l,100log-l,100RMS,75RMS,100bias,bias50,xyear0.5,xyear1.0,xyear1.5
cent20y,42/1_Run_Means,r,1.0,0.028758223363897054,0,0,1.0,1.0,2.6457748497751656,0.0,0.0,410.0951017151507,240.66996571410965,0.0,0.0,0.0,0.0,1984.791666666655,2010.2916666666317,
GWI_anthro_CGWL,43/3_Human_Induced,c,2.6879987969686665,0.07174075928179462,0,0,0.797121750985471,0.797121750985471,1.2713005527111754,0.07016441843178492,-0.061092867196863555,90.26233924249345,90.26233924249343,0.07016441843178492,0.07016441843178492,-0.061092867196863555,-0.08100573024128989,1988.708333333318,2015.4583333332937,
GWI_anthro_SR15,43/3_Human_Induced,c,2.4599557868761637,0.06623655259262282,0,0,0.9853801409585127,0.9853801409585127,1.443281674203165,0.05611364518110553,-0.04451288487671257,102.47299886842472,102.47299886842472,0.05611364518110553,0.05611364518110553,-0.04451288487671257,-0.06311822367788687,1987.8749999999854,2015.208333333294,
GWI_anthro,43/3_Human_Induced,c,2.5706536041585433,0.0682243856897474,0,0,0.9287115227547097,0.9287115227547097,1.3870671086306028,0.06102302155970341,-0.05014007920310154,98.4817647127728,98.4817647127728,0.06102302155970342,0.06102302155970342,-0.05014007920310155,-0.06990552154292341,1987.9583333333187,2015.2916666666272,
FaIR_nonat_unB,43/1_ERF_FaIR,c,5.543203601506969,0.028995272271382343,70,41,7.333079588059816e-24,5.025890316831371e-22,-1162.3793011864427,0.41469783909773866,0.24422785635226227,-105776.5164079663,-105776.5164079663,0.4146978390977387,0.29963684934252055,0.24422785635226224,-0.01037855859784036,1986.2083333333203,2011.5416666666306,
FaIR_anthro_unB,43/1_ERF_FaIR,c,5.324581364288869,0.02624393811953725,79,53,3.1088766149185036e-33,2.417326731521056e-31,-1960.5101056326594,0.39025241041673614,0.21621893174604104,-178406.419612572,-178406.419612572,0.39025241041673614,0.28519637263361014,0.216218931746041,-0.03245018661964836,1987.2916666666526,2013.0416666666292,
