method_name,method_class,c/r,smooth_r,avg_unc.(1se),#q<0.5,#q<0.1,q_min,q_small5,log-likeli,RMS,bias,tlog-l,100log-l,100RMS,75RMS,100bias,bias50,xyear0.5,xyear1.0,xyear1.5
cent20y,42/1_Run_Means,r,1.0,0.030133879781743027,0,0,1.0,1.0,2.5934882611100587,0.0,0.0,401.9906804720591,233.33539878165755,0.0,0.0,0.0,0.0,1983.208333333323,2008.7083333332998,
GWI_anthro_CGWL,43/3_Human_Induced,c,2.4516012049115754,0.08032660025858583,0,0,0.992599046611556,0.992599046611556,1.4923372658446337,0.0396194969096304,-0.008814363013478085,105.95594587496899,105.95594587496899,0.039619496909630396,0.039619496909630396,-0.008814363013478087,0.004694475700527833,1983.2916666666563,2009.374999999966,
GWI_anthro_SR15,43/3_Human_Induced,c,2.248413561220318,0.07305156511821088,0,0,0.9942759802781638,0.9942759802781638,1.5551924124848608,0.040861930605190076,-0.006528870288116639,110.41866128642512,110.41866128642512,0.040861930605190076,0.040861930605190076,-0.006528870288116639,-0.0011638467998738625,1984.6249999999884,2009.2916666666326,
GWI_anthro,43/3_Human_Induced,c,2.331315410380836,0.07594923166157241,0,0,0.970618599762088,0.970618599762088,1.5450583647244345,0.039270373885064935,-0.006924907389912043,109.69914389543484,109.69914389543484,0.03927037388506494,0.039270373885064935,-0.006924907389912043,0.0019005593764497733,1983.7083333333226,2009.6249999999657,
FaIR_nonat_unB,43/1_ERF_FaIR,c,1.8259999741890087,0.027527119248287366,0,0,0.87594133967499,0.87594133967499,2.224533195497894,0.0266479219705169,-0.0025292946290334352,202.43252079030833,202.4325207903084,0.0266479219705169,0.022596501443968412,-0.002529294629033435,0.002889513011131865,1983.9583333333223,2009.7916666666322,
