method_name,method_class,c/r,smooth_r,avg_unc.(1se),#q<0.5,#q<0.1,q_min,q_small5,log-likeli,RMS,bias,tlog-l,100log-l,100RMS,75RMS,100bias,bias50,xyear0.5,xyear1.0,xyear1.5
cent20y,42/1_Run_Means,r,1.0,0.03262685864220635,0,0,1.0,1.0,2.5209117549478055,0.0,0.0,390.74132201690986,233.5892823895373,0.0,0.0,0.0,0.0,1985.124999999988,2010.041666666632,
GWI_anthro_CGWL,43/3_Human_Induced,c,2.4966360356314246,0.09339606883034132,0,0,0.8333363099811129,0.8333363099811129,1.0994155187335426,0.08591757339266956,0.0230585765577246,78.05850183008152,78.05850183008152,0.08591757339266956,0.08591757339266956,0.0230585765577246,0.0754318011467496,1981.291666666658,2007.2083333333012,
GWI_anthro_SR15,43/3_Human_Induced,c,2.2704891599336983,0.08307258556015999,0,0,0.8730763292553225,0.8730763292553225,1.222068792267937,0.07269167861986352,0.01615512829659722,86.76688425102353,86.76688425102353,0.07269167861986352,0.07269167861986352,0.016155128296597217,0.05437184180310326,1984.2083333333221,2006.3749999999686,
GWI_anthro,43/3_Human_Induced,c,2.537465655103206,0.08738624973646651,0,0,0.8966634521073401,0.8966634521073401,1.1690947251889112,0.07805211795701354,0.01888091638193445,83.0057254884127,83.0057254884127,0.07805211795701354,0.07805211795701354,0.01888091638193445,0.06345133678483632,1982.7916666666567,2008.5416666666333,
FaIR_nonat_unB,43/1_ERF_FaIR,c,4.848742015528142,0.02437945690300882,63,39,1.494271094878321e-24,3.753166295716795e-22,-1144.7322804064336,0.36356227720923345,0.21459802447712764,-104170.63751698546,-104170.63751698546,0.36356227720923345,0.26260792476263917,0.21459802447712764,-0.013640752147710725,1987.0416666666529,2011.6249999999638,
FaIR_anthro_unB,43/1_ERF_FaIR,c,4.483601819913974,0.02308718657874231,52,40,1.6052744553855164e-28,2.0973461673568477e-24,-1482.5842923970747,0.3491106668389078,0.22239826747277475,-134915.1706081338,-134915.17060813383,0.3491106668389078,0.2545622499343665,0.22239826747277475,0.008713507415250085,1985.9583333333205,2010.8749999999645,
