method_name,method_class,c/r,smooth_r,avg_unc.(1se),#q<0.5,#q<0.1,q_min,q_small5,log-likeli,RMS,bias,tlog-l,100log-l,100RMS,75RMS,100bias,bias50,xyear0.5,xyear1.0,xyear1.5
cent20y,42/1_Run_Means,r,1.0,0.029227826307814588,0,0,1.0,1.0,2.6345343292723364,0.0,0.0,408.35282103721215,239.59225692155087,0.0,0.0,0.0,0.0,1976.9583333333287,2004.1249999999707,
GWI_anthro_CGWL,43/3_Human_Induced,c,2.7402241681642745,0.07116309437120862,0,0,0.9047798040283576,0.9047798040283576,1.444302022938409,0.05028057795350338,-0.029642366937288757,102.54544362862704,102.54544362862704,0.05028057795350338,0.05028057795350338,-0.02964236693728875,-0.05325679676282505,1980.291666666659,2005.1249999999698,
GWI_anthro_SR15,43/3_Human_Induced,c,2.493542254563894,0.06551554775603982,0,0,0.9574120599187026,0.9574120599187026,1.5181608457358362,0.04638163484699702,-0.016353084069679103,107.78942004724436,107.78942004724436,0.04638163484699702,0.04638163484699702,-0.016353084069679103,-0.04085148030477155,1980.0416666666592,2004.2916666666372,
GWI_anthro,43/3_Human_Induced,c,2.5782334905695516,0.06754532201994747,0,0,0.9295342292637641,0.9295342292637641,1.4928302544106866,0.0474130807268601,-0.020828495664790964,105.99094806315875,105.99094806315875,0.0474130807268601,0.0474130807268601,-0.02082849566479096,-0.0453619732281282,1980.0416666666592,2004.7916666666367,
FaIR_nonat_unB,43/1_ERF_FaIR,c,1.7928008671794606,0.028214272489403096,22,0,0.4897678202640966,0.4897678202640966,1.9806151413415114,0.032069763466323495,-0.013092564581207227,180.23597786207753,180.2359778620775,0.032069763466323495,0.033662688918641145,-0.013092564581207227,-0.0052550130850885,1978.7083333333271,2001.29166666664,
FaIR_anthro_unB,43/1_ERF_FaIR,c,2.016819072238563,0.02546769866262789,74,0,0.3400713436385256,0.3400713436385256,1.7541433544860952,0.03479164479534501,-0.025862222784098395,159.62704525823466,159.62704525823466,0.03479164479534501,0.03576994327969552,-0.025862222784098405,-0.022811739310915066,1978.5416666666606,2002.4583333333055,
