method_name,method_class,c/r,smooth_r,avg_unc.(1se),#q<0.5,#q<0.1,q_min,q_small5,log-likeli,RMS,bias,tlog-l,100log-l,100RMS,75RMS,100bias,bias50,xyear0.5,xyear1.0,xyear1.5
cent20y,42/1_Run_Means,r,1.0,0.028539211291600294,0,0,1.0,1.0,2.650731056948727,0.0,0.0,410.8633138270527,240.28669394317896,0.0,0.0,0.0,0.0,1992.0416666666483,2016.7916666666258,
GWI_anthro_CGWL,43/3_Human_Induced,c,2.509202399242189,0.08518483008503101,0,0,0.8001292603028526,0.8001292603028526,1.3078509850610638,0.06313112831683565,0.016467026983173958,92.85741993933553,92.85741993933551,0.06313112831683564,0.06313112831683565,0.016467026983173958,0.054102433839916184,1987.2916666666526,2015.541666666627,
GWI_anthro_SR15,43/3_Human_Induced,c,2.334570468068446,0.07593128779850312,0,0,0.9780038507864273,0.9780038507864273,1.377712171113087,0.05854797928208509,0.013950852233449324,97.81756414902918,97.81756414902921,0.05854797928208509,0.05854797928208509,0.013950852233449324,0.03832760971005794,1987.8749999999854,2015.9583333332932,
GWI_anthro,43/3_Human_Induced,c,2.4866495317498116,0.07982073874270483,0,0,0.9002122807069141,0.9002122807069141,1.3534560906124866,0.05999181471805387,0.015370199775180667,96.09538243348655,96.09538243348653,0.059991814718053864,0.059991814718053864,0.015370199775180667,0.045534638364209845,1987.2916666666526,2015.7083333332935,
FaIR_nonat_unB,43/1_ERF_FaIR,c,2.716586250025491,0.027857299584451333,53,32,0.002459341214874885,0.024352054722520465,-2.9952102823278426,0.0731595435568685,0.04593219619103972,-272.56413569183366,-272.5641356918337,0.0731595435568685,0.05428522196124408,0.045932196191039706,0.011124453039413383,1991.958333333315,2016.2916666666263,
