method_name,method_class,c/r,smooth_r,avg_unc.(1se),#q<0.5,#q<0.1,q_min,q_small5,log-likeli,RMS,bias,tlog-l,100log-l,100RMS,75RMS,100bias,bias50,xyear0.5,xyear1.0,xyear1.5
cent20y,42/1_Run_Means,r,1.0,0.03270789136777429,0,0,1.0,1.0,2.515253055578362,0.0,0.0,389.8642236146461,230.90199330967212,0.0,0.0,0.0,0.0,1987.2083333333194,2011.6249999999638,
GWI_anthro_CGWL,43/3_Human_Induced,c,2.508158141826465,0.08733929986644985,0,0,0.9736320565843388,0.9736320565843388,1.2773551364492117,0.06881027635204272,0.007008673371791737,90.69221468789404,90.69221468789402,0.06881027635204272,0.06881027635204272,0.007008673371791737,0.04849349578764096,1983.9583333333223,2011.4583333332973,
GWI_anthro_SR15,43/3_Human_Induced,c,2.2916505127489186,0.0786709842424998,0,0,0.9742445699395074,0.9742445699395074,1.3868581392305113,0.0581846274165059,0.004215743348893229,98.4669278853663,98.4669278853663,0.058184627416505895,0.0581846274165059,0.004215743348893229,0.034350877818513426,1986.124999999987,2012.0416666666301,
GWI_anthro,43/3_Human_Induced,c,2.4517089577224858,0.08219043282005475,0,0,0.9801492159627413,0.9801492159627413,1.342326071887037,0.06243532987881071,0.005455604249466627,95.30515110397963,95.30515110397965,0.062435329878810716,0.06243532987881071,0.005455604249466626,0.04057874547270988,1984.9583333333214,2011.9583333332969,
FaIR_nonat_unB,43/1_ERF_FaIR,c,2.085877076118453,0.024633824766681335,27,0,0.1107371602676526,0.32461355529131986,1.4966202629719991,0.03656545165917462,0.009095399422174742,136.19244393045193,136.1924439304519,0.03656545165917462,0.02654311420786652,0.009095399422174742,-0.005908958732637066,1988.041666666652,2012.7916666666295,
