method_name,method_class,c/r,smooth_r,avg_unc.(1se),#q<0.5,#q<0.1,q_min,q_small5,log-likeli,RMS,bias,tlog-l,100log-l,100RMS,75RMS,100bias,bias50,xyear0.5,xyear1.0,xyear1.5
cent20y,42/1_Run_Means,r,1.0,0.026919873228312612,0,0,1.0,1.0,2.707988826041624,0.0,0.0,419.7382680364517,244.32483181204975,0.0,0.0,0.0,0.0,1986.9583333333196,2012.4583333332964,
GWI_anthro_CGWL,43/3_Human_Induced,c,2.908622761500537,0.0818076760646453,0,0,0.9984384838477065,0.9984384838477065,1.5282123837779567,0.024743257054127814,0.0029505836214090363,108.50307924823493,108.50307924823494,0.024743257054127814,0.024743257054127814,0.0029505836214090368,0.002972475070530614,1986.6249999999866,2014.5416666666279,
GWI_anthro_SR15,43/3_Human_Induced,c,2.6589858319314206,0.0735398536179192,0,0,0.9624818084259024,0.9624818084259024,1.5457324921514282,0.03512552030657203,0.004791555835649008,109.7470069427514,109.74700694275137,0.03512552030657203,0.03512552030657203,0.004791555835649008,-0.004176447451327872,1987.0416666666529,2014.7916666666276,
GWI_anthro,43/3_Human_Induced,c,2.713317320621418,0.0768436046227264,0,0,0.9930153700540345,0.9930153700540345,1.542852934479546,0.03054554926900898,0.004542225085513899,109.54255834804778,109.54255834804778,0.030545549269008983,0.03054554926900898,0.004542225085513899,-0.00041530873958985505,1986.5416666666533,2014.6249999999611,
FaIR_nonat_unB,43/1_ERF_FaIR,c,2.7375206491430877,0.028324949754580147,0,0,0.8244153785176377,0.8244153785176377,2.1485790676289547,0.027899442026261153,0.014425568987124193,195.52069515423486,195.52069515423483,0.027899442026261156,0.024710514644772797,0.014425568987124193,0.006463756799817064,1987.8749999999854,2013.1249999999625,
