method_name,method_class,c/r,smooth_r,avg_unc.(1se),#q<0.5,#q<0.1,q_min,q_small5,log-likeli,RMS,bias,tlog-l,100log-l,100RMS,75RMS,100bias,bias50,xyear0.5,xyear1.0,xyear1.5
cent20y,42/1_Run_Means,r,1.0,0.027095293646811312,0,0,1.0,1.0,2.699784786534402,0.0,0.0,418.4666419128323,243.5367000327922,0.0,0.0,0.0,0.0,1984.5416666666551,2010.6249999999648,
GWI_anthro_CGWL,43/3_Human_Induced,c,2.7551423155440573,0.08093939288658161,0,0,0.9968560588960336,0.9968560588960336,1.5349831399936957,0.022958435150117525,0.0022030867611952435,108.98380293955239,108.98380293955239,0.022958435150117525,0.022958435150117525,0.0022030867611952435,0.001085805148931142,1984.458333333322,2013.0416666666292,
GWI_anthro_SR15,43/3_Human_Induced,c,2.5319344214584443,0.07281188903011139,0,0,0.9737851883301188,0.9737851883301188,1.5416779987935736,0.03654131564434719,0.004887238668864194,109.45913791434373,109.45913791434373,0.03654131564434719,0.03654131564434719,0.004887238668864194,-0.0053116632910447615,1985.7083333333208,2013.291666666629,
GWI_anthro,43/3_Human_Induced,c,2.6681066830563624,0.0760529258179071,0,0,0.9880989004188272,0.9880989004188272,1.5433735949443783,0.03076109186847098,0.004397164653766087,109.57952524105086,109.57952524105085,0.030761091868470977,0.030761091868470977,0.004397164653766087,-0.001791475369990602,1984.6249999999884,2013.2083333332957,
FaIR_nonat_unB,43/1_ERF_FaIR,c,5.4486926862471075,0.028218406365972778,43,36,2.876602645542652e-17,1.0890876651476784e-16,-702.254203073588,0.3399062182340799,0.2135307079039666,-63905.132479696505,-63905.1324796965,0.33990621823407985,0.25454414060330727,0.21353070790396664,0.006795564030921754,1985.2083333333212,2011.5416666666306,
