method_name,method_class,c/r,smooth_r,avg_unc.(1se),#q<0.5,#q<0.1,q_min,q_small5,log-likeli,RMS,bias,tlog-l,100log-l,100RMS,75RMS,100bias,bias50,xyear0.5,xyear1.0,xyear1.5
cent20y,42/1_Run_Means,r,1.0,0.028110250512256525,0,0,1.0,1.0,2.6660038562417383,0.0,0.0,413.23059771746944,239.48985157922522,0.0,0.0,0.0,0.0,1984.5416666666551,2010.7916666666313,
GWI_anthro_CGWL,43/3_Human_Induced,c,2.566857863877972,0.06988702297559815,0,0,0.9362035242768393,0.9362035242768393,1.4375245643024757,0.05520624082087377,-0.04579992597873649,102.06424406547578,102.06424406547576,0.05520624082087377,0.05520624082087377,-0.0457999259787365,-0.05946896647253502,1987.2083333333194,2015.2916666666272,
GWI_anthro_SR15,43/3_Human_Induced,c,2.3374580354091687,0.06480554946543764,0,0,0.9973249979758934,0.9973249979758934,1.5727379199374598,0.04496425317616387,-0.031075124528000233,111.66439231555965,111.66439231555967,0.044964253176163864,0.044964253176163864,-0.031075124528000233,-0.04454877390433233,1986.8749999999864,2015.1249999999607,
GWI_anthro,43/3_Human_Induced,c,2.427775593200313,0.06663892056506227,0,0,0.996667305739291,0.996667305739291,1.5314268885432618,0.0481460298361847,-0.03602410516691242,108.73130908657158,108.7313090865716,0.0481460298361847,0.0481460298361847,-0.03602410516691243,-0.05005806142825227,1986.9583333333196,2015.208333333294,
FaIR_nonat_unB,43/1_ERF_FaIR,c,5.051644199777127,0.02891535396220254,69,44,4.91879192653997e-23,6.051799325496498e-21,-1039.8305179354284,0.3983454486434017,0.23489001480553515,-94624.57713212397,-94624.57713212396,0.3983454486434017,0.28514822026427417,0.23489001480553517,-0.00840931549570548,1985.791666666654,2011.9583333332969,
