method_name,method_class,c/r,smooth_r,avg_unc.(1se),#q<0.5,#q<0.1,q_min,q_small5,log-likeli,RMS,bias,tlog-l,100log-l,100RMS,75RMS,100bias,bias50,xyear0.5,xyear1.0,xyear1.5
cent20y,42/1_Run_Means,r,1.0,0.0268829862001264,0,0,1.0,1.0,2.7073744588483284,0.0,0.0,419.6430411214909,242.5197676541379,0.0,0.0,0.0,0.0,1985.7916666666476,2011.6249999999575,
lowess1dg20wnc,42/3_ST_Fits,c,3.5730932127295847,0.043631149359648534,41,0,0.18101901682854035,0.2978668088518083,1.471592626204514,0.04761145602861873,-0.013176969310293168,228.09685706169967,132.79099213640842,0.04904577076694567,0.0465962353988111,-0.014488596786215897,-0.04065136895542918,1987.874999999979,2014.041666666622,
Kal_flexLin,42/5_Kalman,c,4.894330942193631,0.05317657451406971,0,0,0.9392326115401658,0.9392326115401658,1.6786324366560115,0.04473897899321684,-0.010346240784334972,260.1880276816818,152.2939806770056,0.044081777211364,0.042206397599751026,-0.00917446636712638,-0.028091580418330576,1987.1249999999798,2014.2083333332885,
GAM_AR1,42/4_GAM_AR1,c,6.513009925904445,0.04077392426334183,39,7,0.00037214649370021847,0.08741206710943152,1.3478635456747639,0.05004928852672339,-0.006985255416019081,183.30944221176787,119.25586527778265,0.051155659361984636,0.04414762259200256,-0.01457722061994821,-0.02866155370861421,1986.87499999998,2014.1249999999552,
CGWL10y_sfUKCP,44/44_EarthModel_CGWL,c,6.736850364918839,0.05041741161577163,0,0,0.9090566037735849,0.9090566037735849,1.644074247155549,0.043322270443665864,0.0006619176346299788,240.03484008471014,153.10469242156123,0.039542173983377185,0.036308614772529585,0.001458706221771498,0.004920820758733735,1986.6249999999802,2012.791666666623,
