method_name,method_class,c/r,smooth_r,avg_unc.(1se),#q<0.5,#q<0.1,q_min,q_small5,log-likeli,RMS,bias,tlog-l,100log-l,100RMS,75RMS,100bias,bias50,xyear0.5,xyear1.0,xyear1.5
cent20y,42/1_Run_Means,r,1.0,0.02678425702160698,0,0,1.0,1.0,2.7119766881170326,0.0,0.0,420.3563866581401,244.58244437561646,0.0,0.0,0.0,0.0,1987.2916666666526,2013.4583333332955,
GWI_anthro_CGWL,43/3_Human_Induced,c,2.8115533253445513,0.07986427224589605,0,0,0.9886656993921199,0.9886656993921199,1.4699314176772489,0.03602235927246475,0.00222197008605868,104.36513065508467,104.36513065508464,0.03602235927246475,0.03602235927246475,0.0022219700860586803,-0.008738380856437989,1986.791666666653,2016.2916666666263,
GWI_anthro_SR15,43/3_Human_Induced,c,2.56003408976956,0.07189429733230665,0,0,0.9492923576467341,0.9492923576467341,1.4982832191512137,0.04195194499182002,0.0064563964408792095,106.37810855973616,106.37810855973616,0.04195194499182002,0.04195194499182003,0.0064563964408792095,-0.011129596103302252,1987.0416666666529,2016.4583333332928,
GWI_anthro,43/3_Human_Induced,c,2.661278430993019,0.07496370007279572,0,0,0.9854796097723161,0.9854796097723161,1.4919857775134644,0.039134889182768924,0.005330287800285166,105.93099020345598,105.93099020345596,0.039134889182768924,0.039134889182768924,0.005330287800285166,-0.009156652927282185,1986.7083333333198,2016.2916666666263,
FaIR_nonat_unB,43/1_ERF_FaIR,c,2.3249258348199224,0.028180809882399443,8,0,0.4711720872972488,0.4711720872972488,2.017354547259844,0.030971039567937206,0.01868865820977807,183.57926380064583,183.57926380064583,0.030971039567937206,0.03156263024361877,0.01868865820977807,0.02660898443800863,1987.1249999999861,2013.624999999962,
FaIR_anthro_unB,43/1_ERF_FaIR,c,2.290123956062464,0.024084573085625092,31,0,0.1545778834720571,0.1545778834720571,1.4998180549954128,0.03836551119899923,0.021643802054668305,136.48344300458257,136.4834430045826,0.03836551119899923,0.04026086184399133,0.021643802054668308,0.03572678264405375,1985.124999999988,2013.4583333332955,
