method_name,method_class,c/r,smooth_r,avg_unc.(1se),#q<0.5,#q<0.1,q_min,q_small5,log-likeli,RMS,bias,tlog-l,100log-l,100RMS,75RMS,100bias,bias50,xyear0.5,xyear1.0,xyear1.5
cent20y,42/1_Run_Means,r,1.0,0.026681473992236165,0,0,1.0,1.0,2.7157925706609984,0.0,0.0,420.94784845245476,244.7043932972881,0.0,0.0,0.0,0.0,1987.708333333319,2013.624999999962,
GWI_anthro_CGWL,43/3_Human_Induced,c,2.759762689301794,0.08083887915937166,0,0,0.9979639615535286,0.9979639615535286,1.4782825862376698,0.0309556011293595,0.0053376992337459,104.95806362287456,104.95806362287456,0.03095560112935951,0.030955601129359505,0.0053376992337459,-0.007586846877744301,1987.4583333333192,2015.7916666666267,
GWI_anthro_SR15,43/3_Human_Induced,c,2.5415708611562087,0.07244459146750648,0,0,0.9502910713460664,0.9502910713460664,1.4833759436837999,0.04336444894427353,0.00924104240157286,105.3196920015498,105.3196920015498,0.04336444894427353,0.04336444894427353,0.009241042401572861,-0.011395415887271962,1987.708333333319,2016.0416666666265,
GWI_anthro,43/3_Human_Induced,c,2.6550424804927397,0.07572734616479285,0,0,0.9889779459513113,0.9889779459513113,1.4839572161063255,0.03819969615904183,0.008286269464114966,105.3609623435491,105.3609623435491,0.03819969615904183,0.03819969615904183,0.008286269464114966,-0.008880069823524985,1987.374999999986,2015.87499999996,
FaIR_nonat_unB,43/1_ERF_FaIR,c,2.5087631227869447,0.028326981705972303,23,0,0.2782401902497027,0.2782401902497027,1.848333864334177,0.03577168074779316,0.027754875985544058,168.1983816544101,168.1983816544101,0.03577168074779316,0.034014051709222684,0.027754875985544058,0.023105910198647737,1987.8749999999854,2013.624999999962,
FaIR_anthro_unB,43/1_ERF_FaIR,c,2.59818604473896,0.02411766820090577,48,0,0.14086687306501547,0.14086687306501547,1.1535826286274327,0.04266671402408896,0.03438325341134827,104.97601920509636,104.97601920509635,0.04266671402408896,0.04423543384016707,0.03438325341134827,0.03483435902092712,1986.2083333333203,2013.5416666666288,
