method_name,method_class,c/r,smooth_r,avg_unc.(1se),#q<0.5,#q<0.1,q_min,q_small5,log-likeli,RMS,bias,tlog-l,100log-l,100RMS,75RMS,100bias,bias50,xyear0.5,xyear1.0,xyear1.5
cent20y,42/1_Run_Means,r,1.0,0.03215200468451718,0,0,1.0,1.0,2.5335168910473347,0.0,0.0,392.6951181123369,232.843593282644,0.0,0.0,0.0,0.0,1992.4583333333146,2016.541666666626,
GWI_anthro_CGWL,43/3_Human_Induced,c,2.6063560943287847,0.08211519285580306,0,0,0.9977968275362945,0.9977968275362945,1.4649085795169081,0.04366397276550059,0.0026672669019246276,104.00850914570047,104.00850914570047,0.04366397276550059,0.04366397276550059,0.0026672669019246276,0.027895101529307263,1989.2916666666508,2015.9583333332932,
GWI_anthro_SR15,43/3_Human_Induced,c,2.4000654177871095,0.07451495204006289,0,0,0.9990767690856679,0.9990767690856679,1.5354848140846136,0.04099611318596911,0.004509551850597223,109.01942180000756,109.01942180000756,0.04099611318596911,0.04099611318596911,0.004509551850597223,0.019039330678271977,1989.5416666666506,2016.4583333332928,
GWI_anthro,43/3_Human_Induced,c,2.5231136448243863,0.07754971065702443,0,0,0.994982826970133,0.994982826970133,1.5120646955471386,0.041646070605266115,0.004430834399887502,107.35659338384684,107.35659338384686,0.04164607060526612,0.041646070605266115,0.004430834399887502,0.023418413086465303,1989.374999999984,2016.1249999999598,
FaIR_nonat_unB,43/1_ERF_FaIR,c,2.57606183815151,0.02533625895685373,48,35,0.002291849410252282,0.008304055703293393,-5.4070765897939745,0.07300617346233183,0.04630806344405394,-492.0439696712517,-492.0439696712517,0.07300617346233183,0.05599459010715983,0.04630806344405394,0.007374264844227823,1992.7083333333144,2016.4583333332928,
FaIR_anthro_unB,43/1_ERF_FaIR,c,2.5702233062543467,0.023372183102950462,75,52,0.000377717312789077,0.0009497877445577362,-15.478659471070904,0.07967839836937735,0.06722738096215787,-1408.5580118674523,-1408.5580118674523,0.07967839836937735,0.06805068820799946,0.06722738096215786,0.03705337422780921,1992.1249999999816,2016.208333333293,
