method_name,method_class,c/r,smooth_r,avg_unc.(1se),#q<0.5,#q<0.1,q_min,q_small5,log-likeli,RMS,bias,tlog-l,100log-l,100RMS,75RMS,100bias,bias50,xyear0.5,xyear1.0,xyear1.5
cent20y,42/1_Run_Means,r,1.0,0.028511112706175408,0,0,1.0,1.0,2.657327204853948,0.0,0.0,411.88571675236193,241.88265188078995,0.0,0.0,0.0,0.0,1984.2083333333221,2010.2083333332985,
GWI_anthro_CGWL,43/3_Human_Induced,c,2.7156646787568848,0.07219712667673968,0,0,0.8065170415951928,0.8065170415951928,1.3205478854316801,0.0631195114496814,-0.05546458538409367,93.75889986564928,93.75889986564928,0.0631195114496814,0.0631195114496814,-0.05546458538409367,-0.06263875766302206,1987.2083333333194,2015.208333333294,
GWI_anthro_SR15,43/3_Human_Induced,c,2.4819548368163047,0.06689979686821305,0,0,0.9721131987755152,0.9721131987755152,1.4300492916079162,0.05611899658469862,-0.043643079054617236,101.53349970416204,101.53349970416204,0.05611899658469862,0.05611899658469862,-0.043643079054617236,-0.05427396623346526,1987.0416666666529,2015.208333333294,
GWI_anthro,43/3_Human_Induced,c,2.528626152460353,0.06883460173718087,0,0,0.9416965938666342,0.9416965938666342,1.4067198024387022,0.057674620596036064,-0.04733183177484127,99.87710597314786,99.87710597314788,0.057674620596036064,0.057674620596036064,-0.04733183177484127,-0.0569037399559521,1986.9583333333196,2015.1249999999607,
FaIR_nonat_unB,43/1_ERF_FaIR,c,4.844388347429304,0.02794398700293556,51,37,6.331107205657747e-19,1.353968582612106e-18,-830.0863206384436,0.35761675120918474,0.21985748994111864,-75537.85517809837,-75537.85517809834,0.35761675120918474,0.26657095436529354,0.21985748994111862,0.0026121871569665792,1984.791666666655,2011.8749999999636,
