method_name,method_class,c/r,smooth_r,avg_unc.(1se),#q<0.5,#q<0.1,q_min,q_small5,log-likeli,RMS,bias,tlog-l,100log-l,100RMS,75RMS,100bias,bias50,xyear0.5,xyear1.0,xyear1.5
cent20y,42/1_Run_Means,r,1.0,0.027899601039423908,0,0,1.0,1.0,2.6736698527726297,0.0,0.0,414.4188271797576,236.16268466554322,0.0,0.0,0.0,0.0,1984.2083333333221,2010.7916666666313,
GWI_anthro_CGWL,43/3_Human_Induced,c,2.701647493211288,0.0818892730411589,0,0,0.9963059799175802,0.9963059799175802,1.4891219286224602,0.040994749854803426,0.012883550784049905,105.72765693219468,105.72765693219466,0.040994749854803426,0.040994749854803426,0.012883550784049905,0.025774687308802058,1982.1249999999907,2012.8749999999627,
GWI_anthro_SR15,43/3_Human_Induced,c,2.4889761635493817,0.07361213287510203,0,0,0.9675221890894388,0.9675221890894388,1.5088423656743792,0.045460635683952776,0.01232880052312332,107.12780796288092,107.12780796288092,0.045460635683952776,0.045460635683952776,0.012328800523123322,0.015880832414651797,1983.7083333333226,2012.958333333296,
GWI_anthro,43/3_Human_Induced,c,2.6169623541658638,0.07694675311419807,0,0,0.995114449758741,0.995114449758741,1.5104793887938641,0.042462755856346304,0.012791775962199313,107.24403660436435,107.24403660436438,0.042462755856346304,0.042462755856346304,0.012791775962199315,0.020621720920413533,1982.7083333333235,2013.0416666666292,
FaIR_nonat_unB,43/1_ERF_FaIR,c,5.239800475413803,0.027856356301316592,49,39,6.821108088407531e-19,1.47993026786743e-17,-820.3451946040567,0.35580564354804095,0.22797511326929049,-74651.41270896916,-74651.41270896918,0.355805643548041,0.2661296868230989,0.22797511326929049,0.01964947026859835,1983.874999999989,2010.9583333332978,
FaIR_anthro_unB,43/1_ERF_FaIR,c,4.956377546545597,0.024076976799497905,51,37,3.0956706145935704e-25,3.7387711669876285e-24,-1324.5942640188025,0.33782767233971395,0.21852287081368804,-120538.07802571103,-120538.07802571106,0.33782767233971395,0.25318449766508805,0.21852287081368804,0.018363596877831793,1983.2916666666563,2011.374999999964,
