method_name,method_class,c/r,smooth_r,avg_unc.(1se),#q<0.5,#q<0.1,q_min,q_small5,log-likeli,RMS,bias,tlog-l,100log-l,100RMS,75RMS,100bias,bias50,xyear0.5,xyear1.0,xyear1.5
cent20y,42/1_Run_Means,r,1.0,0.031371649269290175,0,0,1.0,1.0,2.5550733798724585,0.0,0.0,396.03637388023105,232.35977949652718,0.0,0.0,0.0,0.0,1985.1249999999816,2010.5416666666251,
lowess1dg20wnc,42/3_ST_Fits,c,3.462417626103199,0.20001586669661778,0,0,0.9977512148819415,0.9977512148819415,0.6381610792422554,0.06011185367624559,-0.009344653277599532,98.91496728254958,44.68715159886091,0.054443594691338706,0.048997376000557084,-0.014004619912319313,-0.03593138243103249,1987.3749999999795,2013.1249999999561,
Kal_flexLin,42/5_Kalman,c,4.9529582667497705,0.05317657451406971,17,0,0.12316500713286112,0.12387000763394021,1.3996697928083475,0.05856878903548719,-0.01065668178704544,216.94881788529386,139.0721412776803,0.051477745371333476,0.042065074376067046,-0.009114041924135903,-0.024542604847705714,1986.9583333333132,2013.5416666666224,
GAM_AR1,42/4_GAM_AR1,c,7.813834735983872,0.06299082642562781,9,1,0.04555556894307608,0.2928539466092162,1.2293711767419,0.06726868177319216,-0.011477627236240438,167.1944800368984,131.16239941830685,0.05455451866114202,0.04676727732828669,-0.010261656154612256,-0.029479807061120605,1987.0416666666465,2013.1249999999561,
CGWL10y_sfUKCP,44/44_EarthModel_CGWL,c,5.62864927814313,0.049909689950366175,0,0,0.9733333333333334,0.9733333333333334,1.6353587972510826,0.04513418836984838,-0.0011815412398317653,238.76238439865804,145.49822398043943,0.04489832088610542,0.03576800154614749,-0.004570741740526799,0.0013334547012328487,1986.1249999999807,2009.9583333332923,
