method_name,method_class,c/r,smooth_r,avg_unc.(1se),#q<0.5,#q<0.1,q_min,q_small5,log-likeli,RMS,bias,tlog-l,100log-l,100RMS,75RMS,100bias,bias50,xyear0.5,xyear1.0,xyear1.5
cent20y,42/1_Run_Means,r,1.0,0.0313015724155922,0,0,1.0,1.0,2.5606096506830984,0.0,0.0,396.8944958558802,236.74972823563337,0.0,0.0,0.0,0.0,1984.7916666666486,2010.208333333292,
lowess1dg20wnc,42/3_ST_Fits,c,4.096141316938261,0.1782723843589221,0,0,0.9912120492039832,0.9912120492039832,0.761360229436345,0.0573702412749755,-0.010583551358860218,118.01083556263347,55.392316736890706,0.04736280996201868,0.043587532200538244,-0.011872161883029812,-0.0415043748349812,1987.6249999999793,2013.2916666666226,
Kal_flexLin,42/5_Kalman,c,5.590100553052845,0.05317657451406971,13,4,0.06332706694270714,0.14177878287939985,1.415026357557715,0.057242746005129436,-0.007690259381687186,219.32908542144585,147.35613654731753,0.0469803014990305,0.04169494831609537,-0.008533209503029974,-0.030594851412217582,1987.0416666666465,2013.708333333289,
GAM_AR1,42/4_GAM_AR1,c,6.488762811029458,0.060776001122397665,13,0,0.23568307213788525,0.3001941591109367,1.2456554842123908,0.06163672370267682,-1.3067744729819256e-05,169.40914585288516,137.32594671348707,0.04866264015167393,0.04649829957709947,-0.008306718249299152,-0.037756949057663594,1987.1249999999798,2013.374999999956,
CGWL10y_sfUKCP,44/44_EarthModel_CGWL,c,5.78362415113479,0.05041488163894223,0,0,0.9429166666666667,0.9429166666666667,1.6393501534700425,0.046424787348909986,0.005002267709517544,239.34512240662622,144.90466161804528,0.04579001154741972,0.04093906906712589,-0.000385813683864836,0.005873435731506319,1985.9583333333142,2012.2916666666235,
