method_name,method_class,c/r,smooth_r,avg_unc.(1se),#q<0.5,#q<0.1,q_min,q_small5,log-likeli,RMS,bias,tlog-l,100log-l,100RMS,75RMS,100bias,bias50,xyear0.5,xyear1.0,xyear1.5
cent20y,42/1_Run_Means,r,1.0,0.03270962646932406,0,0,1.0,1.0,2.5152010716610373,0.0,0.0,389.8561661074608,230.8958849404111,0.0,0.0,0.0,0.0,1985.2083333333212,2009.708333333299,
GWI_anthro_CGWL,43/3_Human_Induced,c,2.507263718717699,0.08733929975527169,0,0,0.972022443989922,0.972022443989922,1.2771987244616623,0.06883364450387248,0.007216223539584139,90.68110943677802,90.681109436778,0.06883364450387248,0.06883364450387248,0.007216223539584138,0.048692289763641504,1982.208333333324,2008.791666666633,
GWI_anthro_SR15,43/3_Human_Induced,c,2.2908621424878466,0.07867098419491035,0,0,0.9732698972008088,0.9732698972008088,1.386694507392724,0.058204577783685055,0.004422575502828397,98.4553100248834,98.45531002488342,0.058204577783685055,0.058204577783685055,0.004422575502828397,0.03454792334173455,1984.0416666666556,2008.9583333332996,
GWI_anthro,43/3_Human_Induced,c,2.4505309872446883,0.08219043193318346,0,0,0.9782436877313175,0.9782436877313175,1.342149116104384,0.06245994113069358,0.005664037741845517,95.29258724341126,95.29258724341125,0.06245994113069357,0.06245994113069357,0.005664037741845517,0.04077865692827256,1982.87499999999,2009.374999999966,
FaIR_nonat_unB,43/1_ERF_FaIR,c,4.334192972571746,0.024675527846363527,47,35,1.1089288563547177e-23,2.47826270069068e-21,-1105.7434419032338,0.35868723147445747,0.2190895579334676,-100622.65321319428,-100622.65321319428,0.35868723147445747,0.25947868095128096,0.2190895579334676,-0.0008488879012487869,1985.9583333333205,2010.6249999999648,
FaIR_anthro_unB,43/1_ERF_FaIR,c,4.198652343435722,0.02305616332739482,51,39,1.4860909497638308e-27,4.7917461797653265e-25,-1505.9579328575473,0.3443142774986155,0.22284829568237888,-137042.1718900368,-137042.1718900368,0.34431427749861554,0.25163670305244945,0.22284829568237893,0.016575426278102025,1984.791666666655,2010.2083333332985,
