method_name,method_class,c/r,smooth_r,avg_unc.(1se),#q<0.5,#q<0.1,q_min,q_small5,log-likeli,RMS,bias,tlog-l,100log-l,100RMS,75RMS,100bias,bias50,xyear0.5,xyear1.0,xyear1.5
cent20y,42/1_Run_Means,r,1.0,0.03259149361618167,0,0,1.0,1.0,2.521312433666667,0.0,0.0,390.80342721833335,233.35492933120236,0.0,0.0,0.0,0.0,1985.124999999988,2010.4583333332982,
GWI_anthro_CGWL,43/3_Human_Induced,c,2.3822023177310774,0.09350268685465397,0,0,0.9022385323536961,0.9022385323536961,1.1040708818645995,0.0855955111154535,0.018262469986246477,78.38903261238656,78.38903261238654,0.0855955111154535,0.0855955111154535,0.018262469986246477,0.06754963723407113,1980.5416666666588,2009.2083333332994,
GWI_anthro_SR15,43/3_Human_Induced,c,2.159322935778047,0.08346508933393239,0,0,0.961169820455853,0.961169820455853,1.2323668703170656,0.0717415982232733,0.011291381772655033,87.49804779251166,87.49804779251167,0.07174159822327332,0.0717415982232733,0.011291381772655033,0.04813117062986223,1983.6249999999893,2009.374999999966,
GWI_anthro,43/3_Human_Induced,c,2.3793732412150215,0.08762374815156167,0,0,0.9127658481232126,0.9127658481232126,1.1780234962192697,0.07733990753432522,0.013826729613030345,83.63966823156815,83.63966823156815,0.07733990753432522,0.07733990753432522,0.013826729613030345,0.05650973894021261,1982.3749999999905,2009.708333333299,
FaIR_nonat_unB,43/1_ERF_FaIR,c,1.956569788435157,0.024318021916284772,16,1,0.011883120058013992,0.312590831021271,1.8953353652462368,0.03185282632820284,-0.0076147772953891755,172.47551823740756,172.47551823740758,0.03185282632820284,0.027419363889077022,-0.0076147772953891755,-0.003633165160964382,1986.45833333332,2011.6249999999638,
