method_name,method_class,c/r,smooth_r,avg_unc.(1se),#q<0.5,#q<0.1,q_min,q_small5,log-likeli,RMS,bias,tlog-l,100log-l,100RMS,75RMS,100bias,bias50,xyear0.5,xyear1.0,xyear1.5
cent20y,42/1_Run_Means,r,1.0,0.027880982825362322,0,0,1.0,1.0,2.673761942013916,0.0,0.0,414.43310101215695,241.88939553820444,0.0,0.0,0.0,0.0,1975.8749999999964,2004.9583333333032,
GWI_anthro_CGWL,43/3_Human_Induced,c,2.949539460716636,0.07555773436255908,13,0,0.4287740319783222,0.4287740319783222,0.8970108935010818,0.09421875007625402,-0.06206066279623034,63.687773438576805,63.68777343857681,0.09421875007625402,0.09421875007625402,-0.06206066279623033,-0.11012555093894595,1982.541666666657,2011.1249999999643,
GWI_anthro_SR15,43/3_Human_Induced,c,2.6799183792805894,0.06853569371296353,9,0,0.46010883190376994,0.46010883190376994,1.1125648314619223,0.07625386721228672,-0.039540734654773244,78.99210303379648,78.99210303379648,0.07625386721228672,0.07625386721228672,-0.039540734654773244,-0.08300197615642185,1979.8749999999927,2009.708333333299,
GWI_anthro,43/3_Human_Induced,c,2.891641896070032,0.07116252139405654,13,0,0.455743338305397,0.455743338305397,1.0216481117151672,0.08347784865130428,-0.04715932633437549,72.53701593177688,72.53701593177686,0.08347784865130428,0.08347784865130428,-0.04715932633437549,-0.09325930695993737,1980.291666666659,2010.2083333332985,
FaIR_nonat_unB,43/1_ERF_FaIR,c,1.927404345476511,0.02823574304938467,56,0,0.1893579072532699,0.1893579072532699,1.5478485582441295,0.04309143717811388,-0.020235536630691605,140.8542188002158,140.8542188002158,0.04309143717811389,0.04066274161103355,-0.0202355366306916,0.008164460355174609,1977.6249999999948,2001.7083333333062,
FaIR_anthro_unB,43/1_ERF_FaIR,c,2.065416445092129,0.025675998185124265,58,23,0.08415906989034219,0.08415906989034219,0.7832610857118117,0.04844542551544018,-0.03367746265221446,71.27675879977487,71.27675879977487,0.04844542551544017,0.04101846761617358,-0.033677462652214454,-0.007286698980786072,1977.374999999995,2003.1249999999716,
