method_name,method_class,c/r,smooth_r,avg_unc.(1se),#q<0.5,#q<0.1,q_min,q_small5,log-likeli,RMS,bias,tlog-l,100log-l,100RMS,75RMS,100bias,bias50,xyear0.5,xyear1.0,xyear1.5
cent20y,42/1_Run_Means,r,1.0,0.02912059589136713,0,0,1.0,1.0,2.6353620337155528,0.0,0.0,408.4811152259107,237.69467098427634,0.0,0.0,0.0,0.0,1970.2916666666645,1996.4583333333073,
GWI_anthro_CGWL,43/3_Human_Induced,c,2.6389455342198085,0.07184056311140478,0,0,0.8347179297153046,0.8347179297153046,1.3591978213098692,0.0618589965752713,-0.05363857726495621,96.50304531300071,96.50304531300071,0.0618589965752713,0.0618589965752713,-0.0536385772649562,-0.0634795093815395,1976.3749999999923,1997.2083333333067,2023.4583333332828
GWI_anthro_SR15,43/3_Human_Induced,c,2.411485971604946,0.06663746499874858,0,0,0.9760574065313867,0.9760574065313867,1.5038296454581146,0.05087321080592523,-0.03940872817945762,106.77190482752613,106.77190482752613,0.050873210805925224,0.05087321080592523,-0.03940872817945761,-0.04837725320678197,1972.8749999999955,1996.6249999999739,2023.1249999999498
GWI_anthro,43/3_Human_Induced,c,2.4858511380418937,0.0684884644356756,0,0,0.9498806801944429,0.9498806801944429,1.4590784314121943,0.054183471188077106,-0.04429374732819199,103.5945686302658,103.5945686302658,0.054183471188077106,0.054183471188077106,-0.04429374732819199,-0.05422272939707784,1972.9583333333287,1996.8749999999736,2023.208333333283
FaIR_nonat_unB,43/1_ERF_FaIR,c,1.9242280188530898,0.030031526745871673,70,37,0.057560148903686534,0.09413761785135334,-1.112801848969656,0.07514719838462539,-0.05487553101932167,-101.2649682562387,-101.26496825623869,0.0751471983846254,0.07070746967190239,-0.05487553101932167,-0.015767285837493317,1975.7083333333262,1995.5416666666415,2019.7083333332862
