method_name,method_class,c/r,smooth_r,avg_unc.(1se),#q<0.5,#q<0.1,q_min,q_small5,log-likeli,RMS,bias,tlog-l,100log-l,100RMS,75RMS,100bias,bias50,xyear0.5,xyear1.0,xyear1.5
cent20y,42/1_Run_Means,r,1.0,0.02923066795693619,0,0,1.0,1.0,2.626956500589366,0.0,0.0,407.1782575913517,238.2868414644597,0.0,0.0,0.0,0.0,1985.0416666666547,2010.2916666666317,
GWI_anthro_CGWL,43/3_Human_Induced,c,2.37936070048435,0.08375515944053179,0,0,0.8625875852546704,0.8625875852546704,1.2879335177357147,0.061550826929174136,-0.009509389775437208,91.44327975923575,91.44327975923575,0.061550826929174136,0.061550826929174136,-0.009509389775437206,0.02628832022080686,1985.2916666666545,2008.8749999999663,
GWI_anthro_SR15,43/3_Human_Induced,c,2.197470326301009,0.07573130537341531,0,0,0.9056566625503506,0.9056566625503506,1.3648054750656766,0.05794379564044501,-0.010110478293306016,96.90118872966305,96.90118872966303,0.05794379564044501,0.05794379564044501,-0.010110478293306016,0.014008631030371595,1986.124999999987,2009.2083333332994,
GWI_anthro,43/3_Human_Induced,c,2.383022409383448,0.07904467596502004,0,0,0.8389903175396383,0.8389903175396383,1.3499210102155115,0.05795320898831485,-0.009434745806326863,95.84439172530132,95.84439172530134,0.05795320898831486,0.05795320898831486,-0.00943474580632686,0.019531298412487772,1985.2083333333212,2009.6249999999657,
FaIR_nonat_unB,43/1_ERF_FaIR,c,5.116904157873816,0.027094928927896986,46,39,3.63878261696661e-21,3.0790374424616384e-20,-997.1527365994082,0.37346577105800777,0.2390248547629147,-90740.89903054615,-90740.89903054615,0.37346577105800777,0.27969782948127875,0.23902485476291468,0.015024250762576468,1985.2083333333212,2010.1249999999652,
FaIR_anthro_unB,43/1_ERF_FaIR,c,4.698153478732966,0.024052520529762898,65,44,1.484321409919797e-25,1.194779788110157e-23,-1517.3957765564287,0.36077860190685684,0.24113934302323015,-138083.015666635,-138083.01566663498,0.3607786019068569,0.27210570538141365,0.24113934302323015,0.027014416157434114,1984.0416666666556,2010.041666666632,
