method_name,method_class,c/r,smooth_r,avg_unc.(1se),#q<0.5,#q<0.1,q_min,q_small5,log-likeli,RMS,bias,tlog-l,100log-l,100RMS,75RMS,100bias,bias50,xyear0.5,xyear1.0,xyear1.5
cent20y,42/1_Run_Means,r,1.0,0.02709727795469347,0,0,1.0,1.0,2.700775597560234,0.0,0.0,418.6202176218362,243.53076000475733,0.0,0.0,0.0,0.0,1984.3749999999886,2010.374999999965,
GWI_anthro_CGWL,43/3_Human_Induced,c,2.7967051202203947,0.07891745969752519,0,0,0.9960121564485842,0.9960121564485842,1.445643882692914,0.037773203689361996,-0.00720553543202766,102.6407156711969,102.6407156711969,0.037773203689361996,0.037773203689361996,-0.00720553543202766,-0.025027433808510337,1985.3749999999877,2014.3749999999613,
GWI_anthro_SR15,43/3_Human_Induced,c,2.550940064171685,0.07112196624113717,0,0,0.9864754293891921,0.9864754293891921,1.4537776829489935,0.04720109934872412,-0.0013025686634022511,103.21821548937854,103.21821548937854,0.04720109934872412,0.04720109934872412,-0.0013025686634022511,-0.025336784578276088,1985.8749999999873,2014.3749999999613,
GWI_anthro,43/3_Human_Induced,c,2.653406191339514,0.07410512876930424,0,0,0.9925230989040476,0.9925230989040476,1.4565906707123009,0.043171393460072566,-0.00292602142821346,103.41793762057335,103.41793762057335,0.043171393460072566,0.043171393460072566,-0.0029260214282134604,-0.02420000441859867,1985.2083333333212,2014.291666666628,
FaIR_nonat_unB,43/1_ERF_FaIR,c,5.264213512110983,0.028096973474490024,44,37,4.651045361439481e-20,5.691956545557426e-17,-707.0568045609652,0.335601496171147,0.20964435374749035,-64342.16921504784,-64342.16921504785,0.33560149617114704,0.2531623200729679,0.20964435374749035,0.005840179882088739,1985.2916666666545,2011.374999999964,
