method_name,method_class,c/r,smooth_r,avg_unc.(1se),#q<0.5,#q<0.1,q_min,q_small5,log-likeli,RMS,bias,tlog-l,100log-l,100RMS,75RMS,100bias,bias50,xyear0.5,xyear1.0,xyear1.5
cent20y,42/1_Run_Means,r,1.0,0.030337384575720924,0,0,1.0,1.0,2.591807828086125,0.0,0.0,401.7302133533494,236.8646862975236,0.0,0.0,0.0,0.0,1985.1249999999816,2010.5416666666251,
lowess1dg20wnc,42/3_ST_Fits,c,3.747117453742026,0.20604348887105925,0,0,0.9999390939178129,0.9999390939178129,0.6333169749374479,0.05417261062151034,-0.009665005922957987,98.16413111530443,43.65739691740147,0.050603563848187295,0.0509329925275369,-0.01307229308540629,-0.03563096756275566,1987.4583333333128,2013.708333333289,
Kal_flexLin,42/5_Kalman,c,5.241316253717413,0.05317657451406971,6,0,0.4469954011006588,0.47061085008412284,1.5369640640372078,0.052206502539401275,-0.01058259409337011,238.2294299257672,150.3039612721205,0.045272252260485674,0.04410207960468488,-0.008655245721706149,-0.024134711813279856,1986.9583333333132,2014.1249999999552,
GAM_AR1,42/4_GAM_AR1,c,6.564171047543063,0.05391780092025295,1,1,0.03341888332906639,0.5796696362148583,1.382206794992671,0.05669204619077084,-0.0020417885372438337,187.98012411900328,128.9979650361717,0.052835172307939576,0.04871053933237637,-0.012936543995789807,-0.02783916903896839,1986.9583333333132,2013.8749999999554,
CGWL10y_sfUKCP,44/44_EarthModel_CGWL,c,5.72023957280446,0.0511195661800523,0,0,0.9911926605504587,0.9911926605504587,1.678905112481253,0.041367920643036495,-0.004259076450258549,245.12014642226296,150.8496303277228,0.040652428575942784,0.03751069193967005,-0.004541541335468852,0.00017376246242520392,1986.6249999999802,2009.9583333332923,
