method_name,method_class,c/r,smooth_r,avg_unc.(1se),#q<0.5,#q<0.1,q_min,q_small5,log-likeli,RMS,bias,tlog-l,100log-l,100RMS,75RMS,100bias,bias50,xyear0.5,xyear1.0,xyear1.5
cent20y,42/1_Run_Means,r,1.0,0.02663438343920396,0,0,1.0,1.0,2.71843345372178,0.0,0.0,421.3571853268759,244.325868198538,0.0,0.0,0.0,0.0,1984.458333333322,2010.6249999999648,
GWI_anthro_CGWL,43/3_Human_Induced,c,2.9616760957903066,0.08020987219113083,0,0,0.9971005237200226,0.9971005237200226,1.5223704519807093,0.026379326996911794,-0.0018011344804770002,108.08830209063036,108.08830209063036,0.026379326996911794,0.026379326996911794,-0.0018011344804770002,-0.006486749155401794,1984.3749999999886,2013.958333333295,
GWI_anthro_SR15,43/3_Human_Induced,c,2.700323397077752,0.0722869356678454,0,0,0.9646860431237215,0.9646860431237215,1.536679385494079,0.037159030475008334,0.0016000978081779627,109.1042363700796,109.10423637007962,0.037159030475008334,0.037159030475008334,0.001600097808177963,-0.011112690875676186,1985.7083333333208,2014.0416666666283,
GWI_anthro,43/3_Human_Induced,c,2.8183190065227226,0.07541004946128635,0,0,0.9638595959694823,0.9638595959694823,1.5365505267368513,0.032304419526704944,0.0008224703128306964,109.09508739831644,109.09508739831645,0.03230441952670495,0.03230441952670495,0.0008224703128306964,-0.008298508602126326,1984.5416666666551,2013.958333333295,
FaIR_nonat_unB,43/1_ERF_FaIR,c,5.302215636445689,0.02836499089287608,46,39,1.5182305914177693e-17,1.5182305914177693e-17,-704.8258837884837,0.34163509172175843,0.22224672196630849,-64139.15542475202,-64139.155424752,0.3416350917217585,0.2557126639976514,0.2222467219663085,0.020082809621112526,1984.6249999999884,2010.6249999999648,
FaIR_anthro_unB,43/1_ERF_FaIR,c,5.3555651707892284,0.024049192578190423,68,47,1.7958382844301672e-22,2.3298923070642637e-21,-1207.1965438668797,0.3259709242970269,0.21975403045800113,-109854.88549188605,-109854.88549188603,0.3259709242970269,0.24574560164585815,0.21975403045800113,0.02921419944783294,1980.2083333333258,2010.6249999999648,
