method_name,method_class,c/r,smooth_r,avg_unc.(1se),#q<0.5,#q<0.1,q_min,q_small5,log-likeli,RMS,bias,tlog-l,100log-l,100RMS,75RMS,100bias,bias50,xyear0.5,xyear1.0,xyear1.5
cent20y,42/1_Run_Means,r,1.0,0.031048178708831305,0,0,1.0,1.0,2.5623480566911647,0.0,0.0,397.16394878713055,234.2222232540824,0.0,0.0,0.0,0.0,1979.2083333333267,2006.3749999999686,
GWI_anthro_CGWL,43/3_Human_Induced,c,2.4402366880888517,0.078396689263352,0,0,0.9940066043020752,0.9940066043020752,1.5338172291626575,0.038473604716192066,0.004797353446241147,108.90102327054868,108.90102327054868,0.038473604716192066,0.038473604716192066,0.004797353446241147,0.017813748034277207,1979.2083333333267,2005.0416666666365,
GWI_anthro_SR15,43/3_Human_Induced,c,2.2233028102919556,0.07119934549119376,0,0,0.9984387319979542,0.9984387319979542,1.5865975161095929,0.03980583275324784,0.007219909863589373,112.6484236437811,112.64842364378111,0.03980583275324784,0.03980583275324784,0.007219909863589373,0.013662497759100879,1980.291666666659,2004.0416666666374,
GWI_anthro,43/3_Human_Induced,c,2.288193577941403,0.0740344208912108,0,0,0.9991569490686028,0.9991569490686028,1.5847191431687253,0.037779018450810845,0.006374205518386656,112.5150591649795,112.51505916497952,0.037779018450810845,0.037779018450810845,0.006374205518386656,0.01592166323610996,1979.8749999999927,2004.7083333333035,
FaIR_nonat_unB,43/1_ERF_FaIR,c,1.7233409432183486,0.027110092266073634,37,0,0.24561403508771928,0.24561403508771928,1.8918828098769993,0.03494707727775797,-0.0063783726752253194,172.16133569880694,172.16133569880697,0.03494707727775797,0.033996443832416894,-0.0063783726752253194,0.009420806762410402,1979.624999999993,2004.1249999999707,
FaIR_anthro_unB,43/1_ERF_FaIR,c,1.4804107522671628,0.024867098854748332,34,0,0.21084080239009817,0.21084080239009817,1.7362781675498533,0.03457392236433688,-0.013944715648759752,158.00131324703665,158.00131324703668,0.03457392236433688,0.0323079014382266,-0.013944715648759752,0.00045602220548262884,1978.8749999999936,2005.7083333333026,
