method_name,method_class,c/r,smooth_r,avg_unc.(1se),#q<0.5,#q<0.1,q_min,q_small5,log-likeli,RMS,bias,tlog-l,100log-l,100RMS,75RMS,100bias,bias50,xyear0.5,xyear1.0,xyear1.5
cent20y,42/1_Run_Means,r,1.0,0.02872403028256469,0,0,1.0,1.0,2.6488892346634088,0.0,0.0,410.57783137282837,241.21801745274738,0.0,0.0,0.0,0.0,1984.458333333322,2011.041666666631,
GWI_anthro_CGWL,43/3_Human_Induced,c,2.5812724236894202,0.06987237401624652,0,0,0.818167937260326,0.818167937260326,1.3963998339848656,0.058463079627677085,-0.051110419926242934,99.14438821292545,99.14438821292546,0.058463079627677085,0.058463079627677085,-0.051110419926242934,-0.05722787076505497,1987.1249999999861,2015.0416666666274,
GWI_anthro_SR15,43/3_Human_Induced,c,2.3685865277502485,0.06494198202529698,0,0,0.9917551134883831,0.9917551134883831,1.520425435841547,0.049612802554667844,-0.03845115826743971,107.95020594474984,107.95020594474983,0.04961280255466785,0.04961280255466785,-0.0384511582674397,-0.0468733431628994,1986.9583333333196,2015.0416666666274,
GWI_anthro,43/3_Human_Induced,c,2.403319866184653,0.06673613982053753,0,0,0.9478221410849016,0.9478221410849016,1.487882626988688,0.05179298457933993,-0.04251632520453756,105.63966651619685,105.63966651619685,0.05179298457933993,0.05179298457933993,-0.042516325204537554,-0.05049347225883189,1986.8749999999864,2014.9583333332941,
FaIR_nonat_unB,43/1_ERF_FaIR,c,4.720198244601422,0.027899819544854133,62,38,1.869057532851993e-21,4.7252499022661416e-21,-1096.8068598696093,0.39440806284689656,0.24307103742245192,-99809.42424813444,-99809.42424813443,0.39440806284689656,0.2914239426452566,0.24307103742245192,0.006001622368821341,1985.0416666666547,2011.8749999999636,
FaIR_anthro_unB,43/1_ERF_FaIR,c,4.953143258928675,0.02453207335431493,49,36,2.939316125307015e-33,8.681067783438269e-29,-1798.7350459512609,0.37371702844014976,0.2246125042052667,-163684.88918156474,-163684.88918156474,0.37371702844014976,0.2780683686378744,0.22461250420526677,-0.00741470828405095,1985.3749999999877,2012.1249999999634,
