method_name,method_class,c/r,smooth_r,avg_unc.(1se),#q<0.5,#q<0.1,q_min,q_small5,log-likeli,RMS,bias,tlog-l,100log-l,100RMS,75RMS,100bias,bias50,xyear0.5,xyear1.0,xyear1.5
cent20y,42/1_Run_Means,r,1.0,0.026903102939263786,0,0,1.0,1.0,2.7092842164265987,0.0,0.0,419.9390535461228,245.52128976621725,0.0,0.0,0.0,0.0,1984.7083333333217,2010.2083333332985,
GWI_anthro_CGWL,43/3_Human_Induced,c,2.7717372039067505,0.0787900770099776,0,0,0.9994511940338906,0.9994511940338906,1.477445377010446,0.03436210240192522,-0.0040351983912932194,104.89862176774167,104.89862176774167,0.03436210240192522,0.03436210240192522,-0.0040351983912932194,-0.01826137000202569,1984.458333333322,2014.2083333332948,
GWI_anthro_SR15,43/3_Human_Induced,c,2.530623285788966,0.07100984524852962,0,0,0.9817029308362533,0.9817029308362533,1.5107660160247771,0.04040217654323122,0.0009855529958570821,107.26438713775917,107.26438713775917,0.04040217654323122,0.04040217654323122,0.000985552995857082,-0.019033689597077335,1985.5416666666542,2014.2083333332948,
GWI_anthro,43/3_Human_Induced,c,2.592592546435181,0.07398289661725231,0,0,0.9971699933752769,0.9971699933752769,1.5020042714254613,0.03763946278101056,-0.0005144443945384325,106.64230327120775,106.64230327120774,0.03763946278101055,0.03763946278101055,-0.0005144443945384325,-0.017836279221223387,1984.458333333322,2014.2083333332948,
FaIR_nonat_unB,43/1_ERF_FaIR,c,5.545518996769724,0.028240396939761665,47,37,2.552127160880897e-18,2.867897159566418e-17,-713.1895489766831,0.3424148676808087,0.22009195673285176,-64900.24895687817,-64900.24895687816,0.3424148676808087,0.2517590821050491,0.22009195673285176,0.016337614272074627,1984.1249999999889,2010.374999999965,
FaIR_anthro_unB,43/1_ERF_FaIR,c,5.161058287049558,0.024173420214482187,52,40,2.7009688460775562e-24,5.06258084318718e-22,-1207.0242311947893,0.322775155492389,0.20769098593180998,-109839.20503872584,-109839.20503872584,0.32277515549238894,0.23904890156354067,0.20769098593180993,0.01406250171102918,1983.6249999999893,2010.9583333332978,
