method_name,method_class,c/r,smooth_r,avg_unc.(1se),#q<0.5,#q<0.1,q_min,q_small5,log-likeli,RMS,bias,tlog-l,100log-l,100RMS,75RMS,100bias,bias50,xyear0.5,xyear1.0,xyear1.5
cent20y,42/1_Run_Means,r,1.0,0.03021889285564636,0,0,1.0,1.0,2.594077316301561,0.0,0.0,402.08198402674196,238.7021870794736,0.0,0.0,0.0,0.0,1985.0416666666547,2010.374999999965,
GWI_anthro_CGWL,43/3_Human_Induced,c,2.4712305358848057,0.08211513777141134,0,0,0.9371830288091539,0.9371830288091539,1.3243031243737529,0.06188947994973618,0.0046676894124901116,94.02552183053645,94.02552183053645,0.06188947994973619,0.06188947994973619,0.0046676894124901116,0.041946104918847225,1982.87499999999,2009.1249999999661,
GWI_anthro_SR15,43/3_Human_Induced,c,2.293208944161665,0.0739034811200755,0,0,0.9140922487905381,0.9140922487905381,1.428966239872727,0.0561355509687641,0.002508904645825285,101.45660303096362,101.45660303096362,0.05613555096876411,0.05613555096876411,0.0025089046458252845,0.02910433985445866,1985.0416666666547,2009.2083333332994,
GWI_anthro,43/3_Human_Induced,c,2.42488639864113,0.07735243459585567,0,0,0.92159240497631,0.92159240497631,1.4017666684191257,0.05745037068247319,0.003334320752967249,99.52543345775793,99.52543345775793,0.05745037068247319,0.05745037068247318,0.0033343207529672493,0.034750948387046766,1983.7083333333226,2009.5416666666324,
FaIR_nonat_unB,43/1_ERF_FaIR,c,4.720414425752124,0.027389655360862304,49,38,2.214776849878705e-26,1.894134168590095e-21,-1134.2111036003218,0.39738195672034005,0.24660489138271707,-103213.21042762928,-103213.21042762927,0.39738195672034005,0.27901062563488543,0.24660489138271707,0.006634317212643952,1985.8749999999873,2010.708333333298,
FaIR_anthro_unB,43/1_ERF_FaIR,c,4.323292139002235,0.024483254115735976,41,35,1.4861244429592685e-27,3.9002326377264354e-25,-1704.5541556194455,0.381253317854766,0.23698858906986434,-155114.42816136955,-155114.42816136955,0.381253317854766,0.2668361686967868,0.23698858906986436,0.0033260523340186325,1985.2083333333212,2011.2083333332976,
